country,iso_code,year,population,co2,co2_per_capita,co2_growth_abs,co2_growth_prct,oil_co2,coal_co2,gas_co2,coal_co2_filled,gas_co2_filled,coal_source,gas_source,oil_source,coal_share,oil_share,gas_share,is_micro_state,is_high_per_capita,fuel_structure_unreliable
Afghanistan,AFG,1992,13278983.0,1.482,0.112,-0.432,-22.58,1.03,0.022,0.363,0.022,0.363,owid,owid,owid,0.015547703180212013,0.7279151943462897,0.2565371024734982,False,False,False
Afghanistan,AFG,1993,14943175.0,1.487,0.1,0.005,0.33,1.048,0.018,0.352,0.018,0.352,owid,owid,owid,0.012693935119887163,0.7390691114245416,0.24823695345557117,False,False,False
Afghanistan,AFG,1994,16250800.0,1.454,0.089,-0.033,-2.227,1.032,0.015,0.338,0.015,0.338,owid,owid,owid,0.010830324909747292,0.7451263537906138,0.24404332129963902,False,False,False
Afghanistan,AFG,1995,17065837.0,1.417,0.083,-0.037,-2.511,1.011,0.015,0.322,0.015,0.322,owid,owid,owid,0.01112759643916914,0.75,0.2388724035608309,False,False,False
Afghanistan,AFG,1996,17763266.0,1.37,0.077,-0.047,-3.332,0.986,0.007,0.308,0.007,0.308,owid,owid,owid,0.005380476556495004,0.7578785549577248,0.2367409684857802,False,False,False
Afghanistan,AFG,1997,18452100.0,1.304,0.071,-0.066,-4.814,0.949,0.004,0.282,0.004,0.282,owid,owid,owid,0.003238866396761134,0.768421052631579,0.22834008097165992,False,False,False
Afghanistan,AFG,1998,19159996.0,1.279,0.067,-0.026,-1.967,0.942,0.004,0.264,0.004,0.264,owid,owid,owid,0.0033057851239669425,0.7785123966942149,0.2181818181818182,False,False,False
Afghanistan,AFG,1999,19887792.0,1.092,0.055,-0.187,-14.616,0.777,0.004,0.242,0.004,0.242,owid,owid,owid,0.0039100684261974585,0.7595307917888562,0.2365591397849462,False,False,False
Afghanistan,AFG,2000,20130334.0,1.047,0.052,-0.045,-4.078,0.788,0.004,0.224,0.004,0.224,owid,owid,owid,0.003937007874015748,0.7755905511811024,0.2204724409448819,False,False,False
Afghanistan,AFG,2001,20284303.0,1.069,0.053,0.022,2.098,0.762,0.07,0.209,0.07,0.209,owid,owid,owid,0.06724303554274735,0.7319884726224783,0.20076849183477422,False,False,False
Afghanistan,AFG,2002,21378123.0,1.341,0.063,0.272,25.439,0.729,0.055,0.546,0.055,0.546,owid,owid,owid,0.041353383458646614,0.5481203007518797,0.4105263157894737,False,False,False
Afghanistan,AFG,2003,22733053.0,1.56,0.069,0.219,16.302,0.993,0.092,0.465,0.092,0.465,owid,owid,owid,0.059354838709677414,0.6406451612903226,0.3,False,False,False
Afghanistan,AFG,2004,23560656.0,1.237,0.053,-0.322,-20.673,0.909,0.092,0.227,0.092,0.227,owid,owid,owid,0.07491856677524429,0.7402280130293158,0.1848534201954397,False,False,False
Afghanistan,AFG,2005,24404575.0,1.89,0.077,0.652,52.719,1.447,0.106,0.33,0.106,0.33,owid,owid,owid,0.0562931492299522,0.7684545937334041,0.17525225703664363,False,False,False
Afghanistan,AFG,2006,25424100.0,2.159,0.085,0.27,14.279,1.657,0.161,0.329,0.161,0.329,owid,owid,owid,0.07498835584536562,0.7717745691662784,0.15323707498835584,False,False,False
Afghanistan,AFG,2007,25909852.0,2.8,0.108,0.641,29.666,1.733,0.747,0.308,0.747,0.308,owid,owid,owid,0.26793400286944047,0.6215925394548064,0.11047345767575323,False,False,False
Afghanistan,AFG,2008,26482631.0,4.254,0.161,1.455,51.951,2.865,1.077,0.297,1.077,0.297,owid,owid,owid,0.254069355980184,0.6758669497523001,0.07006369426751592,False,False,False
Afghanistan,AFG,2009,27466102.0,6.388,0.233,2.134,50.153,4.591,1.513,0.271,1.513,0.271,owid,owid,owid,0.2373333333333333,0.720156862745098,0.04250980392156863,False,False,False
Afghanistan,AFG,2010,28284088.0,8.365,0.296,1.977,30.941,5.833,2.246,0.271,2.246,0.271,owid,owid,owid,0.2689820359281437,0.6985628742514969,0.03245508982035928,False,False,False
Afghanistan,AFG,2011,29347708.0,11.41,0.389,3.045,36.4,7.338,3.749,0.308,3.749,0.308,owid,owid,owid,0.3290039491004827,0.6439666520403686,0.027029398859148752,False,False,False
Afghanistan,AFG,2012,30560036.0,9.731,0.318,-1.678,-14.711,6.573,2.821,0.308,2.821,0.308,owid,owid,owid,0.2907647907647908,0.6774891774891776,0.031746031746031744,False,False,False
Afghanistan,AFG,2013,31622709.0,8.891,0.281,-0.84,-8.63,5.589,2.97,0.297,2.97,0.297,owid,owid,owid,0.33536585365853655,0.6310975609756097,0.033536585365853654,False,False,False
Afghanistan,AFG,2014,32792528.0,8.698,0.265,-0.194,-2.179,5.159,3.239,0.271,3.239,0.271,owid,owid,owid,0.3736301764909447,0.5951090091129311,0.03126081439612412,False,False,False
Afghanistan,AFG,2015,33831767.0,9.384,0.277,0.687,7.896,6.622,2.439,0.282,2.439,0.282,owid,owid,owid,0.2610510542652253,0.708765921010382,0.03018302472439259,False,False,False
Afghanistan,AFG,2016,34700613.0,8.606,0.248,-0.778,-8.295,5.79,2.421,0.319,2.421,0.319,owid,owid,owid,0.2838218053927315,0.678780773739742,0.03739742086752637,False,False,False
Afghanistan,AFG,2017,35688941.0,9.311,0.261,0.705,8.193,6.073,2.893,0.3,2.893,0.3,owid,owid,owid,0.31221670623785874,0.6554068638031513,0.03237642995898985,False,False,False
Afghanistan,AFG,2018,36743040.0,10.192,0.277,0.88,9.456,6.621,3.221,0.293,3.221,0.293,owid,owid,owid,0.3178095707942773,0.6532807104094722,0.028909718796250615,False,False,False
Afghanistan,AFG,2019,37856125.0,10.4,0.275,0.209,2.047,6.843,3.273,0.246,3.273,0.246,owid,owid,owid,0.315865662999421,0.6603937463810076,0.02374059061957151,False,False,False
Afghanistan,AFG,2020,39068977.0,11.119,0.285,0.719,6.909,7.269,3.635,0.154,3.635,0.154,owid,owid,owid,0.32872128775547116,0.6573521432447097,0.013926568999819136,False,False,False
Afghanistan,AFG,2021,40000410.0,9.869,0.247,-1.25,-11.24,6.701,2.993,0.158,2.993,0.158,owid,owid,owid,0.3037961835160374,0.6801664636622007,0.01603735282176208,False,False,False
Albania,ALB,1992,3282506.0,2.517,0.767,-1.773,-41.329,1.416,0.8,0.198,0.8,0.198,owid,owid,owid,0.33140016570008285,0.5865782932891466,0.0820215410107705,False,False,False
Albania,ALB,1993,3277831.0,2.338,0.713,-0.179,-7.116,1.478,0.6,0.157,0.6,0.157,owid,owid,owid,0.2684563758389262,0.6612975391498882,0.07024608501118569,False,False,False
Albania,ALB,1994,3269417.0,1.924,0.588,-0.414,-17.716,1.605,0.169,0.099,0.169,0.099,owid,owid,owid,0.09022957821676456,0.8569140416444208,0.05285638013881474,False,False,False
Albania,ALB,1995,3258573.0,2.089,0.641,0.165,8.59,1.773,0.161,0.051,0.161,0.051,owid,owid,owid,0.08110831234256928,0.8931989924433249,0.025692695214105794,False,False,False
Albania,ALB,1996,3245680.0,2.018,0.622,-0.072,-3.425,1.755,0.114,0.044,0.114,0.044,owid,owid,owid,0.059592263460533194,0.9174072138003135,0.02300052273915316,False,False,False
Albania,ALB,1997,3229665.0,1.543,0.478,-0.474,-23.519,1.411,0.044,0.037,0.044,0.037,owid,owid,owid,0.029490616621983913,0.9457104557640751,0.024798927613941018,False,False,False
Albania,ALB,1998,3210134.0,1.755,0.547,0.212,13.72,1.623,0.055,0.033,0.055,0.033,owid,owid,owid,0.032144944476914086,0.9485680888369376,0.019286966686148453,False,False,False
Albania,ALB,1999,3188598.0,2.986,0.937,1.231,70.182,2.792,0.11,0.029,0.11,0.029,owid,owid,owid,0.03752985329239168,0.9525759126577961,0.009894234049812352,False,False,False
Albania,ALB,2000,3166147.0,3.025,0.955,0.039,1.297,2.84,0.07,0.022,0.07,0.022,owid,owid,owid,0.023874488403819925,0.9686221009549797,0.007503410641200547,False,False,False
Albania,ALB,2001,3147943.0,3.221,1.023,0.196,6.471,3.125,0.081,0.015,0.081,0.015,owid,owid,owid,0.025147469729897547,0.9701955914312325,0.004656938838869916,False,False,False
Albania,ALB,2002,3134095.0,3.748,1.196,0.528,16.382,3.638,0.084,0.026,0.084,0.026,owid,owid,owid,0.0224119530416222,0.9706510138740662,0.006937033084311633,False,False,False
Albania,ALB,2003,3118093.0,4.303,1.38,0.555,14.813,3.891,0.084,0.026,0.084,0.026,owid,owid,owid,0.020994751312171957,0.9725068732816795,0.006498375406148462,False,False,False
Albania,ALB,2004,3098662.0,4.177,1.348,-0.127,-2.947,3.759,0.084,0.033,0.084,0.033,owid,owid,owid,0.021671826625386997,0.9698142414860681,0.008513931888544893,False,False,False
Albania,ALB,2005,3076156.0,4.261,1.385,0.085,2.029,3.91,0.073,0.022,0.073,0.022,owid,owid,owid,0.01822721598002497,0.9762796504369539,0.005493133583021223,False,False,False
Albania,ALB,2006,3050805.0,3.911,1.282,-0.351,-8.23,3.54,0.073,0.022,0.073,0.022,owid,owid,owid,0.020082530949105913,0.9738651994497938,0.006052269601100412,False,False,False
Albania,ALB,2007,3022887.0,4.004,1.324,0.093,2.375,3.43,0.073,0.033,0.073,0.033,owid,owid,owid,0.020644796380090497,0.9700226244343891,0.009332579185520362,False,False,False
Albania,ALB,2008,2992933.0,4.448,1.486,0.445,11.109,3.847,0.103,0.015,0.103,0.015,owid,owid,owid,0.02597730138713745,0.9702395964691046,0.003783102143757881,False,False,False
Albania,ALB,2009,2961487.0,4.37,1.476,-0.078,-1.763,3.36,0.407,0.018,0.407,0.018,owid,owid,owid,0.10752972258916776,0.8877146631439895,0.0047556142668428005,False,False,False
Albania,ALB,2010,2928731.0,4.817,1.645,0.447,10.227,3.506,0.447,0.026,0.447,0.026,owid,owid,owid,0.1123397838652928,0.8811259110329228,0.006534305101784368,False,False,False
Albania,ALB,2011,2911499.0,5.175,1.778,0.359,7.445,3.583,0.586,0.029,0.586,0.029,owid,owid,owid,0.1395902810862315,0.8535016674606956,0.006908051453072892,False,False,False
Albania,ALB,2012,2910003.0,4.93,1.694,-0.245,-4.742,3.175,0.686,0.029,0.686,0.029,owid,owid,owid,0.17634961439588692,0.8161953727506427,0.007455012853470438,False,False,False
Albania,ALB,2013,2907571.0,5.346,1.839,0.416,8.44,3.338,0.846,0.033,0.846,0.033,owid,owid,owid,0.20061655205122123,0.7915579796063551,0.007825468342423524,False,False,False
Albania,ALB,2014,2903748.0,6.072,2.091,0.726,13.587,3.862,1.096,0.059,1.096,0.059,owid,owid,owid,0.21845724536575642,0.7697827386884593,0.011760015945784331,False,False,False
Albania,ALB,2015,2898634.0,4.712,1.626,-1.36,-22.402,3.338,0.322,0.062,0.322,0.062,owid,owid,owid,0.08651262761955938,0.8968296614723267,0.016657710908113917,False,False,False
Albania,ALB,2016,2897868.0,4.555,1.572,-0.157,-3.334,3.364,0.191,0.081,0.191,0.081,owid,owid,owid,0.05253025302530254,0.9251925192519252,0.02227722772277228,False,False,False
Albania,ALB,2017,2898245.0,5.344,1.844,0.789,17.316,3.778,0.44,0.084,0.44,0.084,owid,owid,owid,0.10227801022780103,0.8781961878196188,0.019525801952580198,False,False,False
Albania,ALB,2018,2894229.0,5.195,1.795,-0.149,-2.787,3.333,0.847,0.073,0.847,0.073,owid,owid,owid,0.19915353867857982,0.7836821067481777,0.017164354573242415,False,False,False
Albania,ALB,2019,2885011.0,4.941,1.712,-0.254,-4.896,3.426,0.451,0.132,0.451,0.132,owid,owid,owid,0.11249688201546519,0.8545772012970815,0.032925916687453226,False,False,False
Albania,ALB,2020,2871950.0,4.865,1.694,-0.075,-1.528,2.876,0.572,0.095,0.572,0.095,owid,owid,owid,0.1614451030200395,0.8117414620378209,0.02681343494213943,False,False,False
Albania,ALB,2021,2849641.0,5.137,1.803,0.272,5.59,2.862,0.861,0.103,0.861,0.103,owid,owid,owid,0.22503920543648717,0.7480397281756404,0.02692106638787245,False,False,False
Algeria,DZA,1992,26628570.0,79.284,2.977,1.308,1.678,28.678,2.378,31.932,2.378,31.932,owid,owid,owid,0.037753222836095765,0.4552930716961961,0.5069537054677081,False,False,False
Algeria,DZA,1993,27277042.0,81.306,2.981,2.022,2.55,27.993,1.924,36.098,1.924,36.098,owid,owid,owid,0.029144891312580475,0.4240399909111565,0.5468151177762629,False,False,False
Algeria,DZA,1994,27887277.0,87.848,3.15,6.543,8.047,30.45,2.286,37.386,2.286,37.386,owid,owid,owid,0.0326003251475999,0.43424317617866004,0.53315649867374,False,False,False
Algeria,DZA,1995,28470194.0,95.906,3.369,8.057,9.172,27.081,1.935,47.222,1.935,47.222,owid,owid,owid,0.025381043574070675,0.3552165586715286,0.6194023977544008,False,False,False
Algeria,DZA,1996,29033045.0,99.56,3.429,3.654,3.81,27.407,1.407,50.567,1.407,50.567,owid,owid,owid,0.017724644436326074,0.3452589410564241,0.6370164145072499,False,False,False
Algeria,DZA,1997,29579299.0,87.517,2.959,-12.043,-12.096,30.019,1.381,39.007,1.381,39.007,owid,owid,owid,0.019614526964648403,0.4263638558666042,0.5540216171687474,False,False,False
Algeria,DZA,1998,30054135.0,105.74,3.518,18.223,20.823,33.09,2.11,54.641,2.11,54.641,owid,owid,owid,0.023485936265179592,0.3683173606705179,0.6081967030643024,False,False,False
Algeria,DZA,1999,30474360.0,90.613,2.973,-15.127,-14.306,22.188,2.173,50.92,2.173,50.92,owid,owid,owid,0.028865185106467767,0.29473572348932664,0.6763990914042055,False,False,False
Algeria,DZA,2000,30903894.0,84.552,2.736,-6.06,-6.688,26.828,1.96,38.534,1.96,38.534,owid,owid,owid,0.029113811235554496,0.3985027182793143,0.5723834704851312,False,False,False
Algeria,DZA,2001,31331226.0,86.019,2.745,1.467,1.735,28.458,2.096,41.029,2.096,41.029,owid,owid,owid,0.029280695137113563,0.39755249151334815,0.5731668133495383,False,False,False
Algeria,DZA,2002,31750832.0,89.658,2.824,3.639,4.231,29.495,2.609,44.653,2.609,44.653,owid,owid,owid,0.033990385241736906,0.38426462733040634,0.5817449874278567,False,False,False
Algeria,DZA,2003,32175813.0,94.078,2.924,4.42,4.929,31.943,2.788,44.027,2.788,44.027,owid,owid,owid,0.035399578455521975,0.40558419462149875,0.5590162269229791,False,False,False
Algeria,DZA,2004,32628286.0,90.853,2.784,-3.225,-3.428,32.818,1.924,41.209,1.924,41.209,owid,owid,owid,0.025332122026043107,0.43209437663756894,0.542573501336388,False,False,False
Algeria,DZA,2005,33109258.0,109.564,3.309,18.712,20.596,31.052,2.363,61.211,2.363,61.211,owid,owid,owid,0.02497199501194175,0.3281550525225625,0.6468729524654957,False,False,False
Algeria,DZA,2006,33623505.0,103.798,3.087,-5.767,-5.263,35.233,2.7,49.306,2.7,49.306,owid,owid,owid,0.030949460676990795,0.4038675363083024,0.5651830030147067,False,False,False
Algeria,DZA,2007,34189420.0,107.549,3.146,3.751,3.614,38.322,3.012,51.076,3.012,51.076,owid,owid,owid,0.03259387512174007,0.4146953792879559,0.5527107455903041,False,False,False
Algeria,DZA,2008,34816963.0,108.596,3.119,1.047,0.974,37.363,3.008,51.551,3.008,51.551,owid,owid,owid,0.03272339592263006,0.406464176149344,0.560812427928026,False,False,False
Algeria,DZA,2009,35490442.0,116.328,3.278,7.732,7.12,44.891,1.594,54.894,1.594,54.894,owid,owid,owid,0.01572317738387635,0.44280373647402327,0.5414730861421004,False,False,False
Algeria,DZA,2010,36188237.0,117.847,3.257,1.519,1.306,45.365,1.216,53.368,1.216,53.368,owid,owid,owid,0.012166204764429858,0.4538814795545728,0.5339523156809972,False,False,False
Algeria,DZA,2011,36903374.0,124.715,3.38,6.868,5.828,46.92,1.121,56.721,1.121,56.721,owid,owid,owid,0.010700444817777438,0.44787232011607264,0.5414272350661499,False,False,False
Algeria,DZA,2012,37646165.0,135.593,3.602,10.878,8.722,48.541,1.107,64.116,1.107,64.116,owid,owid,owid,0.009730670510882177,0.4266815512816005,0.5635877782075174,False,False,False
Algeria,DZA,2013,38414176.0,141.534,3.684,5.941,4.381,52.018,0.777,65.45,0.777,65.45,owid,owid,owid,0.006571102372193327,0.4399171212313417,0.553511776396465,False,False,False
Algeria,DZA,2014,39205035.0,152.435,3.888,10.9,7.702,53.582,0.579,73.833,0.579,73.833,owid,owid,owid,0.004523649546072472,0.4186289982342922,0.5768473522196352,False,False,False
Algeria,DZA,2015,40019528.0,160.322,4.006,7.887,5.174,55.59,0.535,78.769,0.535,78.769,owid,owid,owid,0.003966077067919996,0.4121013536554628,0.5839325692766172,False,False,False
Algeria,DZA,2016,40850719.0,158.308,3.875,-2.013,-1.256,54.628,0.0,78.679,0.0,78.679,owid,owid,owid,0.0,0.40979093370940756,0.5902090662905923,False,False,False
Algeria,DZA,2017,41689302.0,165.252,3.964,6.943,4.386,55.324,0.923,82.354,0.923,82.354,owid,owid,owid,0.006659403611806553,0.39916017921948616,0.5941804171687073,False,False,False
Algeria,DZA,2018,42505033.0,174.461,4.104,9.21,5.573,56.231,1.546,88.889,1.546,88.889,owid,owid,owid,0.01054095700435002,0.3833949245223842,0.6060641184732658,False,False,False
Algeria,DZA,2019,43294551.0,182.425,4.214,7.964,4.565,59.637,1.275,91.998,1.275,91.998,owid,owid,owid,0.008338238179321169,0.39001373356876595,0.6016480282519129,False,False,False
Algeria,DZA,2020,44042094.0,171.139,3.886,-11.286,-6.187,54.13,0.575,87.026,0.575,87.026,owid,owid,owid,0.004056981182662932,0.38192068072616436,0.6140223380911727,False,False,False
Algeria,DZA,2021,44761099.0,182.036,4.067,10.897,6.368,57.343,1.176,96.259,1.176,96.259,owid,owid,owid,0.00759797904094897,0.37048546951117084,0.6219165514478802,False,False,False
Andorra,AND,1992,60217.0,0.403,6.693,0.0,0.0,0.403,0.0,0.0,0.0,0.0,owid,gcb,owid,0.0,1.0,0.0,False,False,False
Andorra,AND,1993,63293.0,0.407,6.426,0.004,0.909,0.407,0.0,0.0,0.0,0.0,owid,gcb,owid,0.0,1.0,0.0,False,False,False
Andorra,AND,1994,64631.0,0.403,6.236,-0.004,-0.901,0.403,0.0,0.0,0.0,0.0,owid,gcb,owid,0.0,1.0,0.0,False,False,False
Andorra,AND,1995,63936.0,0.425,6.648,0.022,5.455,0.425,0.0,0.0,0.0,0.0,owid,gcb,owid,0.0,1.0,0.0,False,False,False
Andorra,AND,1996,64006.0,0.454,7.098,0.029,6.897,0.454,0.0,0.0,0.0,0.0,owid,gcb,owid,0.0,1.0,0.0,False,False,False
Andorra,AND,1997,64722.0,0.465,7.19,0.011,2.419,0.465,0.0,0.0,0.0,0.0,owid,gcb,owid,0.0,1.0,0.0,False,False,False
Andorra,AND,1998,65400.0,0.491,7.507,0.026,5.512,0.491,0.0,0.0,0.0,0.0,owid,gcb,owid,0.0,1.0,0.0,False,False,False
Andorra,AND,1999,65732.0,0.513,7.804,0.022,4.478,0.513,0.0,0.0,0.0,0.0,owid,gcb,owid,0.0,1.0,0.0,False,False,False
Andorra,AND,2000,65703.0,0.524,7.975,0.011,2.143,0.524,0.0,0.0,0.0,0.0,owid,gcb,owid,0.0,1.0,0.0,False,False,False
Andorra,AND,2001,65874.0,0.524,7.954,0.0,0.0,0.524,0.0,0.0,0.0,0.0,owid,gcb,owid,0.0,1.0,0.0,False,False,False
Andorra,AND,2002,66528.0,0.531,7.986,0.007,1.399,0.531,0.0,0.0,0.0,0.0,owid,gcb,owid,0.0,1.0,0.0,False,False,False
Andorra,AND,2003,69507.0,0.535,7.696,0.004,0.69,0.535,0.0,0.0,0.0,0.0,owid,gcb,owid,0.0,1.0,0.0,False,False,False
Andorra,AND,2004,74342.0,0.564,7.59,0.029,5.479,0.564,0.0,0.0,0.0,0.0,owid,gcb,owid,0.0,1.0,0.0,False,False,False
Andorra,AND,2005,77436.0,0.579,7.476,0.015,2.597,0.579,0.0,0.0,0.0,0.0,owid,gcb,owid,0.0,1.0,0.0,False,False,False
Andorra,AND,2006,79609.0,0.546,6.858,-0.033,-5.696,0.546,0.0,0.0,0.0,0.0,owid,gcb,owid,0.0,1.0,0.0,False,False,False
Andorra,AND,2007,81901.0,0.539,6.576,-0.007,-1.342,0.539,0.0,0.0,0.0,0.0,owid,gcb,owid,0.0,1.0,0.0,False,False,False
Andorra,AND,2008,83513.0,0.539,6.449,0.0,0.0,0.539,0.0,0.0,0.0,0.0,owid,gcb,owid,0.0,1.0,0.0,False,False,False
Andorra,AND,2009,83907.0,0.517,6.157,-0.022,-4.082,0.517,0.0,0.0,0.0,0.0,owid,gcb,owid,0.0,1.0,0.0,False,False,False
Andorra,AND,2010,80727.0,0.517,6.4,0.0,0.0,0.517,0.0,0.0,0.0,0.0,owid,gcb,owid,0.0,1.0,0.0,False,False,False
Andorra,AND,2011,77801.0,0.491,6.311,-0.026,-4.965,0.491,0.0,0.0,0.0,0.0,owid,gcb,owid,0.0,1.0,0.0,False,False,False
Andorra,AND,2012,76858.0,0.487,6.34,-0.004,-0.746,0.487,0.0,0.0,0.0,0.0,owid,gcb,owid,0.0,1.0,0.0,False,False,False
Andorra,AND,2013,75220.0,0.476,6.332,-0.011,-2.256,0.476,0.0,0.0,0.0,0.0,owid,gcb,owid,0.0,1.0,0.0,False,False,False
Andorra,AND,2014,73755.0,0.462,6.259,-0.015,-3.077,0.462,0.0,0.0,0.0,0.0,owid,gcb,owid,0.0,1.0,0.0,False,False,False
Andorra,AND,2015,72195.0,0.465,6.445,0.004,0.794,0.465,0.0,0.0,0.0,0.0,owid,gcb,owid,0.0,1.0,0.0,False,False,False
Andorra,AND,2016,72197.0,0.473,6.547,0.007,1.575,0.473,0.0,0.0,0.0,0.0,owid,gcb,owid,0.0,1.0,0.0,False,False,False
Andorra,AND,2017,73780.0,0.473,6.406,0.0,0.0,0.469,0.0,0.004,0.0,0.004,owid,owid,owid,0.0,0.9915433403805497,0.008456659619450317,False,False,False
Andorra,AND,2018,75181.0,0.498,6.628,0.026,5.426,0.495,0.0,0.004,0.0,0.004,owid,owid,owid,0.0,0.9919839679358717,0.008016032064128256,False,False,False
Andorra,AND,2019,76492.0,0.491,6.419,-0.007,-1.471,0.487,0.0,0.004,0.0,0.004,owid,owid,owid,0.0,0.9918533604887984,0.00814663951120163,False,False,False
Andorra,AND,2020,77397.0,0.377,4.876,-0.114,-23.134,0.374,0.0,0.004,0.0,0.004,owid,owid,owid,0.0,0.9894179894179894,0.010582010582010581,False,False,False
Andorra,AND,2021,78379.0,0.414,5.282,0.037,9.709,0.407,0.0,0.007,0.0,0.007,owid,owid,owid,0.0,0.9830917874396136,0.016908212560386476,False,False,False
Angola,AGO,1992,12423717.0,5.164,0.416,0.1,1.982,2.29,0.0,1.066,0.0,1.066,gcb,owid,owid,0.0,0.6823599523241956,0.31764004767580456,False,False,False
Angola,AGO,1993,12827136.0,5.748,0.448,0.584,11.307,2.968,0.0,1.048,0.0,1.048,gcb,owid,owid,0.0,0.7390438247011952,0.26095617529880477,False,False,False
Angola,AGO,1994,13249763.0,11.353,0.857,5.605,97.503,3.465,0.0,0.972,0.0,0.972,gcb,owid,owid,0.0,0.7809330628803246,0.21906693711967548,False,False,False
Angola,AGO,1995,13699780.0,12.617,0.921,1.263,11.128,3.012,0.0,1.048,0.0,1.048,gcb,owid,owid,0.0,0.741871921182266,0.258128078817734,False,False,False
Angola,AGO,1996,14170973.0,15.249,1.076,2.632,20.864,3.268,0.0,1.048,0.0,1.048,gcb,owid,owid,0.0,0.7571825764596849,0.24281742354031513,False,False,False
Angola,AGO,1997,14660419.0,15.884,1.083,0.635,4.166,3.331,0.0,1.066,0.0,1.066,gcb,owid,owid,0.0,0.7575619740732317,0.24243802592676825,False,False,False
Angola,AGO,1998,15159378.0,16.513,1.089,0.629,3.96,2.763,0.0,1.085,0.0,1.085,gcb,owid,owid,0.0,0.718035343035343,0.28196465696465695,False,False,False
Angola,AGO,1999,15667235.0,17.261,1.102,0.748,4.53,3.708,0.0,1.048,0.0,1.048,gcb,owid,owid,0.0,0.7796467619848613,0.22035323801513876,False,False,False
Angola,AGO,2000,16194873.0,15.995,0.988,-1.266,-7.335,3.668,0.0,1.085,0.0,1.085,gcb,owid,owid,0.0,0.7717231222385862,0.22827687776141384,False,False,False
Angola,AGO,2001,16747204.0,15.908,0.95,-0.087,-0.542,4.302,0.0,0.989,0.0,0.989,gcb,owid,owid,0.0,0.8130788130788131,0.18692118692118695,False,False,False
Angola,AGO,2002,17327701.0,16.08,0.928,0.172,1.078,5.02,0.0,1.158,0.0,1.158,gcb,owid,owid,0.0,0.8125606992554225,0.18743930074457754,False,False,False
Angola,AGO,2003,17943718.0,17.484,0.974,1.404,8.734,6.837,0.0,1.216,0.0,1.216,gcb,owid,owid,0.0,0.8490003725319757,0.15099962746802437,False,False,False
Angola,AGO,2004,18600426.0,17.016,0.915,-0.469,-2.681,6.108,0.0,1.44,0.0,1.44,gcb,owid,owid,0.0,0.8092209856915739,0.19077901430842606,False,False,False
Angola,AGO,2005,19291160.0,15.387,0.798,-1.629,-9.573,4.734,0.0,1.249,0.0,1.249,gcb,owid,owid,0.0,0.7912418519137555,0.20875814808624435,False,False,False
Angola,AGO,2006,20015281.0,17.145,0.857,1.758,11.425,7.757,0.0,1.304,0.0,1.304,gcb,owid,owid,0.0,0.8560865246661516,0.14391347533384838,False,False,False
Angola,AGO,2007,20778570.0,17.588,0.846,0.443,2.584,8.801,0.0,1.594,0.0,1.594,gcb,owid,owid,0.0,0.8466570466570467,0.15334295334295336,False,False,False
Angola,AGO,2008,21578656.0,18.75,0.869,1.162,6.608,10.219,0.0,1.271,0.0,1.271,gcb,owid,owid,0.0,0.8893820713664057,0.11061792863359443,False,False,False
Angola,AGO,2009,22414775.0,20.668,0.922,1.918,10.23,12.296,0.0,1.29,0.0,1.29,gcb,owid,owid,0.0,0.9050493154718092,0.0949506845281908,False,False,False
Angola,AGO,2010,23294822.0,22.983,0.987,2.315,11.201,13.37,0.0,1.37,0.0,1.37,gcb,owid,owid,0.0,0.907055630936228,0.09294436906377207,False,False,False
Angola,AGO,2011,24218358.0,23.397,0.966,0.414,1.8,14.345,0.0,1.403,0.0,1.403,gcb,owid,owid,0.0,0.9109093218186436,0.08909067818135635,False,False,False
Angola,AGO,2012,25177398.0,25.941,1.03,2.544,10.873,17.268,0.0,1.422,0.0,1.422,gcb,owid,owid,0.0,0.923916532905297,0.07608346709470304,False,False,False
Angola,AGO,2013,26165616.0,25.71,0.983,-0.231,-0.891,17.441,0.0,0.766,0.0,0.766,gcb,owid,owid,0.0,0.9579282693469544,0.04207173065304553,False,False,False
Angola,AGO,2014,27160767.0,26.092,0.961,0.382,1.487,16.977,0.0,0.579,0.0,0.579,gcb,owid,owid,0.0,0.9670198222829801,0.03298017771701982,False,False,False
Angola,AGO,2015,28157802.0,27.505,0.977,1.413,5.416,16.167,0.0,1.44,0.0,1.44,gcb,owid,owid,0.0,0.9182143465667064,0.08178565343329355,False,False,False
Angola,AGO,2016,29183072.0,25.466,0.873,-2.04,-7.415,14.172,0.0,1.495,0.0,1.495,gcb,owid,owid,0.0,0.904576498372375,0.09542350162762495,False,False,False
Angola,AGO,2017,30234836.0,23.601,0.781,-1.865,-7.322,13.888,0.0,1.572,0.0,1.572,gcb,owid,owid,0.0,0.8983182406209572,0.10168175937904268,False,False,False
Angola,AGO,2018,31297160.0,23.278,0.744,-0.323,-1.368,15.411,0.0,1.608,0.0,1.608,gcb,owid,owid,0.0,0.9055173629472942,0.09448263705270582,False,False,False
Angola,AGO,2019,32375633.0,22.21,0.686,-1.068,-4.588,14.286,0.0,2.429,0.0,2.429,gcb,owid,owid,0.0,0.8546814238707747,0.14531857612922525,False,False,False
Angola,AGO,2020,33451139.0,16.549,0.495,-5.661,-25.487,9.468,0.0,2.488,0.0,2.488,gcb,owid,owid,0.0,0.7919036467045835,0.20809635329541654,False,False,False
Angola,AGO,2021,34532427.0,19.219,0.557,2.669,16.129,12.282,0.0,2.466,0.0,2.466,gcb,owid,owid,0.0,0.8327908868999185,0.16720911310008138,False,False,False
Anguilla,AIA,1992,9005.0,0.048,5.29,0.004,8.333,0.048,0.0,0.0,0.0,0.0,gcb,gcb,owid,0.0,1.0,0.0,True,False,False
Anguilla,AIA,1993,9252.0,0.055,5.94,0.007,15.385,0.055,0.0,0.0,0.0,0.0,gcb,gcb,owid,0.0,1.0,0.0,True,False,False
Anguilla,AIA,1994,9489.0,0.055,5.792,0.0,0.0,0.055,0.0,0.0,0.0,0.0,gcb,gcb,owid,0.0,1.0,0.0,True,False,False
Anguilla,AIA,1995,9738.0,0.055,5.644,0.0,0.0,0.055,0.0,0.0,0.0,0.0,gcb,gcb,owid,0.0,1.0,0.0,True,False,False
Anguilla,AIA,1996,10000.0,0.059,5.862,0.004,6.667,0.059,0.0,0.0,0.0,0.0,gcb,gcb,owid,0.0,1.0,0.0,True,False,False
Anguilla,AIA,1997,10278.0,0.059,5.704,0.0,0.0,0.059,0.0,0.0,0.0,0.0,gcb,gcb,owid,0.0,1.0,0.0,True,False,False
Anguilla,AIA,1998,10557.0,0.066,6.247,0.007,12.5,0.066,0.0,0.0,0.0,0.0,gcb,gcb,owid,0.0,1.0,0.0,True,False,False
Anguilla,AIA,1999,10864.0,0.07,6.408,0.004,5.556,0.07,0.0,0.0,0.0,0.0,gcb,gcb,owid,0.0,1.0,0.0,True,False,False
Anguilla,AIA,2000,11196.0,0.081,7.2,0.011,15.789,0.081,0.0,0.0,0.0,0.0,gcb,gcb,owid,0.0,1.0,0.0,True,False,False
Anguilla,AIA,2001,11497.0,0.084,7.33,0.004,4.545,0.084,0.0,0.0,0.0,0.0,gcb,gcb,owid,0.0,1.0,0.0,True,False,False
Anguilla,AIA,2002,11714.0,0.084,7.194,0.0,0.0,0.084,0.0,0.0,0.0,0.0,gcb,gcb,owid,0.0,1.0,0.0,True,False,False
Anguilla,AIA,2003,11903.0,0.088,7.388,0.004,4.348,0.088,0.0,0.0,0.0,0.0,gcb,gcb,owid,0.0,1.0,0.0,True,False,False
Anguilla,AIA,2004,12092.0,0.099,8.181,0.011,12.5,0.099,0.0,0.0,0.0,0.0,gcb,gcb,owid,0.0,1.0,0.0,True,False,False
Anguilla,AIA,2005,12290.0,0.11,8.944,0.011,11.111,0.11,0.0,0.0,0.0,0.0,gcb,gcb,owid,0.0,1.0,0.0,True,False,False
Anguilla,AIA,2006,12493.0,0.121,9.678,0.011,10.0,0.121,0.0,0.0,0.0,0.0,gcb,gcb,owid,0.0,1.0,0.0,True,False,False
Anguilla,AIA,2007,12697.0,0.125,9.811,0.004,3.03,0.125,0.0,0.0,0.0,0.0,gcb,gcb,owid,0.0,1.0,0.0,True,False,False
Anguilla,AIA,2008,12911.0,0.125,9.649,0.0,0.0,0.125,0.0,0.0,0.0,0.0,gcb,gcb,owid,0.0,1.0,0.0,True,False,False
Anguilla,AIA,2009,13138.0,0.125,9.482,0.0,0.0,0.125,0.0,0.0,0.0,0.0,gcb,gcb,owid,0.0,1.0,0.0,True,False,False
Anguilla,AIA,2010,13372.0,0.128,9.59,0.004,2.941,0.128,0.0,0.0,0.0,0.0,gcb,gcb,owid,0.0,1.0,0.0,True,False,False
Anguilla,AIA,2011,13593.0,0.125,9.165,-0.004,-2.857,0.125,0.0,0.0,0.0,0.0,gcb,gcb,owid,0.0,1.0,0.0,True,False,False
Anguilla,AIA,2012,13401.0,0.121,9.023,-0.004,-2.941,0.121,0.0,0.0,0.0,0.0,gcb,gcb,owid,0.0,1.0,0.0,True,False,False
Anguilla,AIA,2013,13272.0,0.114,8.558,-0.007,-6.061,0.114,0.0,0.0,0.0,0.0,gcb,gcb,owid,0.0,1.0,0.0,True,False,False
Anguilla,AIA,2014,13748.0,0.121,8.795,0.007,6.452,0.121,0.0,0.0,0.0,0.0,gcb,gcb,owid,0.0,1.0,0.0,True,False,False
Anguilla,AIA,2015,14235.0,0.136,9.524,0.015,12.121,0.136,0.0,0.0,0.0,0.0,gcb,gcb,owid,0.0,1.0,0.0,True,False,False
Anguilla,AIA,2016,14344.0,0.139,9.707,0.004,2.703,0.139,0.0,0.0,0.0,0.0,gcb,gcb,owid,0.0,1.0,0.0,True,False,False
Anguilla,AIA,2017,14450.0,0.128,8.875,-0.011,-7.895,0.128,0.0,0.0,0.0,0.0,gcb,gcb,owid,0.0,1.0,0.0,True,False,False
Anguilla,AIA,2018,14747.0,0.132,8.944,0.004,2.857,0.132,0.0,0.0,0.0,0.0,gcb,gcb,owid,0.0,1.0,0.0,True,False,False
Anguilla,AIA,2019,14845.0,0.143,9.626,0.011,8.333,0.143,0.0,0.0,0.0,0.0,gcb,gcb,owid,0.0,1.0,0.0,True,False,False
Anguilla,AIA,2020,14864.0,0.136,9.121,-0.007,-5.128,0.136,0.0,0.0,0.0,0.0,gcb,gcb,owid,0.0,1.0,0.0,True,False,False
Anguilla,AIA,2021,14503.0,0.139,9.6,0.004,2.703,0.139,0.0,0.0,0.0,0.0,gcb,gcb,owid,0.0,1.0,0.0,True,False,False
Antigua and Barbuda,ATG,1992,64422.0,0.249,3.867,0.0,0.0,0.249,0.0,0.0,0.0,0.0,gcb,gcb,owid,0.0,1.0,0.0,False,False,False
Antigua and Barbuda,ATG,1993,65601.0,0.256,3.91,0.007,2.941,0.256,0.0,0.0,0.0,0.0,gcb,gcb,owid,0.0,1.0,0.0,False,False,False
Antigua and Barbuda,ATG,1994,66860.0,0.267,4.0,0.011,4.286,0.267,0.0,0.0,0.0,0.0,gcb,gcb,owid,0.0,1.0,0.0,False,False,False
Antigua and Barbuda,ATG,1995,68210.0,0.271,3.975,0.004,1.37,0.271,0.0,0.0,0.0,0.0,gcb,gcb,owid,0.0,1.0,0.0,False,False,False
Antigua and Barbuda,ATG,1996,69629.0,0.286,4.104,0.015,5.405,0.286,0.0,0.0,0.0,0.0,gcb,gcb,owid,0.0,1.0,0.0,False,False,False
Antigua and Barbuda,ATG,1997,71071.0,0.308,4.331,0.022,7.692,0.308,0.0,0.0,0.0,0.0,gcb,gcb,owid,0.0,1.0,0.0,False,False,False
Antigua and Barbuda,ATG,1998,72430.0,0.322,4.452,0.015,4.762,0.322,0.0,0.0,0.0,0.0,gcb,gcb,owid,0.0,1.0,0.0,False,False,False
Antigua and Barbuda,ATG,1999,73681.0,0.344,4.674,0.022,6.818,0.344,0.0,0.0,0.0,0.0,gcb,gcb,owid,0.0,1.0,0.0,False,False,False
Antigua and Barbuda,ATG,2000,74929.0,0.355,4.743,0.011,3.191,0.355,0.0,0.0,0.0,0.0,gcb,gcb,owid,0.0,1.0,0.0,False,False,False
Antigua and Barbuda,ATG,2001,76082.0,0.374,4.912,0.018,5.155,0.374,0.0,0.0,0.0,0.0,gcb,gcb,owid,0.0,1.0,0.0,False,False,False
Antigua and Barbuda,ATG,2002,77049.0,0.403,5.231,0.029,7.843,0.403,0.0,0.0,0.0,0.0,gcb,gcb,owid,0.0,1.0,0.0,False,False,False
Antigua and Barbuda,ATG,2003,77896.0,0.432,5.55,0.029,7.273,0.432,0.0,0.0,0.0,0.0,gcb,gcb,owid,0.0,1.0,0.0,False,False,False
Antigua and Barbuda,ATG,2004,78734.0,0.451,5.724,0.018,4.237,0.451,0.0,0.0,0.0,0.0,gcb,gcb,owid,0.0,1.0,0.0,False,False,False
Antigua and Barbuda,ATG,2005,79628.0,0.48,6.028,0.029,6.504,0.48,0.0,0.0,0.0,0.0,gcb,gcb,owid,0.0,1.0,0.0,False,False,False
Antigua and Barbuda,ATG,2006,80619.0,0.517,6.408,0.037,7.634,0.517,0.0,0.0,0.0,0.0,gcb,gcb,owid,0.0,1.0,0.0,False,False,False
Antigua and Barbuda,ATG,2007,81716.0,0.535,6.546,0.018,3.546,0.535,0.0,0.0,0.0,0.0,gcb,gcb,owid,0.0,1.0,0.0,False,False,False
Antigua and Barbuda,ATG,2008,82926.0,0.539,6.495,0.004,0.685,0.539,0.0,0.0,0.0,0.0,gcb,gcb,owid,0.0,1.0,0.0,False,False,False
Antigua and Barbuda,ATG,2009,84193.0,0.557,6.615,0.018,3.401,0.557,0.0,0.0,0.0,0.0,gcb,gcb,owid,0.0,1.0,0.0,False,False,False
Antigua and Barbuda,ATG,2010,85337.0,0.55,6.44,-0.007,-1.316,0.55,0.0,0.0,0.0,0.0,gcb,gcb,owid,0.0,1.0,0.0,False,False,False
Antigua and Barbuda,ATG,2011,86350.0,0.546,6.322,-0.004,-0.667,0.546,0.0,0.0,0.0,0.0,gcb,gcb,owid,0.0,1.0,0.0,False,False,False
Antigua and Barbuda,ATG,2012,87275.0,0.557,6.381,0.011,2.013,0.557,0.0,0.0,0.0,0.0,gcb,gcb,owid,0.0,1.0,0.0,False,False,False
Antigua and Barbuda,ATG,2013,88074.0,0.557,6.323,0.0,0.0,0.557,0.0,0.0,0.0,0.0,gcb,gcb,owid,0.0,1.0,0.0,False,False,False
Antigua and Barbuda,ATG,2014,88784.0,0.568,6.397,0.011,1.974,0.568,0.0,0.0,0.0,0.0,gcb,gcb,owid,0.0,1.0,0.0,False,False,False
Antigua and Barbuda,ATG,2015,89421.0,0.579,6.474,0.011,1.935,0.579,0.0,0.0,0.0,0.0,gcb,gcb,owid,0.0,1.0,0.0,False,False,False
Antigua and Barbuda,ATG,2016,89980.0,0.594,6.597,0.015,2.532,0.594,0.0,0.0,0.0,0.0,gcb,gcb,owid,0.0,1.0,0.0,False,False,False
Antigua and Barbuda,ATG,2017,90483.0,0.601,6.641,0.007,1.235,0.601,0.0,0.0,0.0,0.0,gcb,gcb,owid,0.0,1.0,0.0,False,False,False
Antigua and Barbuda,ATG,2018,90942.0,0.616,6.769,0.015,2.439,0.616,0.0,0.0,0.0,0.0,gcb,gcb,owid,0.0,1.0,0.0,False,False,False
Antigua and Barbuda,ATG,2019,91377.0,0.638,6.977,0.022,3.571,0.638,0.0,0.0,0.0,0.0,gcb,gcb,owid,0.0,1.0,0.0,False,False,False
Antigua and Barbuda,ATG,2020,91864.0,0.616,6.701,-0.022,-3.448,0.616,0.0,0.0,0.0,0.0,gcb,gcb,owid,0.0,1.0,0.0,False,False,False
Antigua and Barbuda,ATG,2021,92358.0,0.634,6.863,0.018,2.976,0.634,0.0,0.0,0.0,0.0,gcb,gcb,owid,0.0,1.0,0.0,False,False,False
Argentina,ARG,1992,33693532.0,121.514,3.606,3.787,3.217,63.633,3.107,48.303,3.107,48.303,owid,owid,owid,0.027007292925254035,0.5531236146484358,0.4198690924263101,False,False,False
Argentina,ARG,1993,34152719.0,118.021,3.456,-3.493,-2.875,67.152,2.528,40.807,2.528,40.807,owid,owid,owid,0.022880519880166896,0.6077819109940535,0.3693375691257795,False,False,False
Argentina,ARG,1994,34613492.0,118.507,3.424,0.486,0.412,67.203,3.561,42.677,3.561,42.677,owid,owid,owid,0.03139076700663781,0.592404862439506,0.3762043705538562,False,False,False
Argentina,ARG,1995,35070016.0,125.415,3.576,6.909,5.83,62.834,3.741,53.194,3.741,53.194,owid,owid,owid,0.031235127620669788,0.5246265728193439,0.4441382995599863,False,False,False
Argentina,ARG,1996,35513795.0,131.446,3.701,6.03,4.808,65.921,3.114,57.542,3.114,57.542,owid,owid,owid,0.024601625887799516,0.5207976172606398,0.4546007568515607,False,False,False
Argentina,ARG,1997,35947790.0,136.617,3.8,5.171,3.934,66.868,2.807,61.504,2.807,61.504,owid,owid,owid,0.02139824209667706,0.5097462246243681,0.4688555332789547,False,False,False
Argentina,ARG,1998,36372862.0,139.505,3.835,2.888,2.114,69.576,3.155,61.614,3.155,61.614,owid,owid,owid,0.023484312776805984,0.5178905057873385,0.45862518143585546,False,False,False
Argentina,ARG,1999,36794687.0,148.345,4.032,8.839,6.336,72.723,2.788,67.619,2.788,67.619,owid,owid,owid,0.019478795500593865,0.5080905470551247,0.4724306574442814,False,False,False
Argentina,ARG,2000,37213986.0,143.355,3.852,-4.99,-3.364,67.434,2.36,69.438,2.36,69.438,owid,owid,owid,0.016950126407722362,0.48432831532980924,0.49872155826246845,False,False,False
Argentina,ARG,2001,37624817.0,135.004,3.588,-8.351,-5.825,64.334,2.008,64.807,2.008,64.807,owid,owid,owid,0.015310829667019955,0.4905412927281184,0.4941478776048617,False,False,False
Argentina,ARG,2002,38029345.0,124.93,3.285,-10.074,-7.462,57.495,1.579,62.618,1.579,62.618,owid,owid,owid,0.01297538046872432,0.4724632679222956,0.5145613516089801,False,False,False
Argentina,ARG,2003,38424283.0,134.421,3.498,9.491,7.597,59.355,2.48,69.068,2.48,69.068,owid,owid,owid,0.018945325928359166,0.45342734696683806,0.5276273271048028,False,False,False
Argentina,ARG,2004,38815915.0,157.235,4.051,22.814,16.972,67.813,2.532,82.913,2.532,82.913,owid,owid,owid,0.016521160396194653,0.44247608607707273,0.5410027535267328,False,False,False
Argentina,ARG,2005,39216786.0,161.728,4.124,4.493,2.857,71.8,3.668,81.967,3.668,81.967,owid,owid,owid,0.0232985041445676,0.45606123161939843,0.5206402642360339,False,False,False
Argentina,ARG,2006,39622113.0,174.342,4.4,12.614,7.799,81.911,3.968,83.867,3.968,83.867,owid,owid,owid,0.023376103118777466,0.4825503988311948,0.4940734980500277,False,False,False
Argentina,ARG,2007,40016767.0,173.764,4.342,-0.578,-0.332,77.952,3.759,87.178,3.759,87.178,owid,owid,owid,0.02225722219919592,0.4615575910805321,0.5161851867202718,False,False,False
Argentina,ARG,2008,40424151.0,187.596,4.641,13.832,7.96,88.658,3.975,90.12,3.975,90.12,owid,owid,owid,0.02175066893566727,0.4851247311945632,0.49312459986976964,False,False,False
Argentina,ARG,2009,40854832.0,178.378,4.366,-9.217,-4.913,82.38,3.305,87.993,3.305,87.993,owid,owid,owid,0.01902946832644319,0.47432605165881686,0.5066444800147399,False,False,False
Argentina,ARG,2010,41288694.0,186.121,4.508,7.743,4.341,90.145,4.082,86.928,4.082,86.928,owid,owid,owid,0.022533189809831364,0.49761254174601866,0.4798542684441501,False,False,False
Argentina,ARG,2011,41730655.0,189.884,4.55,3.763,2.022,86.906,4.825,92.586,4.825,92.586,owid,owid,owid,0.026177726416988123,0.4715028998952891,0.5023193736877227,False,False,False
Argentina,ARG,2012,42161718.0,191.715,4.547,1.831,0.964,85.589,5.078,95.383,5.078,95.383,owid,owid,owid,0.027293738242407956,0.4600322493953238,0.5126740123622682,False,False,False
Argentina,ARG,2013,42582453.0,189.525,4.451,-2.19,-1.142,87.487,4.84,91.338,4.84,91.338,owid,owid,owid,0.026352326246154686,0.4763400756812675,0.4973075980725778,False,False,False
Argentina,ARG,2014,43024071.0,188.539,4.382,-0.986,-0.52,84.292,5.536,92.844,5.536,92.844,owid,owid,owid,0.03030568450556188,0.4614390820705965,0.5082552334238416,False,False,False
Argentina,ARG,2015,43477011.0,191.809,4.412,3.27,1.734,86.954,5.467,93.535,5.467,93.535,owid,owid,owid,0.029399427821635224,0.4676052399492353,0.5029953322291295,False,False,False
Argentina,ARG,2016,43900312.0,190.02,4.328,-1.788,-0.932,84.554,4.192,96.301,4.192,96.301,owid,owid,owid,0.02265370419406961,0.45693256307856916,0.5204137327273611,False,False,False
Argentina,ARG,2017,44288898.0,187.068,4.224,-2.952,-1.554,80.857,4.28,96.444,4.28,96.444,owid,owid,owid,0.023570748040819246,0.4452943865272247,0.531134865431956,False,False,False
Argentina,ARG,2018,44654876.0,182.483,4.087,-4.585,-2.451,76.109,4.356,96.125,4.356,96.125,owid,owid,owid,0.02466730845461238,0.43099269494308856,0.5443399966022991,False,False,False
Argentina,ARG,2019,44973469.0,180.428,4.012,-2.056,-1.127,76.609,2.143,95.606,2.143,95.606,owid,owid,owid,0.012290803978022229,0.43937760240424867,0.548331593617729,False,False,False
Argentina,ARG,2020,45191960.0,164.613,3.643,-15.815,-8.765,66.675,3.224,89.085,3.224,89.085,owid,owid,owid,0.020278770190711018,0.4193818245861219,0.5603394052231672,False,False,False
Argentina,ARG,2021,45312282.0,190.197,4.197,25.584,15.542,85.441,4.51,93.073,4.51,93.073,owid,owid,owid,0.0246415770609319,0.46682948684325554,0.5085289360958125,False,False,False
Armenia,ARM,1992,3571870.0,5.724,1.602,-1.659,-22.474,1.773,0.374,3.477,0.374,3.477,owid,owid,owid,0.06650071123755334,0.31525604551920344,0.6182432432432432,False,False,False
Armenia,ARM,1993,3453339.0,2.51,0.727,-3.213,-56.143,0.939,0.007,1.508,0.007,1.508,owid,owid,owid,0.0028524857375713127,0.38264058679706603,0.6145069274653627,False,False,False
Armenia,ARM,1994,3364620.0,2.685,0.798,0.174,6.95,0.942,0.095,1.616,0.095,1.616,owid,owid,owid,0.03580851865812288,0.3550697323784395,0.6091217489634376,False,False,False
Armenia,ARM,1995,3307586.0,3.363,1.017,0.678,25.254,0.671,0.007,2.616,0.007,2.616,owid,owid,owid,0.0021250758955676987,0.20370370370370372,0.7941712204007286,False,False,False
Armenia,ARM,1996,3278738.0,2.5,0.763,-0.862,-25.646,0.366,0.015,2.041,0.015,2.041,owid,owid,owid,0.006193228736581338,0.15111478117258464,0.8426919900908341,False,False,False
Armenia,ARM,1997,3246292.0,3.253,1.002,0.752,30.094,0.392,0.015,2.678,0.015,2.678,owid,owid,owid,0.00486223662884927,0.12706645056726096,0.8680713128038898,False,False,False
Armenia,ARM,1998,3208399.0,3.419,1.066,0.166,5.114,0.406,0.015,2.789,0.015,2.789,owid,owid,owid,0.004672897196261682,0.1264797507788162,0.8688473520249221,False,False,False
Armenia,ARM,1999,3167282.0,3.04,0.96,-0.379,-11.082,0.586,0.007,2.275,0.007,2.275,owid,owid,owid,0.0024407252440725247,0.20432357043235705,0.7932357043235704,False,False,False
Armenia,ARM,2000,3125630.0,3.491,1.117,0.451,14.841,0.788,0.0,2.565,0.0,2.565,owid,owid,owid,0.0,0.2350134208171787,0.7649865791828214,False,False,False
Armenia,ARM,2001,3084350.0,3.533,1.145,0.041,1.183,0.777,0.0,2.612,0.0,2.612,owid,owid,owid,0.0,0.22927117143700207,0.770728828562998,False,False,False
Armenia,ARM,2002,3055636.0,3.077,1.007,-0.456,-12.905,0.816,0.048,2.002,0.048,2.002,owid,owid,owid,0.016748080949057925,0.2847173761339847,0.6985345429169575,False,False,False
Armenia,ARM,2003,3038976.0,3.456,1.137,0.379,12.31,0.934,0.073,2.228,0.073,2.228,owid,owid,owid,0.022565687789799067,0.28871715610510046,0.6887171561051004,False,False,False
Armenia,ARM,2004,3022544.0,3.691,1.221,0.236,6.819,0.92,0.0,2.473,0.0,2.473,owid,owid,owid,0.0,0.27114647804302977,0.7288535219569703,False,False,False
Armenia,ARM,2005,3006360.0,4.376,1.456,0.685,18.557,0.982,0.0,3.063,0.0,3.063,owid,owid,owid,0.0,0.24276885043263288,0.7572311495673671,False,False,False
Armenia,ARM,2006,2990371.0,4.402,1.472,0.025,0.581,0.92,0.004,3.14,0.004,3.14,owid,owid,owid,0.000984251968503937,0.22637795275590553,0.7726377952755906,False,False,False
Armenia,ARM,2007,2974825.0,5.1,1.714,0.699,15.872,0.924,0.007,3.762,0.007,3.762,owid,owid,owid,0.0014915832090347328,0.19688898359258472,0.8016194331983806,False,False,False
Armenia,ARM,2008,2959996.0,5.575,1.883,0.475,9.305,1.033,0.007,4.122,0.007,4.122,owid,owid,owid,0.0013560635412630765,0.20011623401782253,0.7985277024409143,False,False,False
Armenia,ARM,2009,2945518.0,4.364,1.481,-1.211,-21.728,0.952,0.004,3.167,0.004,3.167,owid,owid,owid,0.0009701673538685425,0.2308998302207131,0.7681300024254185,False,False,False
Armenia,ARM,2010,2931083.0,4.256,1.452,-0.107,-2.454,1.008,0.007,2.953,0.007,2.953,owid,owid,owid,0.0017641129032258064,0.2540322580645161,0.744203629032258,False,False,False
Armenia,ARM,2011,2923269.0,4.969,1.7,0.712,16.739,0.942,0.007,3.756,0.007,3.756,owid,owid,owid,0.001487778958554729,0.2002125398512221,0.7982996811902231,False,False,False
Armenia,ARM,2012,2922529.0,5.748,1.967,0.779,15.685,0.898,0.007,4.565,0.007,4.565,owid,owid,owid,0.0012797074954296159,0.16416819012797074,0.8345521023765996,False,False,False
Armenia,ARM,2013,2922526.0,5.535,1.894,-0.213,-3.708,0.857,0.004,4.416,0.004,4.416,owid,owid,owid,0.0007580064430547659,0.16240288042448361,0.8368391131324616,False,False,False
Armenia,ARM,2014,2922433.0,5.604,1.918,0.069,1.246,0.864,0.004,4.493,0.004,4.493,owid,owid,owid,0.0007461294534601752,0.16116396194739785,0.8380899085991419,False,False,False
Armenia,ARM,2015,2921179.0,5.469,1.872,-0.135,-2.407,0.795,0.004,4.43,0.004,4.43,owid,owid,owid,0.0007649646203863071,0.15203671830177853,0.8471983170778351,False,False,False
Armenia,ARM,2016,2918796.0,5.207,1.784,-0.263,-4.8,0.81,0.004,4.239,0.004,4.239,owid,owid,owid,0.0007916089451810806,0.16030081139916882,0.8389075796556501,False,False,False
Armenia,ARM,2017,2914966.0,5.537,1.899,0.33,6.336,0.868,0.004,4.459,0.004,4.459,owid,owid,owid,0.0007503282686175202,0.1628212342900019,0.8364284374413806,False,False,False
Armenia,ARM,2018,2909971.0,5.822,2.001,0.286,5.157,0.824,0.004,4.679,0.004,4.679,owid,owid,owid,0.000726348284002179,0.14962774650444885,0.8496459052115489,False,False,False
Armenia,ARM,2019,2903975.0,6.284,2.164,0.462,7.935,1.044,0.011,4.888,0.011,4.888,owid,owid,owid,0.001850917045263335,0.1756688541140838,0.8224802288406529,False,False,False
Armenia,ARM,2020,2890893.0,6.795,2.351,0.511,8.133,1.452,0.029,4.901,0.029,4.901,owid,owid,owid,0.004544030084612975,0.22751488561579442,0.7679410842995926,False,False,False
Armenia,ARM,2021,2870339.0,7.351,2.561,0.556,8.175,1.524,0.044,5.353,0.044,5.353,owid,owid,owid,0.006357462794393874,0.22019939315127873,0.7734431440543275,False,False,False
Aruba,ABW,1992,68889.0,0.539,7.818,0.007,1.379,0.539,0.0,0.0,0.0,0.0,gcb,gcb,owid,0.0,1.0,0.0,False,False,False
Aruba,ABW,1993,71091.0,0.649,9.123,0.11,20.408,0.649,0.0,0.0,0.0,0.0,gcb,gcb,owid,0.0,1.0,0.0,False,False,False
Aruba,ABW,1994,73475.0,0.66,8.976,0.011,1.695,0.66,0.0,0.0,0.0,0.0,gcb,gcb,owid,0.0,1.0,0.0,False,False,False
Aruba,ABW,1995,75930.0,0.711,9.361,0.051,7.778,0.711,0.0,0.0,0.0,0.0,gcb,gcb,owid,0.0,1.0,0.0,False,False,False
Aruba,ABW,1996,78497.0,0.722,9.195,0.011,1.546,0.722,0.0,0.0,0.0,0.0,gcb,gcb,owid,0.0,1.0,0.0,False,False,False
Aruba,ABW,1997,81123.0,0.758,9.349,0.037,5.076,0.758,0.0,0.0,0.0,0.0,gcb,gcb,owid,0.0,1.0,0.0,False,False,False
Aruba,ABW,1998,83788.0,0.806,9.62,0.048,6.28,0.806,0.0,0.0,0.0,0.0,gcb,gcb,owid,0.0,1.0,0.0,False,False,False
Aruba,ABW,1999,86483.0,0.81,9.363,0.004,0.455,0.81,0.0,0.0,0.0,0.0,gcb,gcb,owid,0.0,1.0,0.0,False,False,False
Aruba,ABW,2000,88772.0,2.378,26.787,1.568,193.665,2.378,0.0,0.0,0.0,0.0,gcb,gcb,owid,0.0,1.0,0.0,False,False,False
Aruba,ABW,2001,90320.0,2.407,26.652,0.029,1.233,2.407,0.0,0.0,0.0,0.0,gcb,gcb,owid,0.0,1.0,0.0,False,False,False
Aruba,ABW,2002,91393.0,2.437,26.66,0.029,1.218,2.437,0.0,0.0,0.0,0.0,gcb,gcb,owid,0.0,1.0,0.0,False,False,False
Aruba,ABW,2003,92324.0,2.561,27.741,0.125,5.113,2.561,0.0,0.0,0.0,0.0,gcb,gcb,owid,0.0,1.0,0.0,False,False,False
Aruba,ABW,2004,93223.0,2.616,28.063,0.055,2.146,2.616,0.0,0.0,0.0,0.0,gcb,gcb,owid,0.0,1.0,0.0,False,False,False
Aruba,ABW,2005,94239.0,2.715,28.81,0.099,3.782,2.715,0.0,0.0,0.0,0.0,gcb,gcb,owid,0.0,1.0,0.0,False,False,False
Aruba,ABW,2006,95403.0,2.711,28.42,-0.004,-0.135,2.711,0.0,0.0,0.0,0.0,gcb,gcb,owid,0.0,1.0,0.0,False,False,False
Aruba,ABW,2007,96604.0,2.821,29.205,0.11,4.054,2.821,0.0,0.0,0.0,0.0,gcb,gcb,owid,0.0,1.0,0.0,False,False,False
Aruba,ABW,2008,97815.0,2.656,27.157,-0.165,-5.844,2.656,0.0,0.0,0.0,0.0,gcb,gcb,owid,0.0,1.0,0.0,False,False,False
Aruba,ABW,2009,99040.0,2.627,26.526,-0.029,-1.103,2.627,0.0,0.0,0.0,0.0,gcb,gcb,owid,0.0,1.0,0.0,False,False,False
Aruba,ABW,2010,100127.0,2.506,25.03,-0.121,-4.603,2.506,0.0,0.0,0.0,0.0,gcb,gcb,owid,0.0,1.0,0.0,False,False,False
Aruba,ABW,2011,100995.0,2.495,24.706,-0.011,-0.439,2.495,0.0,0.0,0.0,0.0,gcb,gcb,owid,0.0,1.0,0.0,False,False,False
Aruba,ABW,2012,101774.0,1.345,13.212,-1.15,-46.109,1.345,0.0,0.0,0.0,0.0,gcb,gcb,owid,0.0,1.0,0.0,False,False,False
Aruba,ABW,2013,102570.0,0.861,8.395,-0.484,-35.967,0.861,0.0,0.0,0.0,0.0,gcb,gcb,owid,0.0,1.0,0.0,False,False,False
Aruba,ABW,2014,103381.0,0.872,8.435,0.011,1.277,0.872,0.0,0.0,0.0,0.0,gcb,gcb,owid,0.0,1.0,0.0,False,False,False
Aruba,ABW,2015,104200.0,0.898,8.615,0.026,2.941,0.898,0.0,0.0,0.0,0.0,gcb,gcb,owid,0.0,1.0,0.0,False,False,False
Aruba,ABW,2016,104989.0,0.883,8.411,-0.015,-1.633,0.883,0.0,0.0,0.0,0.0,gcb,gcb,owid,0.0,1.0,0.0,False,False,False
Aruba,ABW,2017,105737.0,0.89,8.42,0.007,0.83,0.89,0.0,0.0,0.0,0.0,gcb,gcb,owid,0.0,1.0,0.0,False,False,False
Aruba,ABW,2018,106447.0,0.868,8.158,-0.022,-2.469,0.868,0.0,0.0,0.0,0.0,gcb,gcb,owid,0.0,1.0,0.0,False,False,False
Aruba,ABW,2019,107089.0,0.832,7.767,-0.037,-4.219,0.832,0.0,0.0,0.0,0.0,gcb,gcb,owid,0.0,1.0,0.0,False,False,False
Aruba,ABW,2020,107411.0,0.821,7.641,-0.011,-1.322,0.821,0.0,0.0,0.0,0.0,gcb,gcb,owid,0.0,1.0,0.0,False,False,False
Aruba,ABW,2021,107565.0,0.861,8.005,0.04,4.911,0.861,0.0,0.0,0.0,0.0,gcb,gcb,owid,0.0,1.0,0.0,False,False,False
Australia,AUS,1992,17549286.0,284.433,16.208,4.996,1.788,87.923,150.049,33.97,150.049,33.97,owid,owid,owid,0.5517683917894257,0.3233152657551978,0.1249163424553765,False,False,False
Australia,AUS,1993,17722905.0,288.78,16.294,4.347,1.528,90.392,150.096,35.67,150.096,35.67,owid,owid,owid,0.5435149443434555,0.3273198676120192,0.12916518804452523,False,False,False
Australia,AUS,1994,17897433.0,293.613,16.405,4.833,1.674,91.928,151.376,37.032,151.376,37.032,owid,owid,owid,0.5399805947149136,0.32792078077735287,0.13209862450773355,False,False,False
Australia,AUS,1995,18095340.0,304.962,16.853,11.349,3.865,96.148,155.735,39.847,155.735,39.847,owid,owid,owid,0.5338326534809584,0.3295787200493607,0.13658862646968087,False,False,False
Australia,AUS,1996,18305305.0,311.851,17.036,6.889,2.259,98.723,160.388,39.781,160.388,39.781,owid,owid,owid,0.5366085408776414,0.3302965619688717,0.13309489715348688,False,False,False
Australia,AUS,1997,18504911.0,320.243,17.306,8.392,2.691,98.41,167.683,41.09,167.683,41.09,owid,owid,owid,0.5458733067910659,0.32036278049241007,0.13376391271652405,False,False,False
Australia,AUS,1998,18701710.0,334.038,17.861,13.795,4.308,99.17,177.614,43.506,177.614,43.506,owid,owid,owid,0.5545411970401825,0.3096256517530988,0.13583315120671893,False,False,False
Australia,AUS,1999,18909980.0,343.876,18.185,9.838,2.945,100.839,183.231,45.564,183.231,45.564,owid,owid,owid,0.5558619559875498,0.3059120115036677,0.13822603250878246,False,False,False
Australia,AUS,2000,19132472.0,349.898,18.288,6.021,1.751,102.678,185.797,46.61,185.797,46.61,owid,owid,owid,0.5544772221973528,0.3064237432293298,0.1390990345733172,False,False,False
Australia,AUS,2001,19365438.0,357.668,18.469,7.77,2.221,103.202,190.082,49.326,190.082,49.326,owid,owid,owid,0.5548057558156504,0.3012229648871895,0.14397127929716003,False,False,False
Australia,AUS,2002,19595356.0,362.425,18.495,4.757,1.33,105.481,191.147,50.589,191.147,50.589,owid,owid,owid,0.550511639695061,0.3037898489993289,0.14569851130561004,False,False,False
Australia,AUS,2003,19819449.0,370.784,18.708,8.359,2.307,110.951,195.386,49.912,195.386,49.912,owid,owid,owid,0.5484534693430719,0.31144227773270944,0.14010425292421874,False,False,False
Australia,AUS,2004,20046679.0,382.005,19.056,11.22,3.026,114.086,202.225,51.455,202.225,51.455,owid,owid,owid,0.5498741047296379,0.3102135597091629,0.13991233556119925,False,False,False
Australia,AUS,2005,20294490.0,385.082,18.975,3.077,0.805,116.654,200.715,53.322,200.715,53.322,owid,owid,owid,0.5414617565573483,0.31469336994963454,0.14384487349301708,False,False,False
Australia,AUS,2006,20590566.0,391.373,19.007,6.291,1.634,117.407,204.401,54.849,204.401,54.849,owid,owid,owid,0.5426714490902864,0.31170799958583006,0.14562055132388352,False,False,False
Australia,AUS,2007,20954545.0,398.896,19.036,7.524,1.922,118.853,203.559,61.006,203.559,61.006,owid,owid,owid,0.5309062172354976,0.3099828385730456,0.15911094419145685,False,False,False
Australia,AUS,2008,21370595.0,404.279,18.918,5.383,1.349,122.482,204.688,61.744,204.688,61.744,owid,owid,owid,0.5263065870603784,0.31493337858755405,0.15876003435206756,False,False,False
Australia,AUS,2009,21783014.0,406.977,18.683,2.698,0.667,122.362,206.066,63.087,206.066,63.087,owid,owid,owid,0.5263297702514591,0.3125346410737775,0.16113558867476344,False,False,False
Australia,AUS,2010,22141583.0,405.026,18.293,-1.951,-0.479,124.506,200.635,64.246,200.635,64.246,owid,owid,owid,0.5152585987719159,0.3197487332653633,0.1649926679627209,False,False,False
Australia,AUS,2011,22479779.0,403.874,17.966,-1.152,-0.284,129.836,192.232,66.46,192.232,66.46,owid,owid,owid,0.49477000370629665,0.3341741135773999,0.1710558827163036,False,False,False
Australia,AUS,2012,22852648.0,405.005,17.722,1.131,0.28,132.478,189.244,67.7,189.244,67.7,owid,owid,owid,0.48596124512739397,0.3401913605291946,0.17384739434341154,False,False,False
Australia,AUS,2013,23236271.0,397.85,17.122,-7.155,-1.767,135.764,176.436,69.98,176.436,69.98,owid,owid,owid,0.46165681092678834,0.355235752786645,0.18310743628656653,False,False,False
Australia,AUS,2014,23595599.0,392.61,16.639,-5.24,-1.317,137.132,168.219,70.907,168.219,70.907,owid,owid,owid,0.4470841815987966,0.36446268252103614,0.18845313588016732,False,False,False
Australia,AUS,2015,23947997.0,400.589,16.727,7.98,2.032,136.869,174.222,71.665,174.222,71.665,owid,owid,owid,0.45517771112667077,0.35758812402679513,0.18723416484653407,False,False,False
Australia,AUS,2016,24329963.0,409.666,16.838,9.077,2.266,136.761,179.594,74.093,179.594,74.093,owid,owid,owid,0.4599690611810023,0.35026687292545994,0.18976406589353767,False,False,False
Australia,AUS,2017,24731044.0,413.408,16.716,3.742,0.913,139.221,176.951,75.477,176.951,75.477,owid,owid,owid,0.4518101667564579,0.3554739064825903,0.19271592676095178,False,False,False
Australia,AUS,2018,25119700.0,414.781,16.512,1.373,0.332,143.397,169.336,78.346,169.336,78.346,owid,owid,owid,0.4329969136670596,0.3666701612717635,0.2003329250611769,False,False,False
Australia,AUS,2019,25482714.0,414.925,16.283,0.145,0.035,142.693,164.888,80.305,164.888,80.305,owid,owid,owid,0.4250939709089784,0.3678735504761708,0.20703247861485077,False,False,False
Australia,AUS,2020,25743787.0,398.547,15.481,-16.378,-3.947,134.777,156.622,83.378,156.622,83.378,owid,owid,owid,0.41790718213764455,0.3596191868764625,0.22247363098589296,False,False,False
Australia,AUS,2021,25956417.0,388.472,14.966,-10.075,-2.528,134.179,151.821,80.198,151.821,80.198,owid,owid,owid,0.4145871905362673,0.36641106723685,0.2190017422268827,False,False,False
Austria,AUT,1992,7842715.0,60.291,7.688,-5.499,-8.358,30.152,14.385,12.518,14.385,12.518,owid,owid,owid,0.2521251424064499,0.5284725265095084,0.21940233108404172,False,False,False
Austria,AUT,1993,7907492.0,60.711,7.678,0.419,0.696,31.266,13.275,13.023,13.275,13.023,owid,owid,owid,0.23061288305190747,0.5431519699812383,0.22623514696685432,False,False,False
Austria,AUT,1994,7938157.0,61.08,7.694,0.37,0.609,30.716,13.459,13.658,13.459,13.658,owid,owid,owid,0.23272180243113794,0.5311154531150036,0.23616274445385851,False,False,False
Austria,AUT,1995,7950322.0,64.063,8.058,2.983,4.884,30.854,15.425,14.901,15.425,14.901,owid,owid,owid,0.25212487741091866,0.5043151356652501,0.24355998692383135,False,False,False
Austria,AUT,1996,7960917.0,67.41,8.468,3.347,5.225,33.776,15.069,15.797,15.069,15.797,owid,owid,owid,0.23311469323350142,0.5225085857492032,0.24437672101729524,False,False,False
Austria,AUT,1997,7969804.0,67.305,8.445,-0.105,-0.156,32.849,16.157,15.301,16.157,15.301,owid,owid,owid,0.2512479201331115,0.5108153078202994,0.237936772046589,False,False,False
Austria,AUT,1998,7978465.0,66.937,8.39,-0.368,-0.547,34.654,13.707,15.717,13.707,15.717,owid,owid,owid,0.21391117076063548,0.5408096382533787,0.24527919098598583,False,False,False
Austria,AUT,1999,7993894.0,65.668,8.215,-1.269,-1.896,32.805,13.876,16.102,13.876,16.102,owid,owid,owid,0.2210152429797875,0.5225140563528343,0.2564707006673781,False,False,False
Austria,AUT,2000,8012929.0,66.204,8.262,0.536,0.817,32.179,15.751,15.264,15.751,15.264,owid,owid,owid,0.2492483463619964,0.5092097351014337,0.2415419185365699,False,False,False
Austria,AUT,2001,8042233.0,70.191,8.728,3.987,6.022,34.424,16.562,16.156,16.562,16.156,owid,owid,owid,0.2466712341008609,0.5127044175032022,0.24062434839593697,False,False,False
Austria,AUT,2002,8081640.0,71.988,8.908,1.798,2.561,36.067,16.736,16.069,16.736,16.069,owid,owid,owid,0.2430015100476246,0.523681612266233,0.2333168776861424,False,False,False
Austria,AUT,2003,8122604.0,77.412,9.53,5.424,7.534,39.089,17.941,17.267,17.941,17.267,owid,owid,owid,0.2414767756437003,0.5261181474352935,0.23240507692100623,False,False,False
Austria,AUT,2004,8173496.0,77.716,9.508,0.304,0.393,39.122,17.766,17.662,17.766,17.662,owid,owid,owid,0.23830985915492955,0.5247753185781355,0.23691482226693494,False,False,False
Austria,AUT,2005,8229204.0,79.095,9.612,1.38,1.775,39.395,17.862,18.701,17.862,18.701,owid,owid,owid,0.23515627057057847,0.5186418810395219,0.2462018483898997,False,False,False
Austria,AUT,2006,8269901.0,76.796,9.286,-2.299,-2.907,38.117,17.866,17.498,17.866,17.498,owid,owid,owid,0.24313768184972986,0.5187327336318232,0.23812958451844699,False,False,False
Austria,AUT,2007,8296948.0,74.092,8.93,-2.704,-3.521,36.602,17.456,16.496,17.456,16.496,owid,owid,owid,0.2474133287978003,0.5187799416050118,0.23380672959718798,False,False,False
Austria,AUT,2008,8323250.0,73.466,8.827,-0.626,-0.844,35.457,17.028,17.436,17.028,17.436,owid,owid,owid,0.243531986098597,0.5071008709829665,0.24936714291843654,False,False,False
Austria,AUT,2009,8345073.0,67.302,8.065,-6.165,-8.391,34.408,12.83,17.036,12.83,17.036,owid,owid,owid,0.1996141519121262,0.535333105143604,0.26505274294426984,False,False,False
Austria,AUT,2010,8365087.0,72.0,8.607,4.698,6.981,34.785,15.497,18.778,15.497,18.778,owid,owid,owid,0.2243990732696206,0.5036924413553431,0.27190848537503615,False,False,False
Austria,AUT,2011,8393272.0,69.892,8.327,-2.109,-2.929,33.269,15.818,17.73,15.818,17.73,owid,owid,owid,0.23673615995929181,0.49791220797102537,0.2653516320696829,False,False,False
Austria,AUT,2012,8431599.0,67.26,7.977,-2.631,-3.765,32.627,14.686,16.945,14.686,16.945,owid,owid,owid,0.2285474182202994,0.5077500077811322,0.2637025739985682,False,False,False
Austria,AUT,2013,8481411.0,67.759,7.989,0.499,0.741,33.45,14.959,16.332,14.959,16.332,owid,owid,owid,0.2310591433558332,0.516674132311827,0.2522667243323396,False,False,False
Austria,AUT,2014,8547812.0,64.159,7.506,-3.6,-5.313,32.413,13.801,14.947,13.801,14.947,owid,owid,owid,0.22565033272837265,0.5299619038276024,0.24438776344402477,False,False,False
Austria,AUT,2015,8644037.0,66.358,7.677,2.199,3.428,32.995,14.371,15.966,14.371,15.966,owid,owid,owid,0.22691530348007327,0.5209846523084696,0.25210004421145704,False,False,False
Austria,AUT,2016,8737920.0,67.219,7.693,0.861,1.297,34.108,13.334,16.737,13.334,16.737,owid,owid,owid,0.20776266379968528,0.5314510977110893,0.2607862384892255,False,False,False
Austria,AUT,2017,8798779.0,69.601,7.91,2.383,3.545,34.546,14.023,17.975,14.023,17.975,owid,owid,owid,0.21073274825679245,0.5191452272180812,0.2701220245251262,False,False,False
Austria,AUT,2018,8841653.0,66.567,7.529,-3.035,-4.36,34.087,12.294,17.019,12.294,17.019,owid,owid,owid,0.19391167192429024,0.5376498422712934,0.26843848580441637,False,False,False
Austria,AUT,2019,8880876.0,67.951,7.651,1.385,2.08,34.088,13.005,17.791,13.005,17.791,owid,owid,owid,0.20043462178657298,0.5253683496701806,0.2741970285432464,False,False,False
Austria,AUT,2020,8921402.0,62.18,6.97,-5.771,-8.493,30.779,11.371,16.959,11.371,16.959,owid,owid,owid,0.1923734118323775,0.5207159654198177,0.28691062274780493,False,False,False
Austria,AUT,2021,8967053.0,65.751,7.333,3.572,5.744,32.17,12.408,17.923,12.408,17.923,owid,owid,owid,0.19852482360282234,0.5147117646117662,0.28676341178541137,False,False,False
Azerbaijan,AZE,1992,7405781.0,56.174,7.585,6.1,12.183,31.225,0.066,22.6,0.066,22.6,owid,owid,owid,0.0012246942903267706,0.5794102911432335,0.41936501456643965,False,False,False
Azerbaijan,AZE,1993,7504119.0,48.406,6.451,-7.768,-13.829,30.818,0.011,17.283,0.011,17.283,owid,owid,owid,0.0002286331892251413,0.6405470568673096,0.35922430994346527,False,False,False
Azerbaijan,AZE,1994,7608894.0,41.945,5.513,-6.461,-13.348,25.032,0.004,16.671,0.004,16.671,owid,owid,owid,9.590716186731244e-05,0.6001870189656412,0.3997170738724914,False,False,False
Azerbaijan,AZE,1995,7719283.0,33.309,4.315,-8.636,-20.588,19.885,0.015,13.308,0.015,13.308,owid,owid,owid,0.00045169838593110093,0.5988014936159962,0.4007468079980728,False,False,False
Azerbaijan,AZE,1996,7830981.0,31.242,3.99,-2.067,-6.206,19.37,0.015,11.737,0.015,11.737,owid,owid,owid,0.0004819741661846925,0.6223893065998329,0.3771287192339824,False,False,False
Azerbaijan,AZE,1997,7936220.0,29.843,3.76,-1.399,-4.479,18.551,0.015,11.062,0.015,11.062,owid,owid,owid,0.0005062778452814905,0.6261306871877953,0.37336303496692314,False,False,False
Azerbaijan,AZE,1998,8025808.0,31.785,3.96,1.942,6.507,20.948,0.004,10.599,0.004,10.599,owid,owid,owid,0.00012677886596304395,0.6639409210484611,0.33593230008557573,False,False,False
Azerbaijan,AZE,1999,8100472.0,28.822,3.558,-2.963,-9.323,16.777,0.0,11.688,0.0,11.688,gcb,owid,owid,0.0,0.5893904795362725,0.41060952046372734,False,False,False
Azerbaijan,AZE,2000,8174784.0,29.765,3.641,0.944,3.274,17.965,0.0,11.421,0.0,11.421,gcb,owid,owid,0.0,0.6113455386918941,0.3886544613081059,False,False,False
Azerbaijan,AZE,2001,8251776.0,28.415,3.444,-1.35,-4.535,11.278,0.0,16.576,0.0,16.576,gcb,owid,owid,0.0,0.40489696273425724,0.5951030372657429,False,False,False
Azerbaijan,AZE,2002,8326141.0,28.57,3.431,0.155,0.545,11.287,0.0,16.622,0.0,16.622,gcb,owid,owid,0.0,0.4044215127736573,0.5955784872263428,False,False,False
Azerbaijan,AZE,2003,8400528.0,30.488,3.629,1.917,6.711,12.697,0.0,17.054,0.0,17.054,gcb,owid,owid,0.0,0.4267755705690565,0.5732244294309435,False,False,False
Azerbaijan,AZE,2004,8489874.0,32.253,3.799,1.765,5.791,12.731,0.0,18.622,0.0,18.622,gcb,owid,owid,0.0,0.4060536471788983,0.5939463528211016,False,False,False
Azerbaijan,AZE,2005,8597248.0,34.194,3.977,1.941,6.017,14.638,0.0,18.533,0.0,18.533,gcb,owid,owid,0.0,0.4412890778089295,0.5587109221910705,False,False,False
Azerbaijan,AZE,2006,8711380.0,34.522,3.963,0.328,0.96,12.977,0.0,20.465,0.0,20.465,gcb,owid,owid,0.0,0.3880449733867592,0.6119550266132409,False,False,False
Azerbaijan,AZE,2007,8828313.0,30.037,3.402,-4.485,-12.992,11.456,0.022,17.578,0.022,17.578,owid,owid,owid,0.0007571585903083701,0.394273127753304,0.6049697136563877,False,False,False
Azerbaijan,AZE,2008,8942637.0,33.037,3.694,3.0,9.987,10.607,0.015,20.738,0.015,20.738,owid,owid,owid,0.00047831632653061223,0.33823341836734694,0.6612882653061224,False,False,False
Azerbaijan,AZE,2009,9046336.0,29.103,3.217,-3.934,-11.908,9.241,0.015,18.789,0.015,18.789,owid,owid,owid,0.0005348546978070957,0.32950615082902474,0.6699589944731681,False,False,False
Azerbaijan,AZE,2010,9146852.0,27.549,3.012,-1.554,-5.338,8.695,0.022,17.968,0.022,17.968,owid,owid,owid,0.0008244332021735055,0.3258384860408469,0.6733370807569795,False,False,False
Azerbaijan,AZE,2011,9256156.0,30.21,3.264,2.661,9.66,10.267,0.018,19.023,0.018,19.023,owid,owid,owid,0.0006141667804012556,0.3503139074655384,0.6490719257540604,False,False,False
Azerbaijan,AZE,2012,9376179.0,32.77,3.495,2.56,8.473,11.639,0.015,19.831,0.015,19.831,owid,owid,owid,0.0004764173415912339,0.36966809591869143,0.6298554867397174,False,False,False
Azerbaijan,AZE,2013,9504417.0,33.559,3.531,0.789,2.407,12.069,0.011,19.936,0.011,19.936,owid,owid,owid,0.0003435782108945527,0.37696776611694155,0.6226886556721639,False,False,False
Azerbaijan,AZE,2014,9631136.0,34.345,3.566,0.786,2.342,11.63,0.007,21.2,0.007,21.2,owid,owid,owid,0.00021317416329140907,0.3541736455827268,0.6456131802539817,False,False,False
Azerbaijan,AZE,2015,9752859.0,34.683,3.556,0.339,0.986,11.534,0.011,21.933,0.011,21.933,owid,owid,owid,0.0003285739888882251,0.34452476253061715,0.6551466634804947,False,False,False
Azerbaijan,AZE,2016,9868434.0,34.727,3.519,0.044,0.126,12.136,0.004,21.51,0.004,21.51,owid,owid,owid,0.00011887072808320952,0.36065378900445766,0.6392273402674592,False,False,False
Azerbaijan,AZE,2017,9968510.0,34.698,3.481,-0.029,-0.083,12.587,0.004,20.894,0.004,20.894,owid,owid,owid,0.00011945647304763327,0.37589965656263996,0.6239808869643123,False,False,False
Azerbaijan,AZE,2018,10039782.0,34.576,3.444,-0.122,-0.352,11.837,0.004,21.282,0.004,21.282,owid,owid,owid,0.00012076200827219758,0.35736497297950065,0.6425142650122272,False,False,False
Azerbaijan,AZE,2019,10110483.0,37.753,3.734,3.176,9.186,12.112,0.004,24.122,0.004,24.122,owid,owid,owid,0.00011038136762514488,0.3342347811689387,0.6656548374634361,False,False,False
Azerbaijan,AZE,2020,10181736.0,36.237,3.559,-1.515,-4.014,10.629,0.004,24.333,0.004,24.333,owid,owid,owid,0.00011439684264714296,0.3039810101241206,0.6959045930332324,False,False,False
Azerbaijan,AZE,2021,10234372.0,38.3,3.742,2.062,5.692,11.744,0.0,25.222,0.0,25.222,owid,owid,owid,0.0,0.31769734350484224,0.6823026564951578,False,False,False
Bahamas,BHS,1992,285938.0,1.869,6.535,-0.128,-6.422,1.865,0.004,0.0,0.004,0.0,owid,gcb,owid,0.002140181915462814,0.9978598180845372,0.0,False,False,False
Bahamas,BHS,1993,291350.0,1.744,5.986,-0.125,-6.667,1.74,0.004,0.0,0.004,0.0,owid,gcb,owid,0.0022935779816513763,0.9977064220183486,0.0,False,False,False
Bahamas,BHS,1994,296519.0,1.77,5.968,0.026,1.471,1.766,0.004,0.0,0.004,0.0,owid,gcb,owid,0.0022598870056497176,0.9977401129943503,0.0,False,False,False
Bahamas,BHS,1995,301471.0,1.839,6.101,0.07,3.934,1.836,0.004,0.0,0.004,0.0,owid,gcb,owid,0.002173913043478261,0.9978260869565218,0.0,False,False,False
Bahamas,BHS,1996,306281.0,1.814,5.922,-0.026,-1.394,1.81,0.004,0.0,0.004,0.0,owid,gcb,owid,0.002205071664829107,0.9977949283351709,0.0,False,False,False
Bahamas,BHS,1997,310914.0,1.608,5.173,-0.205,-11.313,1.605,0.004,0.0,0.004,0.0,owid,gcb,owid,0.0024860161591050344,0.997513983840895,0.0,False,False,False
Bahamas,BHS,1998,315376.0,1.99,6.309,0.381,23.69,1.986,0.004,0.0,0.004,0.0,owid,gcb,owid,0.0020100502512562816,0.9979899497487437,0.0,False,False,False
Bahamas,BHS,1999,319623.0,2.034,6.362,0.044,2.21,2.03,0.004,0.0,0.004,0.0,owid,gcb,owid,0.0019665683382497543,0.9980334316617503,0.0,False,False,False
Bahamas,BHS,2000,323846.0,2.026,6.257,-0.007,-0.36,2.023,0.004,0.0,0.004,0.0,owid,gcb,owid,0.0019733596447952637,0.9980266403552047,0.0,False,False,False
Bahamas,BHS,2001,327847.0,1.946,5.934,-0.081,-3.978,1.942,0.004,0.0,0.004,0.0,owid,gcb,owid,0.0020554984583761563,0.9979445015416238,0.0,False,False,False
Bahamas,BHS,2002,331625.0,2.034,6.132,0.088,4.52,2.03,0.004,0.0,0.004,0.0,owid,gcb,owid,0.0019665683382497543,0.9980334316617503,0.0,False,False,False
Bahamas,BHS,2003,335625.0,2.07,6.168,0.037,1.802,2.063,0.007,0.0,0.007,0.0,owid,gcb,owid,0.0033816425120772944,0.9966183574879226,0.0,False,False,False
Bahamas,BHS,2004,339794.0,2.048,6.028,-0.022,-1.062,2.041,0.007,0.0,0.007,0.0,owid,gcb,owid,0.00341796875,0.9965820312499999,0.0,False,False,False
Bahamas,BHS,2005,343905.0,1.905,5.54,-0.143,-6.977,1.898,0.007,0.0,0.007,0.0,owid,gcb,owid,0.0036745406824146985,0.9963254593175853,0.0,False,False,False
Bahamas,BHS,2006,348386.0,1.854,5.322,-0.051,-2.692,1.847,0.007,0.0,0.007,0.0,owid,gcb,owid,0.00377562028047465,0.9962243797195254,0.0,False,False,False
Bahamas,BHS,2007,353343.0,1.872,5.299,0.018,0.988,1.869,0.004,0.0,0.004,0.0,owid,gcb,owid,0.002135611318739989,0.99786438868126,0.0,False,False,False
Bahamas,BHS,2008,358133.0,1.92,5.361,0.048,2.544,1.916,0.004,0.0,0.004,0.0,owid,gcb,owid,0.0020833333333333333,0.9979166666666667,0.0,False,False,False
Bahamas,BHS,2009,362806.0,2.154,5.938,0.234,12.214,2.151,0.004,0.0,0.004,0.0,owid,gcb,owid,0.0018561484918793506,0.9981438515081207,0.0,False,False,False
Bahamas,BHS,2010,367482.0,2.231,6.072,0.077,3.571,2.228,0.004,0.0,0.004,0.0,owid,gcb,owid,0.0017921146953405016,0.9982078853046595,0.0,False,False,False
Bahamas,BHS,2011,371738.0,2.11,5.677,-0.121,-5.419,2.107,0.004,0.0,0.004,0.0,owid,gcb,owid,0.0018948365703458075,0.9981051634296542,0.0,False,False,False
Bahamas,BHS,2012,375474.0,2.048,5.455,-0.062,-2.951,2.045,0.004,0.0,0.004,0.0,owid,gcb,owid,0.0019521717911176184,0.9980478282088824,0.0,False,False,False
Bahamas,BHS,2013,378957.0,1.993,5.26,-0.055,-2.683,1.99,0.004,0.0,0.004,0.0,owid,gcb,owid,0.0020060180541624875,0.9979939819458375,0.0,False,False,False
Bahamas,BHS,2014,382312.0,2.063,5.396,0.07,3.493,2.059,0.004,0.0,0.004,0.0,owid,gcb,owid,0.0019389238972370333,0.998061076102763,0.0,False,False,False
Bahamas,BHS,2015,385355.0,2.231,5.79,0.169,8.171,2.228,0.004,0.0,0.004,0.0,owid,gcb,owid,0.0017921146953405016,0.9982078853046595,0.0,False,False,False
Bahamas,BHS,2016,388060.0,2.246,5.788,0.015,0.657,2.242,0.004,0.0,0.004,0.0,owid,gcb,owid,0.0017809439002671415,0.9982190560997328,0.0,False,False,False
Bahamas,BHS,2017,390496.0,2.521,6.455,0.275,12.235,2.517,0.004,0.0,0.004,0.0,owid,gcb,owid,0.0015866719555731853,0.9984133280444268,0.0,False,False,False
Bahamas,BHS,2018,392718.0,2.455,6.251,-0.066,-2.616,2.451,0.004,0.0,0.004,0.0,owid,gcb,owid,0.001629327902240326,0.9983706720977596,0.0,False,False,False
Bahamas,BHS,2019,394684.0,2.521,6.387,0.066,2.687,2.517,0.004,0.0,0.004,0.0,owid,gcb,owid,0.0015866719555731853,0.9984133280444268,0.0,False,False,False
Bahamas,BHS,2020,395874.0,2.052,5.183,-0.469,-18.605,2.048,0.004,0.0,0.004,0.0,owid,gcb,owid,0.001949317738791423,0.9980506822612085,0.0,False,False,False
Bahamas,BHS,2021,396381.0,2.726,6.877,0.674,32.857,2.722,0.004,0.0,0.004,0.0,owid,gcb,owid,0.001467351430667645,0.9985326485693323,0.0,False,False,False
Bahrain,BHR,1992,547753.0,10.402,18.99,-0.927,-8.183,0.462,0.0,9.94,0.0,9.94,gcb,owid,owid,0.0,0.04441453566621804,0.955585464333782,False,True,False
Bahrain,BHR,1993,562820.0,16.748,29.758,6.346,61.008,4.239,0.0,12.509,0.0,12.509,gcb,owid,owid,0.0,0.2531048483401003,0.7468951516598996,False,True,False
Bahrain,BHR,1994,577960.0,14.352,24.832,-2.396,-14.308,2.099,0.0,12.252,0.0,12.252,gcb,owid,owid,0.0,0.14626158455856736,0.8537384154414327,False,True,False
Bahrain,BHR,1995,593230.0,14.744,24.854,0.392,2.732,1.7,0.0,13.044,0.0,13.044,gcb,owid,owid,0.0,0.11530113944655453,0.8846988605534455,False,True,False
Bahrain,BHR,1996,608593.0,15.942,26.195,1.198,8.126,2.488,0.0,13.454,0.0,13.454,gcb,owid,owid,0.0,0.15606573830134238,0.8439342616986577,False,True,False
Bahrain,BHR,1997,624019.0,17.221,27.597,1.279,8.021,2.727,0.0,14.494,0.0,14.494,gcb,owid,owid,0.0,0.1583531734510191,0.8416468265489809,False,True,False
Bahrain,BHR,1998,639391.0,18.276,28.583,1.055,6.128,3.001,0.0,15.275,0.0,15.275,gcb,owid,owid,0.0,0.1642044210987087,0.8357955789012913,False,True,False
Bahrain,BHR,1999,654622.0,18.254,27.885,-0.022,-0.12,2.426,0.0,15.828,0.0,15.828,gcb,owid,owid,0.0,0.13290237756108253,0.8670976224389175,False,True,False
Bahrain,BHR,2000,669589.0,19.199,28.673,0.945,5.179,3.056,0.0,16.144,0.0,16.144,gcb,owid,owid,0.0,0.15916666666666668,0.8408333333333333,False,True,False
Bahrain,BHR,2001,699964.0,19.679,28.115,0.48,2.5,3.393,0.0,16.286,0.0,16.286,gcb,owid,owid,0.0,0.1724172976269119,0.8275827023730881,False,True,False
Bahrain,BHR,2002,752205.0,20.112,26.737,0.432,2.197,3.261,0.0,16.851,0.0,16.851,gcb,owid,owid,0.0,0.1621420047732697,0.8378579952267303,False,True,False
Bahrain,BHR,2003,811276.0,20.976,25.856,0.865,4.3,3.745,0.0,17.232,0.0,17.232,gcb,owid,owid,0.0,0.17852886494732326,0.8214711350526767,False,True,False
Bahrain,BHR,2004,871446.0,21.204,24.331,0.227,1.083,4.247,0.0,16.957,0.0,16.957,gcb,owid,owid,0.0,0.2002923976608187,0.7997076023391813,False,True,False
Bahrain,BHR,2005,932618.0,24.487,26.256,3.283,15.483,5.371,0.0,19.115,0.0,19.115,gcb,owid,owid,0.0,0.21934983255737978,0.7806501674426203,False,True,False
Bahrain,BHR,2006,994626.0,24.036,24.166,-0.451,-1.84,3.734,0.0,20.302,0.0,20.302,gcb,owid,owid,0.0,0.15535030787152604,0.8446496921284739,False,True,False
Bahrain,BHR,2007,1057419.0,26.626,25.18,2.59,10.777,5.76,0.0,20.866,0.0,20.866,gcb,owid,owid,0.0,0.2163299031022309,0.7836700968977691,False,True,False
Bahrain,BHR,2008,1120718.0,29.525,26.344,2.898,10.885,6.555,0.0,22.97,0.0,22.97,gcb,owid,owid,0.0,0.2220152413209145,0.7779847586790856,False,True,False
Bahrain,BHR,2009,1183616.0,28.138,23.773,-1.387,-4.697,3.671,0.0,24.175,0.0,24.175,gcb,owid,owid,0.0,0.1318322200675142,0.8681677799324858,False,True,False
Bahrain,BHR,2010,1213248.0,29.143,24.02,1.005,3.571,4.114,0.0,24.531,0.0,24.531,gcb,owid,owid,0.0,0.14362017804154303,0.856379821958457,False,True,False
Bahrain,BHR,2011,1206733.0,28.544,23.654,-0.598,-2.053,3.723,0.0,24.285,0.0,24.285,gcb,owid,owid,0.0,0.13292630676949443,0.8670736932305056,False,True,False
Bahrain,BHR,2012,1216307.0,27.202,22.365,-1.342,-4.7,2.158,0.0,24.392,0.0,24.392,gcb,owid,owid,0.0,0.08128060263653483,0.9187193973634651,False,True,False
Bahrain,BHR,2013,1257206.0,31.228,24.839,4.026,14.799,4.367,0.0,26.179,0.0,26.179,gcb,owid,owid,0.0,0.14296470896353042,0.8570352910364696,False,True,False
Bahrain,BHR,2014,1312857.0,30.971,23.59,-0.258,-0.825,2.012,0.0,28.352,0.0,28.352,gcb,owid,owid,0.0,0.0662626794888684,0.9337373205111316,False,True,False
Bahrain,BHR,2015,1369656.0,32.521,23.744,1.55,5.004,3.778,0.0,28.242,0.0,28.242,gcb,owid,owid,0.0,0.11798875702685821,0.8820112429731417,False,True,False
Bahrain,BHR,2016,1429609.0,31.635,22.129,-0.885,-2.722,3.712,0.0,27.172,0.0,27.172,gcb,owid,owid,0.0,0.12019168501489445,0.8798083149851056,False,True,False
Bahrain,BHR,2017,1482003.0,32.917,22.211,1.281,4.05,4.078,0.0,27.989,0.0,27.989,gcb,owid,owid,0.0,0.12717123522624504,0.8728287647737549,False,True,False
Bahrain,BHR,2018,1497634.0,32.698,21.833,-0.218,-0.663,3.678,0.0,28.404,0.0,28.404,gcb,owid,owid,0.0,0.11464372545352533,0.8853562745464746,False,True,False
Bahrain,BHR,2019,1485675.0,37.616,25.319,4.918,15.039,3.748,0.0,33.276,0.0,33.276,gcb,owid,owid,0.0,0.10123163353500432,0.8987683664649957,False,True,False
Bahrain,BHR,2020,1483081.0,37.429,25.238,-0.187,-0.497,3.609,0.0,33.13,0.0,33.13,gcb,owid,owid,0.0,0.09823348485260894,0.901766515147391,False,True,False
Bahrain,BHR,2021,1501762.0,36.265,24.148,-1.164,-3.11,3.257,0.0,32.467,0.0,32.467,gcb,owid,owid,0.0,0.09117120143321018,0.9088287985667899,False,True,False
Bangladesh,BGD,1992,115952198.0,15.391,0.133,0.638,4.324,5.386,0.322,9.607,0.322,9.607,owid,owid,owid,0.02102513875285668,0.3516813581456089,0.6272935031015344,False,False,False
Bangladesh,BGD,1993,118132363.0,16.074,0.136,0.683,4.438,5.491,0.121,10.389,0.121,10.389,owid,owid,owid,0.00756202737328917,0.3431660521217424,0.6492719205049685,False,False,False
Bangladesh,BGD,1994,120343183.0,17.553,0.146,1.479,9.2,5.91,0.099,11.472,0.099,11.472,owid,owid,owid,0.005663291573708598,0.338081345460786,0.6562553629655054,False,False,False
Bangladesh,BGD,1995,122600372.0,21.056,0.172,3.504,19.961,6.738,1.22,13.029,1.22,13.029,owid,owid,owid,0.05813122409110401,0.32105589174250726,0.6208128841663887,False,False,False
Bangladesh,BGD,1996,124862185.0,21.507,0.172,0.451,2.142,7.178,0.678,13.498,0.678,13.498,owid,owid,owid,0.03175049171115482,0.33614311136086916,0.632106396927976,False,False,False
Bangladesh,BGD,1997,127198070.0,23.144,0.182,1.637,7.61,8.424,1.227,13.264,1.227,13.264,owid,owid,owid,0.0535457124154484,0.3676194632336897,0.5788348243508619,False,False,False
Bangladesh,BGD,1998,129622332.0,23.216,0.179,0.072,0.311,8.271,0.352,14.325,0.352,14.325,owid,owid,owid,0.015339027366219277,0.3604235663238627,0.6242374063099181,False,False,False
Bangladesh,BGD,1999,132108065.0,25.093,0.19,1.877,8.086,8.871,0.176,15.616,0.176,15.616,owid,owid,owid,0.007136195921015285,0.35968860235981026,0.6331752017191744,False,False,False
Bangladesh,BGD,2000,134544303.0,26.539,0.197,1.446,5.762,7.702,1.253,16.88,1.253,16.88,owid,owid,owid,0.048500096767950446,0.29812270176117667,0.6533772014708727,False,False,False
Bangladesh,BGD,2001,136805810.0,31.064,0.227,4.525,17.05,9.896,1.33,18.903,1.33,18.903,owid,owid,owid,0.04414351621361479,0.32845431312024964,0.6274021706661356,False,False,False
Bangladesh,BGD,2002,138933659.0,32.007,0.23,0.943,3.035,9.906,1.33,19.886,1.33,19.886,owid,owid,owid,0.042735042735042736,0.31829573934837097,0.6389692179165863,False,False,False
Bangladesh,BGD,2003,140970355.0,33.496,0.238,1.489,4.652,9.9,1.37,21.39,1.37,21.39,owid,owid,owid,0.041947336191059406,0.3031230863441519,0.6549295774647889,False,False,False
Bangladesh,BGD,2004,142902857.0,35.978,0.252,2.482,7.411,10.651,1.451,23.091,1.451,23.091,owid,owid,owid,0.04122979001505982,0.3026454124399739,0.6561247975449664,False,False,False
Bangladesh,BGD,2005,144715789.0,37.717,0.261,1.739,4.832,10.637,1.605,24.725,1.605,24.725,owid,owid,owid,0.04341710173938919,0.28774312224416376,0.6688397760164472,False,False,False
Bangladesh,BGD,2006,146405983.0,41.726,0.285,4.009,10.63,10.959,1.81,28.257,1.81,28.257,owid,owid,owid,0.04411836396431531,0.26712328767123283,0.6887583483644518,False,False,False
Bangladesh,BGD,2007,147989282.0,42.675,0.288,0.949,2.275,10.204,2.209,29.579,2.209,29.579,owid,owid,owid,0.05260525814440845,0.24299866641265003,0.7043960754429415,False,False,False
Bangladesh,BGD,2008,149474264.0,45.341,0.303,2.666,6.248,9.951,2.469,32.222,2.469,32.222,owid,owid,owid,0.05530666188790824,0.22290667980825232,0.7217866583038394,False,False,False
Bangladesh,BGD,2009,150873716.0,49.188,0.326,3.847,8.484,10.032,3.015,35.442,3.015,35.442,owid,owid,owid,0.06217905091876508,0.20689228484810987,0.730928664233125,False,False,False
Bangladesh,BGD,2010,152201978.0,54.036,0.355,4.847,9.854,10.885,3.074,39.397,3.074,39.397,owid,owid,owid,0.05761301446885074,0.2040070470050229,0.7383799385261265,False,False,False
Bangladesh,BGD,2011,153591074.0,55.593,0.362,1.557,2.882,13.865,2.836,38.197,2.836,38.197,owid,owid,owid,0.05165944114539691,0.2525592917774782,0.6957812670771248,False,False,False
Bangladesh,BGD,2012,155070110.0,59.704,0.385,4.111,7.395,15.576,3.422,40.015,3.422,40.015,owid,owid,owid,0.05798722315422025,0.2639418433226577,0.678070933523122,False,False,False
Bangladesh,BGD,2013,156532134.0,64.763,0.414,5.059,8.473,16.312,3.748,43.942,3.748,43.942,owid,owid,owid,0.058560669979063146,0.25486703540514355,0.6865722946157932,False,False,False
Bangladesh,BGD,2014,157964931.0,67.552,0.428,2.789,4.307,18.287,3.51,44.972,3.51,44.972,owid,owid,owid,0.0525693061151133,0.27388458715871133,0.6735461067261753,False,False,False
Bangladesh,BGD,2015,159383179.0,76.946,0.483,9.394,13.907,18.727,8.607,48.493,8.607,48.493,owid,owid,owid,0.11350838091972516,0.2469700766217838,0.6395215424584911,False,False,False
Bangladesh,BGD,2016,160811934.0,81.761,0.508,4.815,6.258,21.644,6.071,52.903,6.071,52.903,owid,owid,owid,0.075305762980972,0.2684760227244536,0.6562182142945744,False,False,False
Bangladesh,BGD,2017,162186146.0,86.531,0.534,4.77,5.834,25.478,7.152,52.683,7.152,52.683,owid,owid,owid,0.08383247570710209,0.29864147316352724,0.6175260511293706,False,False,False
Bangladesh,BGD,2018,163523109.0,86.608,0.53,0.077,0.089,24.359,8.182,52.654,8.182,52.654,owid,owid,owid,0.09603849991196665,0.2859205352426786,0.6180409648453548,False,False,False
Bangladesh,BGD,2019,164913060.0,94.808,0.575,8.2,9.467,25.187,8.68,59.417,8.68,59.417,owid,owid,owid,0.09304918313965953,0.27000343038463187,0.6369473864757086,False,False,False
Bangladesh,BGD,2020,166298024.0,95.729,0.576,0.921,0.972,23.636,10.549,60.126,10.549,60.126,owid,owid,owid,0.11185333630223408,0.2506176373911845,0.6375290263065814,False,False,False
Bangladesh,BGD,2021,167658855.0,98.53,0.588,2.801,2.926,22.596,14.216,60.156,14.216,60.156,owid,owid,owid,0.1466050655886478,0.23302532794323905,0.6203696064681132,False,False,False
Barbados,BRB,1992,260272.0,1.164,4.473,-0.019,-1.644,1.037,0.0,0.037,0.0,0.037,gcb,owid,owid,0.0,0.9655493482309125,0.03445065176908753,False,False,False
Barbados,BRB,1993,261036.0,0.936,3.584,-0.229,-19.633,0.864,0.0,0.037,0.0,0.037,gcb,owid,owid,0.0,0.9589345172031076,0.04106548279689234,False,False,False
Barbados,BRB,1994,261625.0,0.94,3.593,0.004,0.468,0.861,0.0,0.037,0.0,0.037,gcb,owid,owid,0.0,0.9587973273942093,0.04120267260579064,False,False,False
Barbados,BRB,1995,262046.0,1.023,3.903,0.083,8.807,0.949,0.0,0.033,0.0,0.033,gcb,owid,owid,0.0,0.9663951120162932,0.03360488798370672,False,False,False
Barbados,BRB,1996,262290.0,1.05,4.002,0.027,2.627,0.964,0.0,0.029,0.0,0.029,gcb,owid,owid,0.0,0.9707955689828801,0.02920443101711984,False,False,False
Barbados,BRB,1997,262405.0,1.156,4.404,0.106,10.101,1.03,0.0,0.037,0.0,0.037,gcb,owid,owid,0.0,0.9653233364573571,0.03467666354264293,False,False,False
Barbados,BRB,1998,262434.0,1.228,4.678,0.072,6.229,1.063,0.0,0.033,0.0,0.033,gcb,owid,owid,0.0,0.9698905109489052,0.030109489051094895,False,False,False
Barbados,BRB,1999,262521.0,1.302,4.958,0.074,6.026,1.129,0.0,0.044,0.0,0.044,gcb,owid,owid,0.0,0.9624893435635123,0.037510656436487634,False,False,False
Barbados,BRB,2000,262071.0,1.309,4.995,0.007,0.573,1.136,0.0,0.037,0.0,0.037,gcb,owid,owid,0.0,0.96845694799659,0.031543052003410066,False,False,False
Barbados,BRB,2001,262429.0,1.307,4.982,-0.002,-0.128,1.15,0.0,0.029,0.0,0.029,gcb,owid,owid,0.0,0.9754028837998304,0.02459711620016964,False,False,False
Barbados,BRB,2002,264155.0,1.317,4.985,0.009,0.715,1.136,0.0,0.029,0.0,0.029,gcb,owid,owid,0.0,0.9751072961373392,0.02489270386266095,False,False,False
Barbados,BRB,2003,265789.0,1.358,5.111,0.042,3.162,1.172,0.0,0.029,0.0,0.029,gcb,owid,owid,0.0,0.9758534554537885,0.024146544546211495,False,False,False
Barbados,BRB,2004,267297.0,1.387,5.188,0.028,2.084,1.202,0.0,0.029,0.0,0.029,gcb,owid,owid,0.0,0.9764419171405362,0.023558082859463855,False,False,False
Barbados,BRB,2005,268717.0,1.429,5.318,0.042,3.051,1.242,0.0,0.029,0.0,0.029,gcb,owid,owid,0.0,0.9771833202202991,0.022816679779701025,False,False,False
Barbados,BRB,2006,270011.0,1.471,5.448,0.042,2.937,1.279,0.0,0.037,0.0,0.037,gcb,owid,owid,0.0,0.9718844984802432,0.02811550151975684,False,False,False
Barbados,BRB,2007,271298.0,1.469,5.415,-0.002,-0.136,1.282,0.0,0.037,0.0,0.037,gcb,owid,owid,0.0,0.9719484457922669,0.028051554207733132,False,False,False
Barbados,BRB,2008,272719.0,1.733,6.356,0.264,17.997,1.554,0.0,0.033,0.0,0.033,gcb,owid,owid,0.0,0.9792060491493384,0.020793950850661626,False,False,False
Barbados,BRB,2009,274137.0,1.7,6.2,-0.034,-1.944,1.55,0.0,0.033,0.0,0.033,gcb,owid,owid,0.0,0.9791535060012635,0.020846493998736577,False,False,False
Barbados,BRB,2010,275251.0,1.567,5.692,-0.133,-7.832,1.433,0.0,0.029,0.0,0.029,gcb,owid,owid,0.0,0.9801641586867306,0.019835841313269497,False,False,False
Barbados,BRB,2011,276150.0,1.626,5.889,0.06,3.807,1.491,0.0,0.033,0.0,0.033,gcb,owid,owid,0.0,0.9783464566929134,0.021653543307086614,False,False,False
Barbados,BRB,2012,276949.0,1.554,5.612,-0.072,-4.429,1.436,0.0,0.037,0.0,0.037,gcb,owid,owid,0.0,0.9748811948404617,0.02511880515953836,False,False,False
Barbados,BRB,2013,277669.0,1.54,5.546,-0.014,-0.925,1.422,0.0,0.044,0.0,0.044,gcb,owid,owid,0.0,0.9699863574351978,0.03001364256480218,False,False,False
Barbados,BRB,2014,278355.0,1.368,4.913,-0.172,-11.184,1.253,0.0,0.04,0.0,0.04,gcb,owid,owid,0.0,0.9690641918020108,0.030935808197989176,False,False,False
Barbados,BRB,2015,278999.0,1.335,4.784,-0.033,-2.411,1.224,0.0,0.037,0.0,0.037,gcb,owid,owid,0.0,0.9706582077716099,0.029341792228390166,False,False,False
Barbados,BRB,2016,279604.0,1.371,4.905,0.037,2.758,1.261,0.0,0.037,0.0,0.037,gcb,owid,owid,0.0,0.9714946070878275,0.028505392912172575,False,False,False
Barbados,BRB,2017,280177.0,1.399,4.994,0.028,2.026,1.253,0.0,0.037,0.0,0.037,gcb,owid,owid,0.0,0.9713178294573644,0.028682170542635662,False,False,False
Barbados,BRB,2018,280719.0,1.447,5.154,0.048,3.404,1.29,0.0,0.048,0.0,0.048,gcb,owid,owid,0.0,0.9641255605381166,0.03587443946188341,False,False,False
Barbados,BRB,2019,281216.0,1.392,4.95,-0.055,-3.799,1.238,0.0,0.044,0.0,0.044,gcb,owid,owid,0.0,0.9656786271450858,0.03432137285491419,False,False,False
Barbados,BRB,2020,281706.0,1.256,4.457,-0.136,-9.798,1.143,0.0,0.029,0.0,0.029,gcb,owid,owid,0.0,0.9752559726962458,0.02474402730375427,False,False,False
Barbados,BRB,2021,282157.0,1.19,4.218,-0.065,-5.21,1.059,0.0,0.026,0.0,0.026,gcb,owid,owid,0.0,0.976036866359447,0.023963133640552994,False,False,False
Belarus,BLR,1992,10217561.0,93.597,9.16,-10.589,-10.164,47.716,8.734,33.09,8.734,33.09,owid,owid,owid,0.09754299754299754,0.5329014965378601,0.36955550591914227,False,False,False
Belarus,BLR,1993,10241320.0,80.674,7.877,-12.922,-13.806,39.451,7.663,30.05,7.663,30.05,owid,owid,owid,0.09930796744595925,0.5112617282670675,0.38943030428697323,False,False,False
Belarus,BLR,1994,10230193.0,67.99,6.646,-12.685,-15.723,32.582,6.312,26.765,6.312,26.765,owid,owid,owid,0.09613305106687585,0.49623052437594245,0.40763642455718185,False,False,False
Belarus,BLR,1995,10197466.0,61.015,5.983,-6.975,-10.259,28.607,5.889,24.34,5.889,24.34,owid,owid,owid,0.10009178054252499,0.4862159222244884,0.4136922972329866,False,False,False
Belarus,BLR,1996,10164025.0,61.844,6.085,0.829,1.359,27.511,5.843,26.23,5.843,26.23,owid,owid,owid,0.09806323845327604,0.4617179108485499,0.440218850698174,False,False,False
Belarus,BLR,1997,10122365.0,61.697,6.095,-0.146,-0.236,23.729,5.03,30.213,5.03,30.213,owid,owid,owid,0.08529471613647155,0.4023773994438038,0.5123278844197247,False,False,False
Belarus,BLR,1998,10080579.0,60.184,5.97,-1.513,-2.453,23.02,4.777,29.595,4.777,29.595,owid,owid,owid,0.08323459715639811,0.4011011987733482,0.5156642040702537,False,False,False
Belarus,BLR,1999,10039221.0,58.076,5.785,-2.108,-3.503,20.823,4.112,30.693,4.112,30.693,owid,owid,owid,0.07391960883008557,0.37432587905371395,0.5517545121162005,False,False,False
Belarus,BLR,2000,9991310.0,55.014,5.506,-3.061,-5.271,17.209,4.198,31.337,4.198,31.337,owid,owid,owid,0.07959199150614289,0.32627407856817836,0.5941339299256787,False,False,False
Belarus,BLR,2001,9938068.0,54.105,5.444,-0.91,-1.654,16.439,3.735,31.648,3.735,31.648,owid,owid,owid,0.07207363667940256,0.31722048550808535,0.6107058778125121,False,False,False
Belarus,BLR,2002,9873451.0,53.944,5.464,-0.161,-0.297,16.129,3.227,31.999,3.227,31.999,owid,owid,owid,0.06283711420504332,0.3140687372213027,0.6230941485736539,False,False,False
Belarus,BLR,2003,9803175.0,55.236,5.635,1.292,2.395,15.545,3.142,33.6,3.142,33.6,owid,owid,owid,0.060091418517030995,0.29730143247843627,0.6426071490045326,False,False,False
Belarus,BLR,2004,9735089.0,58.373,5.996,3.137,5.678,15.873,2.97,36.354,2.97,36.354,owid,owid,owid,0.05380727213435513,0.2875699766291646,0.6586227512364802,False,False,False
Belarus,BLR,2005,9667833.0,59.396,6.144,1.023,1.753,15.957,2.963,36.976,2.963,36.976,owid,owid,owid,0.0530091598683269,0.28547659939888365,0.6615142407327894,False,False,False
Belarus,BLR,2006,9608041.0,61.809,6.433,2.413,4.063,17.94,2.892,37.419,2.892,37.419,owid,owid,owid,0.04964721635680074,0.30797754544986355,0.6423752381933358,False,False,False
Belarus,BLR,2007,9563135.0,60.276,6.303,-1.534,-2.482,16.007,2.793,37.868,2.793,37.868,owid,owid,owid,0.049287075598221215,0.2824698242394297,0.6682431001623491,False,False,False
Belarus,BLR,2008,9529357.0,62.931,6.604,2.655,4.406,17.911,2.628,38.635,2.628,38.635,owid,owid,owid,0.044411396897285974,0.3026836110453916,0.6529049920573224,False,False,False
Belarus,BLR,2009,9507334.0,60.628,6.377,-2.303,-3.659,22.486,2.677,31.82,2.677,31.82,owid,owid,owid,0.04697892353859923,0.3946089184493621,0.5584121580120387,False,False,False
Belarus,BLR,2010,9490752.0,62.515,6.587,1.887,3.113,16.326,2.901,39.553,2.901,39.553,owid,owid,owid,0.04935352160598843,0.27774753317454914,0.6728989452194624,False,False,False
Belarus,BLR,2011,9472738.0,61.353,6.477,-1.162,-1.859,17.418,2.975,37.378,2.975,37.378,owid,owid,owid,0.05149642554222707,0.3015007529729449,0.647002821484828,False,False,False
Belarus,BLR,2012,9463075.0,62.592,6.614,1.238,2.019,17.088,5.004,36.817,5.004,36.817,owid,owid,owid,0.08494457553175236,0.29007452171994097,0.6249809027483068,False,False,False
Belarus,BLR,2013,9464454.0,64.152,6.778,1.56,2.493,18.704,4.838,36.9,4.838,36.9,owid,owid,owid,0.08004367823698752,0.30945369114192117,0.6105026306210912,False,False,False
Belarus,BLR,2014,9472704.0,63.699,6.725,-0.453,-0.706,18.383,4.634,36.594,4.634,36.594,owid,owid,owid,0.07773733035849088,0.3083826810487997,0.6138799885927094,False,False,False
Belarus,BLR,2015,9487289.0,58.828,6.201,-4.871,-7.648,17.178,4.094,33.957,4.094,33.957,owid,owid,owid,0.07412772275435008,0.3110322475511054,0.6148400296945445,False,False,False
Belarus,BLR,2016,9499066.0,58.188,6.126,-0.64,-1.087,17.313,3.692,33.885,3.692,33.885,owid,owid,owid,0.06726179631991255,0.3154126434687557,0.6173255602113317,False,False,False
Belarus,BLR,2017,9495793.0,59.444,6.26,1.256,2.159,17.345,3.882,34.769,3.882,34.769,owid,owid,owid,0.06932638045574685,0.30975426816201157,0.6209193513822416,False,False,False
Belarus,BLR,2018,9480031.0,62.171,6.558,2.726,4.586,18.139,3.964,36.813,3.964,36.813,owid,owid,owid,0.06728223233077603,0.3078790141896938,0.6248387534795302,False,False,False
Belarus,BLR,2019,9435415.0,62.171,6.589,-0.0,-0.0,17.973,4.101,36.685,4.101,36.685,owid,owid,owid,0.0697935635392025,0.305876546571589,0.6243298898892085,False,False,False
Belarus,BLR,2020,9350943.0,59.123,6.323,-3.048,-4.902,17.906,3.789,34.029,3.789,34.029,owid,owid,owid,0.06799583662335798,0.32133371617256473,0.6106704472040773,False,False,False
Belarus,BLR,2021,9251368.0,60.861,6.579,1.738,2.94,17.728,3.883,35.938,3.883,35.938,owid,owid,owid,0.06747293610662218,0.3080505308519696,0.6244765330414082,False,False,False
Belgium,BEL,1992,10045988.0,122.519,12.196,-0.877,-0.711,56.361,38.118,22.177,38.118,22.177,owid,owid,owid,0.3267555890824304,0.48313845837333697,0.1901059525442326,False,False,False
Belgium,BEL,1993,10084932.0,121.451,12.043,-1.068,-0.872,55.846,36.562,23.189,36.562,23.189,owid,owid,owid,0.3162884849952854,0.48310942325492884,0.20060209174978594,False,False,False
Belgium,BEL,1994,10116005.0,124.833,12.34,3.382,2.785,57.234,38.013,23.677,38.013,23.677,owid,owid,owid,0.31964111533416295,0.48126534593521914,0.19909353873061786,False,False,False
Belgium,BEL,1995,10137264.0,125.969,12.426,1.136,0.91,56.621,36.955,26.284,36.955,26.284,owid,owid,owid,0.30831803771066246,0.47239279159018865,0.21928917069914902,False,False,False
Belgium,BEL,1996,10156972.0,129.503,12.75,3.534,2.805,60.415,34.203,29.192,34.203,29.192,owid,owid,owid,0.2762539374848558,0.4879654309021888,0.23578063161295534,False,False,False
Belgium,BEL,1997,10181465.0,124.017,12.181,-5.486,-4.236,58.48,31.916,27.721,31.916,27.721,owid,owid,owid,0.2702066594986327,0.4951023138074959,0.23469102669387132,False,False,False
Belgium,BEL,1998,10203185.0,130.256,12.766,6.238,5.03,60.233,33.214,30.851,33.214,30.851,owid,owid,owid,0.2672126663341325,0.484585431784904,0.24820190188096347,False,False,False
Belgium,BEL,1999,10226681.0,124.719,12.195,-5.537,-4.251,56.9,28.931,32.957,28.931,32.957,owid,owid,owid,0.243551537192309,0.4790046132605987,0.2774438495470923,False,False,False
Belgium,BEL,2000,10251719.0,126.776,12.366,2.057,1.649,55.595,31.672,33.187,31.672,33.187,owid,owid,owid,0.2629385491556943,0.46154548624371133,0.2755159646005944,False,False,False
Belgium,BEL,2001,10287005.0,126.085,12.257,-0.691,-0.545,58.888,28.29,32.914,28.29,32.914,owid,owid,owid,0.2355693967957899,0.490357392665623,0.2740732105385871,False,False,False
Belgium,BEL,2002,10332975.0,126.883,12.279,0.798,0.633,58.705,28.637,33.235,28.637,33.235,owid,owid,owid,0.23749968899541374,0.4868673130033091,0.2756329980012772,False,False,False
Belgium,BEL,2003,10376262.0,128.292,12.364,1.409,1.11,59.396,27.766,34.973,27.766,34.973,owid,owid,owid,0.22733860072870182,0.4863143243132599,0.28634707495803824,False,False,False
Belgium,BEL,2004,10421298.0,128.812,12.36,0.52,0.405,59.311,28.252,34.963,28.252,34.963,owid,owid,owid,0.2305796320780895,0.48406868746225284,0.28535168045965753,False,False,False
Belgium,BEL,2005,10478883.0,125.658,11.992,-3.154,-2.449,57.578,26.196,35.624,26.196,35.624,owid,owid,owid,0.2194006599775541,0.48223588334812983,0.2983634566743162,False,False,False
Belgium,BEL,2006,10548445.0,123.9,11.746,-1.757,-1.398,56.542,25.337,35.371,25.337,35.371,owid,owid,owid,0.21609381663113006,0.4822345415778252,0.3016716417910448,False,False,False
Belgium,BEL,2007,10625488.0,120.493,11.34,-3.407,-2.75,55.086,23.158,35.621,23.158,35.621,owid,owid,owid,0.20338119703157248,0.4837834277433803,0.3128353752250472,False,False,False
Belgium,BEL,2008,10709711.0,120.204,11.224,-0.289,-0.24,54.708,23.259,35.671,23.259,35.671,owid,owid,owid,0.20467625266196166,0.48142346750206794,0.31390027983597035,False,False,False
Belgium,BEL,2009,10812936.0,107.807,9.97,-12.398,-10.314,50.706,15.162,36.468,15.162,36.468,owid,owid,owid,0.1481590056285178,0.4954854596622889,0.35635553470919323,False,False,False
Belgium,BEL,2010,10936619.0,114.563,10.475,6.756,6.267,51.153,17.526,40.339,17.526,40.339,owid,owid,owid,0.16076244289933772,0.4692160927553248,0.37002146434533745,False,False,False
Belgium,BEL,2011,11038624.0,105.159,9.526,-9.404,-8.208,48.22,16.689,34.572,16.689,34.572,owid,owid,owid,0.1677606779183965,0.4847156743498759,0.3475236477317277,False,False,False
Belgium,BEL,2012,11107522.0,102.486,9.227,-2.673,-2.542,47.133,15.078,34.911,15.078,34.911,owid,owid,owid,0.15524803854945327,0.48529684314573424,0.3594551183048125,False,False,False
Belgium,BEL,2013,11160277.0,102.816,9.213,0.33,0.322,47.229,15.269,35.272,15.269,35.272,owid,owid,owid,0.15617265009716683,0.4830622890457196,0.36076506085711363,False,False,False
Belgium,BEL,2014,11210113.0,97.081,8.66,-5.735,-5.578,46.313,14.725,30.995,14.725,30.995,owid,owid,owid,0.1599969576130301,0.5032216704877599,0.3367813718992101,False,False,False
Belgium,BEL,2015,11275332.0,101.327,8.987,4.247,4.374,48.237,14.381,33.812,14.381,33.812,owid,owid,owid,0.14913408690241625,0.5002281447682256,0.35063776832935806,False,False,False
Belgium,BEL,2016,11332707.0,99.816,8.808,-1.511,-1.491,47.124,13.476,34.369,13.476,34.369,owid,owid,owid,0.14189893544209164,0.49620402447114326,0.36189704008676515,False,False,False
Belgium,BEL,2017,11376583.0,99.282,8.727,-0.534,-0.535,46.258,13.247,35.03,13.247,35.03,owid,owid,owid,0.1401279949225155,0.4893214153488127,0.37055058972867194,False,False,False
Belgium,BEL,2018,11428608.0,100.256,8.772,0.974,0.981,45.875,13.297,36.104,13.297,36.104,owid,owid,owid,0.13956295394433016,0.48149586464587096,0.37894118140979893,False,False,False
Belgium,BEL,2019,11490623.0,99.799,8.685,-0.458,-0.456,45.341,13.156,36.224,13.156,36.224,owid,owid,owid,0.13889211473696436,0.47867949029254336,0.38242839497049225,False,False,False
Belgium,BEL,2020,11540102.0,91.255,7.908,-8.544,-8.561,40.098,10.466,36.073,10.466,36.073,owid,owid,owid,0.1208028902201138,0.46282766023754285,0.41636944954234334,False,False,False
Belgium,BEL,2021,11570843.0,94.928,8.204,3.674,4.026,42.152,11.762,36.281,11.762,36.281,owid,owid,owid,0.1304063418149565,0.4673429791008371,0.4022506790842065,False,False,False
Belize,BLZ,1992,190995.0,0.355,1.861,-0.051,-12.613,0.355,0.0,0.0,0.0,0.0,gcb,gcb,owid,0.0,1.0,0.0,False,False,False
Belize,BLZ,1993,194916.0,0.377,1.936,0.022,6.186,0.377,0.0,0.0,0.0,0.0,gcb,gcb,owid,0.0,1.0,0.0,False,False,False
Belize,BLZ,1994,199101.0,0.374,1.877,-0.004,-0.971,0.374,0.0,0.0,0.0,0.0,gcb,gcb,owid,0.0,1.0,0.0,False,False,False
Belize,BLZ,1995,204165.0,0.377,1.848,0.004,0.98,0.377,0.0,0.0,0.0,0.0,gcb,gcb,owid,0.0,1.0,0.0,False,False,False
Belize,BLZ,1996,210321.0,0.308,1.463,-0.07,-18.447,0.308,0.0,0.0,0.0,0.0,gcb,gcb,owid,0.0,1.0,0.0,False,False,False
Belize,BLZ,1997,217459.0,0.388,1.786,0.081,26.19,0.388,0.0,0.0,0.0,0.0,gcb,gcb,owid,0.0,1.0,0.0,False,False,False
Belize,BLZ,1998,225186.0,0.37,1.643,-0.018,-4.717,0.37,0.0,0.0,0.0,0.0,gcb,gcb,owid,0.0,1.0,0.0,False,False,False
Belize,BLZ,1999,233066.0,0.348,1.493,-0.022,-5.941,0.348,0.0,0.0,0.0,0.0,gcb,gcb,owid,0.0,1.0,0.0,False,False,False
Belize,BLZ,2000,240809.0,0.396,1.643,0.048,13.684,0.396,0.0,0.0,0.0,0.0,gcb,gcb,owid,0.0,1.0,0.0,False,False,False
Belize,BLZ,2001,248393.0,0.447,1.8,0.051,12.963,0.447,0.0,0.0,0.0,0.0,gcb,gcb,owid,0.0,1.0,0.0,False,False,False
Belize,BLZ,2002,256019.0,0.432,1.689,-0.015,-3.279,0.432,0.0,0.0,0.0,0.0,gcb,gcb,owid,0.0,1.0,0.0,False,False,False
Belize,BLZ,2003,263794.0,0.432,1.639,0.0,0.0,0.432,0.0,0.0,0.0,0.0,gcb,gcb,owid,0.0,1.0,0.0,False,False,False
Belize,BLZ,2004,271695.0,0.392,1.443,-0.04,-9.322,0.392,0.0,0.0,0.0,0.0,gcb,gcb,owid,0.0,1.0,0.0,False,False,False
Belize,BLZ,2005,279747.0,0.418,1.493,0.026,6.542,0.418,0.0,0.0,0.0,0.0,gcb,gcb,owid,0.0,1.0,0.0,False,False,False
Belize,BLZ,2006,287889.0,0.443,1.54,0.026,6.14,0.443,0.0,0.0,0.0,0.0,gcb,gcb,owid,0.0,1.0,0.0,False,False,False
Belize,BLZ,2007,296117.0,0.473,1.596,0.029,6.612,0.473,0.0,0.0,0.0,0.0,gcb,gcb,owid,0.0,1.0,0.0,False,False,False
Belize,BLZ,2008,304373.0,0.432,1.42,-0.04,-8.527,0.432,0.0,0.0,0.0,0.0,gcb,gcb,owid,0.0,1.0,0.0,False,False,False
Belize,BLZ,2009,312619.0,0.513,1.641,0.081,18.644,0.513,0.0,0.0,0.0,0.0,gcb,gcb,owid,0.0,1.0,0.0,False,False,False
Belize,BLZ,2010,320256.0,0.539,1.682,0.026,5.0,0.528,0.0,0.011,0.0,0.011,gcb,owid,owid,0.0,0.9795918367346939,0.02040816326530612,False,False,False
Belize,BLZ,2011,327306.0,0.572,1.746,0.033,6.122,0.561,0.0,0.011,0.0,0.011,gcb,owid,owid,0.0,0.9807692307692307,0.01923076923076923,False,False,False
Belize,BLZ,2012,334421.0,0.473,1.413,-0.099,-17.308,0.465,0.0,0.007,0.0,0.007,gcb,owid,owid,0.0,0.9851694915254238,0.01483050847457627,False,False,False
Belize,BLZ,2013,341635.0,0.473,1.384,0.0,0.0,0.469,0.0,0.004,0.0,0.004,gcb,owid,owid,0.0,0.9915433403805497,0.008456659619450317,False,False,False
Belize,BLZ,2014,348934.0,0.502,1.439,0.029,6.202,0.498,0.0,0.004,0.0,0.004,gcb,owid,owid,0.0,0.9920318725099602,0.00796812749003984,False,False,False
Belize,BLZ,2015,356341.0,0.685,1.923,0.183,36.496,0.682,0.0,0.004,0.0,0.004,gcb,owid,owid,0.0,0.9941690962099126,0.0058309037900874635,False,False,False
Belize,BLZ,2016,364717.0,0.674,1.848,-0.011,-1.604,0.671,0.0,0.004,0.0,0.004,gcb,owid,owid,0.0,0.9940740740740741,0.005925925925925926,False,False,False
Belize,BLZ,2017,373215.0,0.667,1.787,-0.007,-1.087,0.663,0.0,0.004,0.0,0.004,gcb,owid,owid,0.0,0.9940029985007496,0.005997001499250375,False,False,False
Belize,BLZ,2018,380232.0,0.66,1.735,-0.007,-1.096,0.656,0.0,0.004,0.0,0.004,gcb,owid,owid,0.0,0.9939393939393939,0.006060606060606061,False,False,False
Belize,BLZ,2019,385833.0,0.769,1.994,0.11,16.663,0.769,0.0,0.0,0.0,0.0,gcb,owid,owid,0.0,1.0,0.0,False,False,False
Belize,BLZ,2020,390819.0,0.654,1.672,-0.116,-15.05,0.652,0.0,0.0,0.0,0.0,gcb,owid,owid,0.0,1.0,0.0,False,False,False
Belize,BLZ,2021,395355.0,0.694,1.754,0.04,6.119,0.689,0.0,0.0,0.0,0.0,gcb,gcb,owid,0.0,1.0,0.0,False,False,False
Benin,BEN,1992,5617847.0,0.671,0.119,0.051,8.278,0.597,0.0,0.0,0.0,0.0,gcb,gcb,owid,0.0,1.0,0.0,False,False,False
Benin,BEN,1993,5872707.0,0.807,0.137,0.136,20.341,0.729,0.0,0.0,0.0,0.0,gcb,gcb,owid,0.0,1.0,0.0,False,False,False
Benin,BEN,1994,6096510.0,0.912,0.15,0.104,12.894,0.846,0.0,0.0,0.0,0.0,gcb,gcb,owid,0.0,1.0,0.0,False,False,False
Benin,BEN,1995,6226775.0,0.956,0.154,0.045,4.908,0.876,0.0,0.0,0.0,0.0,gcb,gcb,owid,0.0,1.0,0.0,False,False,False
Benin,BEN,1996,6391861.0,1.184,0.185,0.228,23.795,1.118,0.0,0.0,0.0,0.0,gcb,gcb,owid,0.0,1.0,0.0,False,False,False
Benin,BEN,1997,6583375.0,1.224,0.186,0.04,3.393,1.147,0.0,0.0,0.0,0.0,gcb,gcb,owid,0.0,1.0,0.0,False,False,False
Benin,BEN,1998,6789492.0,1.114,0.164,-0.11,-8.997,1.114,0.0,0.0,0.0,0.0,gcb,gcb,owid,0.0,1.0,0.0,False,False,False
Benin,BEN,1999,7002818.0,1.462,0.209,0.348,31.25,1.462,0.0,0.0,0.0,0.0,gcb,gcb,owid,0.0,1.0,0.0,False,False,False
Benin,BEN,2000,7221618.0,1.473,0.204,0.011,0.752,1.473,0.0,0.0,0.0,0.0,gcb,gcb,owid,0.0,1.0,0.0,False,False,False
Benin,BEN,2001,7445599.0,1.689,0.227,0.216,14.677,1.689,0.0,0.0,0.0,0.0,gcb,gcb,owid,0.0,1.0,0.0,False,False,False
Benin,BEN,2002,7675430.0,2.11,0.275,0.421,24.922,1.953,0.0,0.0,0.0,0.0,gcb,gcb,owid,0.0,1.0,0.0,False,False,False
Benin,BEN,2003,7913074.0,2.394,0.303,0.284,13.457,2.228,0.0,0.0,0.0,0.0,gcb,gcb,owid,0.0,1.0,0.0,False,False,False
Benin,BEN,2004,8159098.0,2.594,0.318,0.2,8.338,2.382,0.0,0.0,0.0,0.0,gcb,gcb,owid,0.0,1.0,0.0,False,False,False
Benin,BEN,2005,8426145.0,2.49,0.295,-0.104,-4.005,2.268,0.0,0.0,0.0,0.0,gcb,gcb,owid,0.0,1.0,0.0,False,False,False
Benin,BEN,2006,8693243.0,3.351,0.385,0.861,34.597,3.125,0.0,0.0,0.0,0.0,gcb,gcb,owid,0.0,1.0,0.0,False,False,False
Benin,BEN,2007,8953973.0,3.931,0.439,0.58,17.303,3.719,0.0,0.0,0.0,0.0,gcb,gcb,owid,0.0,1.0,0.0,False,False,False
Benin,BEN,2008,9228468.0,3.919,0.425,-0.012,-0.304,3.737,0.0,0.0,0.0,0.0,gcb,gcb,owid,0.0,1.0,0.0,False,False,False
Benin,BEN,2009,9509431.0,4.225,0.444,0.306,7.796,4.001,0.0,0.0,0.0,0.0,gcb,gcb,owid,0.0,1.0,0.0,False,False,False
Benin,BEN,2010,9797488.0,4.679,0.478,0.455,10.767,4.437,0.0,0.0,0.0,0.0,gcb,gcb,owid,0.0,1.0,0.0,False,False,False
Benin,BEN,2011,10093626.0,4.48,0.444,-0.2,-4.267,4.247,0.0,0.0,0.0,0.0,gcb,gcb,owid,0.0,1.0,0.0,False,False,False
Benin,BEN,2012,10397659.0,4.403,0.423,-0.077,-1.723,4.166,0.0,0.0,0.0,0.0,gcb,gcb,owid,0.0,1.0,0.0,False,False,False
Benin,BEN,2013,10708831.0,4.566,0.426,0.163,3.712,4.331,0.0,0.022,0.0,0.022,gcb,owid,owid,0.0,0.9949460142430507,0.005053985756949229,False,False,False
Benin,BEN,2014,11030008.0,4.774,0.433,0.208,4.556,4.338,0.165,0.055,0.165,0.055,owid,owid,owid,0.036200087757788504,0.9517332163229487,0.012066695919262835,False,False,False
Benin,BEN,2015,11360681.0,5.318,0.468,0.544,11.4,4.943,0.099,0.062,0.099,0.062,owid,owid,owid,0.01939655172413793,0.9684561128526645,0.012147335423197491,False,False,False
Benin,BEN,2016,11697845.0,5.311,0.454,-0.008,-0.145,4.91,0.187,0.004,0.187,0.004,owid,owid,owid,0.03665947853362086,0.9625563614977456,0.0007841599686336013,False,False,False
Benin,BEN,2017,12039777.0,5.555,0.461,0.244,4.603,5.056,0.176,0.11,0.176,0.11,owid,owid,owid,0.03294646199925121,0.9464619992512167,0.02059153874953201,False,False,False
Benin,BEN,2018,12383349.0,5.668,0.458,0.113,2.042,5.24,0.0,0.037,0.0,0.037,owid,owid,owid,0.0,0.9929884404017434,0.007011559598256585,False,False,False
Benin,BEN,2019,12726760.0,5.273,0.414,-0.396,-6.983,4.525,0.238,0.106,0.238,0.106,owid,owid,owid,0.048880673649620045,0.9293489422879443,0.021770384062435817,False,False,False
Benin,BEN,2020,13070169.0,5.541,0.424,0.268,5.089,4.547,0.256,0.319,0.256,0.319,owid,owid,owid,0.049980476376415464,0.8877391643889105,0.06228035923467396,False,False,False
Benin,BEN,2021,13413423.0,5.806,0.433,0.265,4.78,4.711,0.293,0.352,0.293,0.352,owid,owid,owid,0.05470500373412994,0.8795743091859596,0.06572068707991037,False,False,False
Bermuda,BMU,1992,58430.0,0.462,7.901,-0.077,-14.286,0.462,0.0,0.0,0.0,0.0,gcb,gcb,owid,0.0,1.0,0.0,False,False,False
Bermuda,BMU,1993,58834.0,0.539,9.155,0.077,16.667,0.539,0.0,0.0,0.0,0.0,gcb,gcb,owid,0.0,1.0,0.0,False,False,False
Bermuda,BMU,1994,59214.0,0.531,8.972,-0.007,-1.361,0.531,0.0,0.0,0.0,0.0,gcb,gcb,owid,0.0,1.0,0.0,False,False,False
Bermuda,BMU,1995,59549.0,0.531,8.922,0.0,0.0,0.531,0.0,0.0,0.0,0.0,gcb,gcb,owid,0.0,1.0,0.0,False,False,False
Bermuda,BMU,1996,59836.0,0.528,8.818,-0.004,-0.69,0.528,0.0,0.0,0.0,0.0,gcb,gcb,owid,0.0,1.0,0.0,False,False,False
Bermuda,BMU,1997,60194.0,0.524,8.704,-0.004,-0.694,0.524,0.0,0.0,0.0,0.0,gcb,gcb,owid,0.0,1.0,0.0,False,False,False
Bermuda,BMU,1998,60659.0,0.52,8.577,-0.004,-0.699,0.52,0.0,0.0,0.0,0.0,gcb,gcb,owid,0.0,1.0,0.0,False,False,False
Bermuda,BMU,1999,61142.0,0.513,8.39,-0.007,-1.408,0.513,0.0,0.0,0.0,0.0,gcb,gcb,owid,0.0,1.0,0.0,False,False,False
Bermuda,BMU,2000,61569.0,0.517,8.391,0.004,0.714,0.517,0.0,0.0,0.0,0.0,gcb,gcb,owid,0.0,1.0,0.0,False,False,False
Bermuda,BMU,2001,61887.0,0.528,8.525,0.011,2.128,0.528,0.0,0.0,0.0,0.0,gcb,gcb,owid,0.0,1.0,0.0,False,False,False
Bermuda,BMU,2002,62163.0,0.557,8.959,0.029,5.556,0.557,0.0,0.0,0.0,0.0,gcb,gcb,owid,0.0,1.0,0.0,False,False,False
Bermuda,BMU,2003,62405.0,0.561,8.983,0.004,0.658,0.561,0.0,0.0,0.0,0.0,gcb,gcb,owid,0.0,1.0,0.0,False,False,False
Bermuda,BMU,2004,62576.0,0.583,9.31,0.022,3.922,0.583,0.0,0.0,0.0,0.0,gcb,gcb,owid,0.0,1.0,0.0,False,False,False
Bermuda,BMU,2005,62730.0,0.583,9.287,0.0,0.0,0.583,0.0,0.0,0.0,0.0,gcb,gcb,owid,0.0,1.0,0.0,False,False,False
Bermuda,BMU,2006,62855.0,0.656,10.434,0.073,12.579,0.656,0.0,0.0,0.0,0.0,gcb,gcb,owid,0.0,1.0,0.0,False,False,False
Bermuda,BMU,2007,63030.0,0.729,11.568,0.073,11.173,0.729,0.0,0.0,0.0,0.0,gcb,gcb,owid,0.0,1.0,0.0,False,False,False
Bermuda,BMU,2008,63319.0,0.645,10.184,-0.084,-11.558,0.645,0.0,0.0,0.0,0.0,gcb,gcb,owid,0.0,1.0,0.0,False,False,False
Bermuda,BMU,2009,63587.0,0.473,7.433,-0.172,-26.705,0.473,0.0,0.0,0.0,0.0,owid,gcb,owid,0.0,1.0,0.0,False,False,False
Bermuda,BMU,2010,63748.0,0.605,9.484,0.132,27.907,0.605,0.0,0.0,0.0,0.0,owid,gcb,owid,0.0,1.0,0.0,False,False,False
Bermuda,BMU,2011,63753.0,0.443,6.954,-0.161,-26.667,0.443,0.0,0.0,0.0,0.0,owid,gcb,owid,0.0,1.0,0.0,False,False,False
Bermuda,BMU,2012,63665.0,0.366,5.755,-0.077,-17.355,0.366,0.0,0.0,0.0,0.0,owid,gcb,owid,0.0,1.0,0.0,False,False,False
Bermuda,BMU,2013,63593.0,0.535,8.412,0.169,46.0,0.535,0.0,0.0,0.0,0.0,owid,gcb,owid,0.0,1.0,0.0,False,False,False
Bermuda,BMU,2014,63551.0,0.667,10.493,0.132,24.658,0.667,0.0,0.0,0.0,0.0,owid,gcb,owid,0.0,1.0,0.0,False,False,False
Bermuda,BMU,2015,63482.0,0.542,8.542,-0.125,-18.681,0.542,0.0,0.0,0.0,0.0,owid,gcb,owid,0.0,1.0,0.0,False,False,False
Bermuda,BMU,2016,63466.0,0.616,9.699,0.073,13.514,0.616,0.0,0.0,0.0,0.0,owid,gcb,owid,0.0,1.0,0.0,False,False,False
Bermuda,BMU,2017,63603.0,0.641,10.081,0.026,4.167,0.641,0.0,0.0,0.0,0.0,owid,gcb,owid,0.0,1.0,0.0,False,False,False
Bermuda,BMU,2018,63852.0,0.696,10.903,0.055,8.571,0.696,0.0,0.0,0.0,0.0,owid,gcb,owid,0.0,1.0,0.0,False,False,False
Bermuda,BMU,2019,64130.0,0.594,9.256,-0.103,-14.737,0.594,0.0,0.0,0.0,0.0,owid,gcb,owid,0.0,1.0,0.0,False,False,False
Bermuda,BMU,2020,64404.0,0.436,6.77,-0.158,-26.543,0.436,0.0,0.0,0.0,0.0,owid,gcb,owid,0.0,1.0,0.0,False,False,False
Bermuda,BMU,2021,64672.0,0.517,7.988,0.081,18.487,0.517,0.0,0.0,0.0,0.0,owid,gcb,owid,0.0,1.0,0.0,False,False,False
Bhutan,BTN,1992,577780.0,0.215,0.372,0.029,15.785,0.077,0.081,0.0,0.081,0.0,owid,gcb,owid,0.5126582278481012,0.4873417721518987,0.0,False,False,False
Bhutan,BTN,1993,554680.0,0.182,0.328,-0.033,-15.471,0.084,0.044,0.0,0.044,0.0,owid,gcb,owid,0.34375,0.65625,0.0,False,False,False
Bhutan,BTN,1994,554509.0,0.212,0.383,0.031,16.846,0.09,0.063,0.0,0.063,0.0,owid,gcb,owid,0.411764705882353,0.5882352941176471,0.0,False,False,False
Bhutan,BTN,1995,547995.0,0.249,0.454,0.037,17.21,0.103,0.077,0.0,0.077,0.0,owid,gcb,owid,0.4277777777777778,0.5722222222222222,0.0,False,False,False
Bhutan,BTN,1996,548792.0,0.298,0.544,0.049,19.804,0.126,0.093,0.0,0.093,0.0,owid,gcb,owid,0.4246575342465753,0.5753424657534246,0.0,False,False,False
Bhutan,BTN,1997,558698.0,0.39,0.698,0.092,30.788,0.122,0.189,0.0,0.189,0.0,owid,gcb,owid,0.6077170418006431,0.3922829581993569,0.0,False,False,False
Bhutan,BTN,1998,569439.0,0.385,0.676,-0.005,-1.262,0.129,0.181,0.0,0.181,0.0,owid,gcb,owid,0.5838709677419355,0.4161290322580645,0.0,False,False,False
Bhutan,BTN,1999,582589.0,0.386,0.662,0.001,0.178,0.136,0.176,0.0,0.176,0.0,owid,gcb,owid,0.5641025641025641,0.4358974358974359,0.0,False,False,False
Bhutan,BTN,2000,596871.0,0.397,0.665,0.011,2.851,0.147,0.176,0.0,0.176,0.0,owid,gcb,owid,0.5448916408668731,0.45510835913312697,0.0,False,False,False
Bhutan,BTN,2001,610801.0,0.464,0.759,0.067,16.799,0.159,0.225,0.0,0.225,0.0,owid,gcb,owid,0.5859375,0.4140625,0.0,False,False,False
Bhutan,BTN,2002,624417.0,0.494,0.791,0.03,6.571,0.167,0.247,0.0,0.247,0.0,owid,gcb,owid,0.5966183574879227,0.4033816425120773,0.0,False,False,False
Bhutan,BTN,2003,637667.0,0.494,0.775,0.0,0.002,0.185,0.229,0.0,0.229,0.0,owid,gcb,owid,0.5531400966183575,0.44685990338164244,0.0,False,False,False
Bhutan,BTN,2004,650559.0,0.436,0.67,-0.058,-11.712,0.194,0.158,0.0,0.158,0.0,owid,gcb,owid,0.4488636363636364,0.5511363636363636,0.0,False,False,False
Bhutan,BTN,2005,661875.0,0.546,0.825,0.11,25.205,0.209,0.253,0.0,0.253,0.0,owid,gcb,owid,0.5476190476190477,0.4523809523809524,0.0,False,False,False
Bhutan,BTN,2006,670803.0,0.411,0.613,-0.135,-24.715,0.218,0.104,0.0,0.104,0.0,owid,gcb,owid,0.32298136645962733,0.6770186335403726,0.0,False,False,False
Bhutan,BTN,2007,678643.0,0.397,0.585,-0.014,-3.389,0.224,0.084,0.0,0.084,0.0,owid,gcb,owid,0.27272727272727276,0.7272727272727273,0.0,False,False,False
Bhutan,BTN,2008,686359.0,0.646,0.942,0.249,62.732,0.22,0.337,0.0,0.337,0.0,owid,gcb,owid,0.6050269299820467,0.3949730700179533,0.0,False,False,False
Bhutan,BTN,2009,693994.0,0.683,0.984,0.037,5.67,0.245,0.348,0.0,0.348,0.0,owid,gcb,owid,0.5868465430016864,0.4131534569983137,0.0,False,False,False
Bhutan,BTN,2010,701638.0,0.905,1.291,0.222,32.571,0.311,0.495,0.0,0.495,0.0,owid,gcb,owid,0.6141439205955335,0.3858560794044665,0.0,False,False,False
Bhutan,BTN,2011,709387.0,1.007,1.419,0.101,11.194,0.366,0.37,0.0,0.37,0.0,owid,gcb,owid,0.5027173913043478,0.49728260869565216,0.0,False,False,False
Bhutan,BTN,2012,717288.0,1.15,1.603,0.143,14.222,0.442,0.449,0.0,0.449,0.0,owid,gcb,owid,0.5039281705948373,0.49607182940516276,0.0,False,False,False
Bhutan,BTN,2013,725282.0,1.269,1.75,0.119,10.344,0.443,0.542,0.0,0.542,0.0,owid,gcb,owid,0.550253807106599,0.44974619289340095,0.0,False,False,False
Bhutan,BTN,2014,733151.0,1.332,1.817,0.063,4.993,0.432,0.557,0.0,0.557,0.0,owid,gcb,owid,0.5631951466127402,0.43680485338725983,0.0,False,False,False
Bhutan,BTN,2015,740623.0,1.434,1.936,0.102,7.623,0.451,0.59,0.0,0.59,0.0,owid,gcb,owid,0.5667627281460135,0.4332372718539866,0.0,False,False,False
Bhutan,BTN,2016,747878.0,1.56,2.086,0.126,8.813,0.479,0.614,0.0,0.614,0.0,owid,gcb,owid,0.5617566331198536,0.43824336688014637,0.0,False,False,False
Bhutan,BTN,2017,754343.0,1.649,2.186,0.089,5.705,0.517,0.689,0.0,0.689,0.0,owid,gcb,owid,0.5713101160862355,0.42868988391376456,0.0,False,False,False
Bhutan,BTN,2018,759766.0,1.682,2.214,0.033,1.978,0.564,0.627,0.0,0.627,0.0,owid,gcb,owid,0.5264483627204031,0.473551637279597,0.0,False,False,False
Bhutan,BTN,2019,764830.0,1.565,2.046,-0.117,-6.958,0.575,0.528,0.0,0.528,0.0,owid,gcb,owid,0.47869446962828655,0.5213055303717135,0.0,False,False,False
Bhutan,BTN,2020,770013.0,1.214,1.576,-0.351,-22.444,0.405,0.486,0.0,0.486,0.0,owid,gcb,owid,0.5454545454545454,0.4545454545454546,0.0,False,False,False
Bhutan,BTN,2021,775450.0,1.455,1.876,0.241,19.859,0.41,0.703,0.0,0.703,0.0,owid,gcb,owid,0.6316262353998203,0.3683737646001797,0.0,False,False,False
Bolivia,BOL,1992,7430337.0,11.025,1.484,0.519,4.944,3.408,0.0,1.821,0.0,1.821,gcb,owid,owid,0.0,0.6517498565691336,0.3482501434308663,False,False,False
Bolivia,BOL,1993,7579196.0,11.562,1.525,0.536,4.865,3.697,0.0,1.88,0.0,1.88,gcb,owid,owid,0.0,0.6629012013627399,0.33709879863726017,False,False,False
Bolivia,BOL,1994,7727320.0,9.65,1.249,-1.912,-16.538,4.173,0.0,2.206,0.0,2.206,gcb,owid,owid,0.0,0.6541777708104719,0.34582222918952815,False,False,False
Bolivia,BOL,1995,7874676.0,9.029,1.147,-0.621,-6.436,5.023,0.0,2.451,0.0,2.451,gcb,owid,owid,0.0,0.672063152261172,0.3279368477388279,False,False,False
Bolivia,BOL,1996,8021742.0,10.027,1.25,0.999,11.062,5.474,0.0,3.1,0.0,3.1,gcb,owid,owid,0.0,0.6384418007930954,0.36155819920690463,False,False,False
Bolivia,BOL,1997,8167911.0,11.733,1.436,1.706,17.01,5.787,0.0,3.74,0.0,3.74,gcb,owid,owid,0.0,0.6074315104440012,0.3925684895559987,False,False,False
Bolivia,BOL,1998,8313400.0,11.264,1.355,-0.469,-3.996,6.595,0.0,3.199,0.0,3.199,gcb,owid,owid,0.0,0.6733714519093322,0.3266285480906677,False,False,False
Bolivia,BOL,1999,8459810.0,10.95,1.294,-0.314,-2.786,6.037,0.0,3.449,0.0,3.449,gcb,owid,owid,0.0,0.6364115538688593,0.3635884461311406,False,False,False
Bolivia,BOL,2000,8606330.0,8.442,0.981,-2.508,-22.903,4.833,0.0,2.415,0.0,2.415,gcb,owid,owid,0.0,0.6668046357615894,0.3331953642384106,False,False,False
Bolivia,BOL,2001,8752740.0,8.752,1.0,0.31,3.672,5.21,0.0,2.605,0.0,2.605,gcb,owid,owid,0.0,0.6666666666666667,0.33333333333333337,False,False,False
Bolivia,BOL,2002,8900358.0,10.415,1.17,1.663,18.997,5.067,0.0,4.382,0.0,4.382,gcb,owid,owid,0.0,0.5362472219282464,0.4637527780717536,False,False,False
Bolivia,BOL,2003,9050703.0,10.983,1.214,0.568,5.455,6.002,0.0,3.946,0.0,3.946,gcb,owid,owid,0.0,0.6033373542420587,0.3966626457579413,False,False,False
Bolivia,BOL,2004,9204297.0,11.051,1.201,0.068,0.62,6.199,0.0,3.891,0.0,3.891,gcb,owid,owid,0.0,0.6143706640237859,0.38562933597621407,False,False,False
Bolivia,BOL,2005,9360758.0,12.337,1.318,1.286,11.634,6.984,0.0,4.408,0.0,4.408,gcb,owid,owid,0.0,0.613061797752809,0.38693820224719105,False,False,False
Bolivia,BOL,2006,9521685.0,12.369,1.299,0.032,0.258,6.797,0.0,4.646,0.0,4.646,gcb,owid,owid,0.0,0.5939875906667832,0.4060124093332168,False,False,False
Bolivia,BOL,2007,9685960.0,12.74,1.315,0.371,3.002,7.636,0.0,4.192,0.0,4.192,gcb,owid,owid,0.0,0.6455867433209335,0.35441325667906665,False,False,False
Bolivia,BOL,2008,9850859.0,13.028,1.322,0.288,2.258,7.548,0.0,4.459,0.0,4.459,gcb,owid,owid,0.0,0.6286332972432748,0.37136670275672523,False,False,False
Bolivia,BOL,2009,10016279.0,13.633,1.361,0.605,4.647,7.464,0.0,4.987,0.0,4.987,gcb,owid,owid,0.0,0.5994699220946109,0.40053007790538914,False,False,False
Bolivia,BOL,2010,10182345.0,14.809,1.454,1.175,8.622,7.944,0.0,5.676,0.0,5.676,gcb,owid,owid,0.0,0.5832599118942731,0.4167400881057269,False,False,False
Bolivia,BOL,2011,10348931.0,16.051,1.551,1.243,8.391,8.398,0.004,6.372,0.004,6.372,owid,owid,owid,0.0002707459049681874,0.5684310274807094,0.4312982266143225,False,False,False
Bolivia,BOL,2012,10515814.0,17.575,1.671,1.523,9.491,9.702,0.0,6.654,0.0,6.654,owid,owid,owid,0.0,0.5931768158473953,0.4068231841526045,False,False,False
Bolivia,BOL,2013,10682612.0,17.778,1.664,0.203,1.155,9.695,0.004,6.786,0.004,6.786,owid,owid,owid,0.0002426448286320898,0.5881104033970277,0.4116469517743403,False,False,False
Bolivia,BOL,2014,10848889.0,19.9,1.834,2.123,11.94,10.869,0.011,7.597,0.011,7.597,owid,owid,owid,0.0005953347404881745,0.5882448449423607,0.4111598203171511,False,False,False
Bolivia,BOL,2015,11014707.0,19.9,1.807,-0.001,-0.003,10.765,0.015,7.639,0.015,7.639,owid,owid,owid,0.0008143764590911558,0.5844508388077528,0.414734784733156,False,False,False
Bolivia,BOL,2016,11180020.0,21.25,1.901,1.35,6.783,11.223,0.015,8.519,0.015,8.519,owid,owid,owid,0.0007592245786303588,0.5680518297312345,0.4311889456901351,False,False,False
Bolivia,BOL,2017,11344591.0,22.182,1.955,0.932,4.386,12.044,0.022,8.629,0.022,8.629,owid,owid,owid,0.001063058709833293,0.581976322783281,0.4169606185068857,False,False,False
Bolivia,BOL,2018,11508370.0,22.509,1.956,0.327,1.475,12.241,0.018,8.702,0.018,8.702,owid,owid,owid,0.0008587376556462001,0.5839893134869519,0.41515194885740186,False,False,False
Bolivia,BOL,2019,11671386.0,22.609,1.937,0.1,0.446,12.861,0.022,8.119,0.022,8.119,owid,owid,owid,0.0010475192838777258,0.6123702504523378,0.38658223026378435,False,False,False
Bolivia,BOL,2020,11816301.0,18.32,1.55,-4.289,-18.97,10.336,0.007,6.61,0.007,6.61,owid,owid,owid,0.00041290627027664725,0.6096856013684894,0.38990149236123406,False,False,False
Bolivia,BOL,2021,11937369.0,21.767,1.823,3.446,18.812,12.729,0.022,7.519,0.022,7.519,owid,owid,owid,0.001085347804637395,0.6279723729649729,0.37094227923038975,False,False,False
Bonaire Sint Eustatius and Saba,BES,1992,13186.0,0.059,4.462,-0.013,-17.612,0.059,0.0,0.0,0.0,0.0,owid,owid,owid,0.0,1.0,0.0,True,False,False
Bonaire Sint Eustatius and Saba,BES,1993,13297.0,0.091,6.83,0.032,54.366,0.091,0.0,0.0,0.0,0.0,owid,owid,owid,0.0,1.0,0.0,True,False,False
Bonaire Sint Eustatius and Saba,BES,1994,13407.0,0.087,6.495,-0.004,-4.128,0.087,0.0,0.0,0.0,0.0,owid,owid,owid,0.0,1.0,0.0,True,False,False
Bonaire Sint Eustatius and Saba,BES,1995,13531.0,0.086,6.368,-0.001,-1.042,0.086,0.0,0.0,0.0,0.0,owid,owid,owid,0.0,1.0,0.0,True,False,False
Bonaire Sint Eustatius and Saba,BES,1996,13670.0,0.081,5.896,-0.006,-6.456,0.081,0.0,0.0,0.0,0.0,owid,owid,owid,0.0,1.0,0.0,True,False,False
Bonaire Sint Eustatius and Saba,BES,1997,13812.0,0.084,6.107,0.004,4.651,0.084,0.0,0.0,0.0,0.0,owid,owid,owid,0.0,1.0,0.0,True,False,False
Bonaire Sint Eustatius and Saba,BES,1998,13959.0,0.005,0.334,-0.08,-94.48,0.005,0.0,0.0,0.0,0.0,owid,owid,owid,0.0,1.0,0.0,True,False,False
Bonaire Sint Eustatius and Saba,BES,1999,14101.0,0.035,2.474,0.03,649.356,0.035,0.0,0.0,0.0,0.0,owid,owid,owid,0.0,1.0,0.0,True,False,False
Bonaire Sint Eustatius and Saba,BES,2000,14256.0,0.093,6.494,0.058,165.34,0.093,0.0,0.0,0.0,0.0,owid,owid,owid,0.0,1.0,0.0,True,False,False
Bonaire Sint Eustatius and Saba,BES,2001,14526.0,0.094,6.49,0.002,1.829,0.094,0.0,0.0,0.0,0.0,owid,owid,owid,0.0,1.0,0.0,True,False,False
Bonaire Sint Eustatius and Saba,BES,2002,15033.0,0.091,6.046,-0.003,-3.592,0.091,0.0,0.0,0.0,0.0,owid,owid,owid,0.0,1.0,0.0,True,False,False
Bonaire Sint Eustatius and Saba,BES,2003,15666.0,0.091,5.805,0.0,0.066,0.091,0.0,0.0,0.0,0.0,owid,owid,owid,0.0,1.0,0.0,True,False,False
Bonaire Sint Eustatius and Saba,BES,2004,16330.0,0.095,5.843,0.004,4.921,0.095,0.0,0.0,0.0,0.0,owid,owid,owid,0.0,1.0,0.0,True,False,False
Bonaire Sint Eustatius and Saba,BES,2005,17002.0,0.095,5.562,-0.001,-0.888,0.095,0.0,0.0,0.0,0.0,owid,owid,owid,0.0,1.0,0.0,True,False,False
Bonaire Sint Eustatius and Saba,BES,2006,17701.0,0.099,5.568,0.004,4.22,0.099,0.0,0.0,0.0,0.0,owid,owid,owid,0.0,1.0,0.0,True,False,False
Bonaire Sint Eustatius and Saba,BES,2007,18408.0,0.111,6.028,0.012,12.577,0.111,0.0,0.0,0.0,0.0,owid,owid,owid,0.0,1.0,0.0,True,False,False
Bonaire Sint Eustatius and Saba,BES,2008,19118.0,0.107,5.583,-0.004,-3.814,0.107,0.0,0.0,0.0,0.0,owid,owid,owid,0.0,1.0,0.0,True,False,False
Bonaire Sint Eustatius and Saba,BES,2009,19847.0,0.109,5.502,0.002,2.323,0.109,0.0,0.0,0.0,0.0,owid,owid,owid,0.0,1.0,0.0,True,False,False
Bonaire Sint Eustatius and Saba,BES,2010,20583.0,0.075,3.655,-0.034,-31.118,0.075,0.0,0.0,0.0,0.0,owid,owid,owid,0.0,1.0,0.0,True,False,False
Bonaire Sint Eustatius and Saba,BES,2011,21650.0,0.096,4.432,0.021,27.571,0.096,0.0,0.0,0.0,0.0,owid,owid,owid,0.0,1.0,0.0,True,False,False
Bonaire Sint Eustatius and Saba,BES,2012,22847.0,0.117,5.132,0.021,22.18,0.117,0.0,0.0,0.0,0.0,gcb,gcb,owid,0.0,1.0,0.0,True,False,False
Bonaire Sint Eustatius and Saba,BES,2013,23835.0,0.114,4.765,-0.004,-3.125,0.114,0.0,0.0,0.0,0.0,gcb,gcb,owid,0.0,1.0,0.0,True,False,False
Bonaire Sint Eustatius and Saba,BES,2014,24491.0,0.117,4.787,0.004,3.226,0.117,0.0,0.0,0.0,0.0,gcb,gcb,owid,0.0,1.0,0.0,True,False,False
Bonaire Sint Eustatius and Saba,BES,2015,24638.0,0.128,5.205,0.011,9.375,0.128,0.0,0.0,0.0,0.0,gcb,gcb,owid,0.0,1.0,0.0,True,False,False
Bonaire Sint Eustatius and Saba,BES,2016,24567.0,0.132,5.369,0.004,2.857,0.132,0.0,0.0,0.0,0.0,gcb,gcb,owid,0.0,1.0,0.0,True,False,False
Bonaire Sint Eustatius and Saba,BES,2017,24821.0,0.139,5.609,0.007,5.556,0.139,0.0,0.0,0.0,0.0,gcb,gcb,owid,0.0,1.0,0.0,True,False,False
Bonaire Sint Eustatius and Saba,BES,2018,25184.0,0.132,5.238,-0.007,-5.263,0.132,0.0,0.0,0.0,0.0,gcb,gcb,owid,0.0,1.0,0.0,True,False,False
Bonaire Sint Eustatius and Saba,BES,2019,25652.0,0.139,5.428,0.007,5.556,0.139,0.0,0.0,0.0,0.0,gcb,gcb,owid,0.0,1.0,0.0,True,False,False
Bonaire Sint Eustatius and Saba,BES,2020,26476.0,0.132,4.982,-0.007,-5.263,0.132,0.0,0.0,0.0,0.0,gcb,gcb,owid,0.0,1.0,0.0,True,False,False
Bonaire Sint Eustatius and Saba,BES,2021,27347.0,0.139,5.091,0.007,5.556,0.139,0.0,0.0,0.0,0.0,gcb,gcb,owid,0.0,1.0,0.0,True,False,False
Bosnia and Herzegovina,BIH,1992,4234620.0,15.029,3.549,0.969,6.89,1.594,12.586,0.788,12.586,0.788,owid,owid,owid,0.840860502405131,0.10649385355424908,0.05264564404061999,False,False,False
Bosnia and Herzegovina,BIH,1993,3904484.0,12.581,3.222,-2.448,-16.29,1.345,10.908,0.267,10.908,0.267,owid,owid,owid,0.8712460063897763,0.10742811501597445,0.021325878594249205,False,False,False
Bosnia and Herzegovina,BIH,1994,3725412.0,3.205,0.86,-9.376,-74.525,1.61,1.175,0.322,1.175,0.322,owid,owid,owid,0.37817830704859995,0.5181847441261667,0.10363694882523335,False,False,False
Bosnia and Herzegovina,BIH,1995,3715565.0,3.406,0.917,0.201,6.26,1.656,1.378,0.282,1.378,0.282,owid,owid,owid,0.41556091676718937,0.4993968636911942,0.0850422195416164,False,False,False
Bosnia and Herzegovina,BIH,1996,3875246.0,4.24,1.094,0.834,24.486,1.709,1.999,0.473,1.999,0.473,owid,owid,owid,0.47811528342501797,0.40875388662999285,0.11313082994498923,False,False,False
Bosnia and Herzegovina,BIH,1997,4018228.0,8.366,2.082,4.126,97.329,1.762,6.243,0.282,6.243,0.282,owid,owid,owid,0.7533486183178472,0.2126221793170025,0.03402920236515023,False,False,False
Bosnia and Herzegovina,BIH,1998,4089357.0,10.551,2.58,2.185,26.116,2.154,7.958,0.322,7.958,0.322,owid,owid,owid,0.7626988690818479,0.20644048303622772,0.03086064788192448,False,False,False
Bosnia and Herzegovina,BIH,1999,4130312.0,10.333,2.502,-0.217,-2.06,2.132,7.757,0.33,7.757,0.33,owid,owid,owid,0.7590762305509345,0.20863098150503964,0.03229278794402584,False,False,False
Bosnia and Herzegovina,BIH,2000,4159785.0,13.702,3.294,3.369,32.602,3.301,9.706,0.458,9.706,0.458,owid,owid,owid,0.7208317861121426,0.24515410323059786,0.034014110657259566,False,False,False
Bosnia and Herzegovina,BIH,2001,4179446.0,13.263,3.173,-0.439,-3.207,3.246,9.453,0.3,9.453,0.3,owid,owid,owid,0.7272097853681052,0.24971151627048233,0.023078698361412416,False,False,False
Bosnia and Herzegovina,BIH,2002,4188006.0,14.173,3.384,0.91,6.86,3.1,10.453,0.282,10.453,0.282,owid,owid,owid,0.7555475243946512,0.22406938923021325,0.020383086375135525,False,False,False
Bosnia and Herzegovina,BIH,2003,4178523.0,14.358,3.436,0.186,1.309,2.851,10.812,0.37,10.812,0.37,owid,owid,owid,0.7704696073540939,0.2031639706406328,0.026366422005273286,False,False,False
Bosnia and Herzegovina,BIH,2004,4140990.0,15.462,3.734,1.104,7.691,3.404,11.091,0.583,11.091,0.583,owid,owid,owid,0.735575009948269,0.2257593845337578,0.038665605517973205,False,False,False
Bosnia and Herzegovina,BIH,2005,4096493.0,16.046,3.917,0.584,3.774,3.136,11.85,0.692,11.85,0.692,owid,owid,owid,0.7558362035973976,0.20002551345834926,0.044138282944253086,False,False,False
Bosnia and Herzegovina,BIH,2006,4063269.0,17.387,4.279,1.341,8.356,3.315,12.895,0.729,12.895,0.729,owid,owid,owid,0.7612609953362064,0.19570222563315426,0.04303677903063935,False,False,False
Bosnia and Herzegovina,BIH,2007,4013420.0,17.474,4.354,0.088,0.503,3.543,12.688,0.769,12.688,0.769,owid,owid,owid,0.7463529411764707,0.20841176470588235,0.04523529411764706,False,False,False
Bosnia and Herzegovina,BIH,2008,3947545.0,19.955,5.055,2.481,14.197,4.099,14.573,0.762,14.573,0.762,owid,owid,owid,0.7498713594730884,0.21091900792425647,0.03920963260265514,False,False,False
Bosnia and Herzegovina,BIH,2009,3879798.0,20.537,5.293,0.582,2.917,4.397,15.319,0.436,15.319,0.436,owid,owid,owid,0.7601726875744343,0.21819174275506154,0.021635569670504166,False,False,False
Bosnia and Herzegovina,BIH,2010,3811480.0,21.146,5.548,0.609,2.963,4.458,15.87,0.458,15.87,0.458,owid,owid,owid,0.7634946598672183,0.21447127874530938,0.02203406138747234,False,False,False
Bosnia and Herzegovina,BIH,2011,3741799.0,23.765,6.351,2.619,12.386,4.419,18.488,0.52,18.488,0.52,owid,owid,owid,0.7891748836812225,0.18862850557049557,0.022196610748281897,False,False,False
Bosnia and Herzegovina,BIH,2012,3670109.0,22.138,6.032,-1.627,-6.847,4.107,17.235,0.48,17.235,0.48,owid,owid,owid,0.7897992851251031,0.1882045642012648,0.021996150673632114,False,False,False
Bosnia and Herzegovina,BIH,2013,3610857.0,21.801,6.038,-0.337,-1.521,4.004,17.086,0.374,17.086,0.374,owid,owid,owid,0.7960305628028328,0.18654491241147972,0.017424524785687668,False,False,False
Bosnia and Herzegovina,BIH,2014,3564831.0,19.312,5.417,-2.489,-11.418,4.093,14.55,0.348,14.55,0.348,owid,owid,owid,0.7661523879732506,0.21552314254120372,0.018324469485545784,False,False,False
Bosnia and Herzegovina,BIH,2015,3518541.0,18.46,5.247,-0.851,-4.408,4.254,13.491,0.407,13.491,0.407,owid,owid,owid,0.743223887174967,0.23435434111943587,0.02242177170559718,False,False,False
Bosnia and Herzegovina,BIH,2016,3472997.0,21.734,6.258,3.274,17.733,4.836,16.155,0.421,16.155,0.421,owid,owid,owid,0.7544834672146461,0.2258546609377919,0.019661871847562115,False,False,False
Bosnia and Herzegovina,BIH,2017,3428684.0,22.153,6.461,0.418,1.925,4.891,16.455,0.458,16.455,0.458,owid,owid,owid,0.7546780407264723,0.22431663914878008,0.021005320124747758,False,False,False
Bosnia and Herzegovina,BIH,2018,3386999.0,22.079,6.519,-0.074,-0.333,4.639,16.604,0.454,16.604,0.454,owid,owid,owid,0.7652670876157994,0.21380836060284833,0.020924551781352264,False,False,False
Bosnia and Herzegovina,BIH,2019,3345532.0,20.81,6.22,-1.268,-5.745,4.683,15.334,0.429,15.334,0.429,owid,owid,owid,0.7499755453389416,0.22904235547295315,0.020982099188105254,False,False,False
Bosnia and Herzegovina,BIH,2020,3299352.0,20.832,6.314,0.021,0.103,4.287,15.722,0.392,15.722,0.392,owid,owid,owid,0.7706484976226655,0.21013675800205872,0.019214744375275723,False,False,False
Bosnia and Herzegovina,BIH,2021,3244912.0,21.268,6.554,0.436,2.092,4.812,15.564,0.473,15.564,0.473,owid,owid,owid,0.7465106240107439,0.2308024365677011,0.02268693942155499,False,False,False
Botswana,BWA,1992,1380038.0,2.777,2.012,0.143,5.424,0.834,1.943,0.0,1.943,0.0,owid,owid,owid,0.6996759092545912,0.30032409074540867,0.0,False,False,False
Botswana,BWA,1993,1420120.0,3.195,2.25,0.418,15.04,1.271,1.924,0.0,1.924,0.0,owid,owid,owid,0.6021909233176839,0.39780907668231613,0.0,False,False,False
Botswana,BWA,1994,1460030.0,3.03,2.075,-0.165,-5.161,1.077,1.953,0.0,1.953,0.0,owid,owid,owid,0.6445544554455446,0.35544554455445543,0.0,False,False,False
Botswana,BWA,1995,1498842.0,3.045,2.031,0.015,0.484,1.07,1.975,0.0,1.975,0.0,owid,owid,owid,0.6486042692939246,0.35139573070607555,0.0,False,False,False
Botswana,BWA,1996,1535917.0,2.755,1.794,-0.289,-9.507,1.169,1.587,0.0,1.587,0.0,owid,owid,owid,0.5758345428156748,0.4241654571843251,0.0,False,False,False
Botswana,BWA,1997,1571700.0,2.799,1.781,0.044,1.596,1.099,1.7,0.0,1.7,0.0,owid,owid,owid,0.6073597713469097,0.3926402286530904,0.0,False,False,False
Botswana,BWA,1998,1606906.0,3.342,2.08,0.542,19.372,1.319,2.023,0.0,2.023,0.0,owid,owid,owid,0.6053261520047876,0.39467384799521243,0.0,False,False,False
Botswana,BWA,1999,1642006.0,3.158,1.923,-0.183,-5.482,1.565,1.594,0.0,1.594,0.0,owid,owid,owid,0.5045900601456158,0.4954099398543843,0.0,False,False,False
Botswana,BWA,2000,1677384.0,3.778,2.252,0.619,19.606,1.726,2.052,0.0,2.052,0.0,owid,owid,owid,0.5431445209105347,0.45685547908946533,0.0,False,False,False
Botswana,BWA,2001,1712264.0,3.847,2.247,0.07,1.843,1.843,2.004,0.0,2.004,0.0,owid,owid,owid,0.5209253964127892,0.4790746035872108,0.0,False,False,False
Botswana,BWA,2002,1744765.0,3.975,2.278,0.128,3.333,1.887,2.088,0.0,2.088,0.0,owid,owid,owid,0.5252830188679245,0.47471698113207544,0.0,False,False,False
Botswana,BWA,2003,1775744.0,3.825,2.154,-0.15,-3.779,2.023,1.803,0.0,1.803,0.0,owid,owid,owid,0.47124934657605855,0.5287506534239415,0.0,False,False,False
Botswana,BWA,2004,1807153.0,3.895,2.155,0.07,1.82,1.913,1.982,0.0,1.982,0.0,owid,owid,owid,0.5088575096277278,0.49114249037227214,0.0,False,False,False
Botswana,BWA,2005,1839881.0,4.096,2.226,0.202,5.174,1.955,2.142,0.0,2.142,0.0,owid,owid,owid,0.5228215767634855,0.4771784232365146,0.0,False,False,False
Botswana,BWA,2006,1874526.0,4.133,2.205,0.037,0.894,2.043,2.09,0.0,2.09,0.0,owid,owid,owid,0.5056859424147109,0.4943140575852892,0.0,False,False,False
Botswana,BWA,2007,1911200.0,4.228,2.212,0.095,2.305,2.294,1.935,0.0,1.935,0.0,owid,owid,owid,0.45755497753606056,0.5424450224639394,0.0,False,False,False
Botswana,BWA,2008,1949973.0,4.503,2.309,0.275,6.499,2.55,1.953,0.0,1.953,0.0,owid,owid,owid,0.4337108594270486,0.5662891405729513,0.0,False,False,False
Botswana,BWA,2009,1990671.0,3.855,1.937,-0.648,-14.382,2.182,1.577,0.0,1.577,0.0,owid,owid,owid,0.41952646980579944,0.5804735301942006,0.0,False,False,False
Botswana,BWA,2010,2033110.0,4.537,2.232,0.682,17.685,2.446,1.991,0.0,1.991,0.0,owid,owid,owid,0.44872661708361505,0.551273382916385,0.0,False,False,False
Botswana,BWA,2011,2073538.0,4.029,1.943,-0.508,-11.207,2.593,1.43,0.0,1.43,0.0,owid,owid,owid,0.3554561272682078,0.6445438727317923,0.0,False,False,False
Botswana,BWA,2012,2108617.0,5.077,2.408,1.048,26.01,2.744,2.327,0.0,2.327,0.0,owid,owid,owid,0.4588838493393808,0.5411161506606192,0.0,False,False,False
Botswana,BWA,2013,2140687.0,5.663,2.645,0.586,11.55,2.884,2.774,0.0,2.774,0.0,owid,owid,owid,0.4902792506185932,0.5097207493814069,0.0,False,False,False
Botswana,BWA,2014,2172053.0,6.85,3.154,1.187,20.962,3.001,3.844,0.0,3.844,0.0,owid,owid,owid,0.5615777940102264,0.43842220598977355,0.0,False,False,False
Botswana,BWA,2015,2203276.0,5.418,2.459,-1.433,-20.914,2.51,2.898,0.004,2.898,0.004,owid,owid,owid,0.5354767184035478,0.46378418329637844,0.0007390983000739099,False,False,False
Botswana,BWA,2016,2234784.0,6.341,2.837,0.923,17.043,2.765,3.57,0.0,3.57,0.0,owid,owid,owid,0.56353591160221,0.43646408839779005,0.0,False,False,False
Botswana,BWA,2017,2266749.0,7.066,3.117,0.725,11.441,2.809,4.252,0.0,4.252,0.0,owid,owid,owid,0.6021809941934569,0.397819005806543,0.0,False,False,False
Botswana,BWA,2018,2299149.0,7.643,3.324,0.577,8.168,3.019,4.624,0.0,4.624,0.0,owid,owid,owid,0.6049980374198612,0.3950019625801387,0.0,False,False,False
Botswana,BWA,2019,2332082.0,7.486,3.21,-0.158,-2.066,3.625,3.86,0.0,3.86,0.0,owid,owid,owid,0.5156980627922512,0.4843019372077489,0.0,False,False,False
Botswana,BWA,2020,2365895.0,6.192,2.617,-1.293,-17.279,3.263,2.929,0.0,2.929,0.0,owid,owid,owid,0.4730297157622739,0.5269702842377261,0.0,False,False,False
Botswana,BWA,2021,2401448.0,6.683,2.783,0.491,7.929,3.393,3.29,0.0,3.29,0.0,owid,owid,owid,0.4922938799940147,0.5077061200059854,0.0,False,False,False
Brazil,BRA,1992,154275077.0,233.601,1.514,4.207,1.834,163.252,41.203,7.983,41.203,7.983,owid,owid,owid,0.19395305924552103,0.76846891799019,0.03757802276428887,False,False,False
Brazil,BRA,1993,156794574.0,244.306,1.558,10.705,4.582,171.252,42.343,8.73,42.343,8.73,owid,owid,owid,0.19045541437085348,0.7702777465422243,0.0392668390869223,False,False,False
Brazil,BRA,1994,159265011.0,254.002,1.595,9.697,3.969,179.165,43.664,8.985,43.664,8.985,owid,owid,owid,0.18835790763284357,0.7728825696463543,0.03875952272080201,False,False,False
Brazil,BRA,1995,161735079.0,268.678,1.661,14.675,5.778,190.347,45.582,9.603,45.582,9.603,owid,owid,owid,0.18564586286105272,0.77524314549631,0.03911099164263721,False,False,False
Brazil,BRA,1996,164202549.0,289.311,1.762,20.633,7.68,206.279,46.471,10.608,46.471,10.608,owid,owid,owid,0.17645562314416116,0.7832646055939063,0.040279771261932426,False,False,False
Brazil,BRA,1997,166661662.0,306.949,1.842,17.638,6.097,219.83,47.047,11.863,47.047,11.863,owid,owid,owid,0.16878453038674032,0.7886560952859295,0.042559374327330125,False,False,False
Brazil,BRA,1998,169159651.0,317.359,1.876,10.41,3.392,229.578,45.591,12.411,45.591,12.411,owid,owid,owid,0.15853327769664094,0.7983100354683914,0.043156686834967664,False,False,False
Brazil,BRA,1999,171641544.0,327.256,1.907,9.896,3.118,235.468,46.805,14.069,46.805,14.069,owid,owid,owid,0.1579425123674673,0.7945819357364127,0.04747555189612003,False,False,False
Brazil,BRA,2000,174018278.0,340.183,1.955,12.927,3.95,239.491,50.457,18.443,50.457,18.443,owid,owid,owid,0.16361372413591835,0.7765823256839531,0.059803950180128476,False,False,False
Brazil,BRA,2001,176301201.0,346.166,1.963,5.983,1.759,241.792,49.43,23.185,49.43,23.185,owid,owid,owid,0.1572166014115462,0.769041401749961,0.07374199683849278,False,False,False
Brazil,BRA,2002,178503485.0,347.765,1.948,1.599,0.462,239.219,48.689,29.293,48.689,29.293,owid,owid,owid,0.15349573298949246,0.7541558822324015,0.09234838477810599,False,False,False
Brazil,BRA,2003,180622688.0,344.645,1.908,-3.12,-0.897,232.434,51.933,30.919,51.933,30.919,owid,owid,owid,0.16471711398539737,0.7372163686303864,0.09806651738421623,False,False,False
Brazil,BRA,2004,182675144.0,361.434,1.979,16.789,4.871,239.768,53.833,38.215,53.833,38.215,owid,owid,owid,0.16223750512332133,0.7225932444487305,0.11516925042794803,False,False,False
Brazil,BRA,2005,184688101.0,364.371,1.973,2.937,0.812,240.218,50.952,39.619,50.952,39.619,owid,owid,owid,0.1540317241504403,0.7261970621755862,0.11977121367397345,False,False,False
Brazil,BRA,2006,186653099.0,368.871,1.976,4.5,1.235,242.251,50.835,42.053,50.835,42.053,owid,owid,owid,0.15168333139383958,0.722837389859133,0.12547927874702733,False,False,False
Brazil,BRA,2007,188552311.0,390.573,2.071,21.702,5.883,256.003,54.989,43.246,54.989,43.246,owid,owid,owid,0.1552317933140996,0.7226864424482975,0.12208176423760299,False,False,False
Brazil,BRA,2008,190367297.0,412.638,2.168,22.064,5.649,267.239,55.315,51.303,55.315,51.303,owid,owid,owid,0.14795764155813587,0.7148160927841394,0.13722626565772475,False,False,False
Brazil,BRA,2009,192079958.0,389.775,2.029,-22.863,-5.541,262.705,43.586,40.959,43.586,40.959,owid,owid,owid,0.12551763858891288,0.7565298776097912,0.1179524838012959,False,False,False
Brazil,BRA,2010,193701931.0,440.269,2.273,50.494,12.955,286.08,56.688,55.049,56.688,55.049,owid,owid,owid,0.14249768109457367,0.7191246226279924,0.13837769627743413,False,False,False
Brazil,BRA,2011,195284736.0,461.911,2.365,21.642,4.916,303.885,62.292,53.101,62.292,53.101,owid,owid,owid,0.14856968407595914,0.7247816484528165,0.12664866747122433,False,False,False
Brazil,BRA,2012,196876113.0,497.468,2.527,35.557,7.698,327.734,61.016,63.397,61.016,63.397,owid,owid,owid,0.13494726272650268,0.7248394880426056,0.14021324923089173,False,False,False
Brazil,BRA,2013,198478290.0,531.569,2.678,34.101,6.855,342.338,65.604,74.704,65.604,74.704,owid,owid,owid,0.13592570952623662,0.7092941824857142,0.1547801079880492,False,False,False
Brazil,BRA,2014,200085126.0,556.526,2.781,24.957,4.695,356.751,69.037,81.285,69.037,81.285,owid,owid,owid,0.13614804968909805,0.7035495875347336,0.16030236277616833,False,False,False
Brazil,BRA,2015,201675534.0,528.174,2.619,-28.352,-5.094,330.356,69.455,80.464,69.455,80.464,owid,owid,owid,0.1446150642860861,0.6878475873197647,0.1675373483941492,False,False,False
Brazil,BRA,2016,203218108.0,491.745,2.42,-36.429,-6.897,312.942,63.828,69.666,63.828,69.666,owid,owid,owid,0.14297234094024677,0.7009784157191625,0.1560492433405908,False,False,False
Brazil,BRA,2017,204703440.0,497.255,2.429,5.51,1.12,315.045,67.318,70.688,67.318,70.688,owid,owid,owid,0.1485881280473942,0.6953852877490614,0.15602658420354443,False,False,False
Brazil,BRA,2018,206107265.0,476.601,2.312,-20.654,-4.154,298.889,65.837,67.418,65.837,67.418,owid,owid,owid,0.15234967973638416,0.6916421378059165,0.1560081824576993,False,False,False
Brazil,BRA,2019,207455459.0,476.724,2.298,0.123,0.026,302.98,61.885,67.122,61.885,67.122,owid,owid,owid,0.14325662577809053,0.7013636984446291,0.15537967577728032,False,False,False
Brazil,BRA,2020,208660845.0,447.999,2.147,-28.724,-6.025,285.284,55.949,59.027,55.949,59.027,owid,owid,owid,0.13978164193274373,0.7127467146354869,0.14747164343176936,False,False,False
Brazil,BRA,2021,209550291.0,496.562,2.37,48.563,10.84,303.465,67.936,75.975,67.936,75.975,owid,owid,owid,0.15185436858481458,0.6783220378384178,0.16982359357676763,False,False,False
British Virgin Islands,VGB,1992,16615.0,0.081,4.852,0.007,10.0,0.081,0.0,0.0,0.0,0.0,gcb,gcb,owid,0.0,1.0,0.0,True,False,False
British Virgin Islands,VGB,1993,17008.0,0.084,4.955,0.004,4.545,0.084,0.0,0.0,0.0,0.0,gcb,gcb,owid,0.0,1.0,0.0,True,False,False
British Virgin Islands,VGB,1994,17430.0,0.088,5.045,0.004,4.348,0.088,0.0,0.0,0.0,0.0,gcb,gcb,owid,0.0,1.0,0.0,True,False,False
British Virgin Islands,VGB,1995,17863.0,0.088,4.923,0.0,0.0,0.088,0.0,0.0,0.0,0.0,gcb,gcb,owid,0.0,1.0,0.0,True,False,False
British Virgin Islands,VGB,1996,18308.0,0.099,5.404,0.011,12.5,0.099,0.0,0.0,0.0,0.0,gcb,gcb,owid,0.0,1.0,0.0,True,False,False
British Virgin Islands,VGB,1997,18783.0,0.103,5.462,0.004,3.704,0.103,0.0,0.0,0.0,0.0,gcb,gcb,owid,0.0,1.0,0.0,True,False,False
British Virgin Islands,VGB,1998,19262.0,0.103,5.326,0.0,0.0,0.103,0.0,0.0,0.0,0.0,gcb,gcb,owid,0.0,1.0,0.0,True,False,False
British Virgin Islands,VGB,1999,19755.0,0.114,5.75,0.011,10.714,0.114,0.0,0.0,0.0,0.0,gcb,gcb,owid,0.0,1.0,0.0,True,False,False
British Virgin Islands,VGB,2000,20266.0,0.117,5.785,0.004,3.226,0.117,0.0,0.0,0.0,0.0,gcb,gcb,owid,0.0,1.0,0.0,True,False,False
British Virgin Islands,VGB,2001,20825.0,0.128,6.158,0.011,9.375,0.128,0.0,0.0,0.0,0.0,gcb,gcb,owid,0.0,1.0,0.0,True,False,False
British Virgin Islands,VGB,2002,21454.0,0.139,6.49,0.011,8.571,0.139,0.0,0.0,0.0,0.0,gcb,gcb,owid,0.0,1.0,0.0,True,False,False
British Virgin Islands,VGB,2003,22155.0,0.147,6.615,0.007,5.263,0.147,0.0,0.0,0.0,0.0,gcb,gcb,owid,0.0,1.0,0.0,True,False,False
British Virgin Islands,VGB,2004,22905.0,0.154,6.719,0.007,5.0,0.154,0.0,0.0,0.0,0.0,gcb,gcb,owid,0.0,1.0,0.0,True,False,False
British Virgin Islands,VGB,2005,23693.0,0.165,6.959,0.011,7.143,0.165,0.0,0.0,0.0,0.0,gcb,gcb,owid,0.0,1.0,0.0,True,False,False
British Virgin Islands,VGB,2006,24519.0,0.18,7.322,0.015,8.889,0.18,0.0,0.0,0.0,0.0,gcb,gcb,owid,0.0,1.0,0.0,True,False,False
British Virgin Islands,VGB,2007,25391.0,0.183,7.215,0.004,2.041,0.183,0.0,0.0,0.0,0.0,gcb,gcb,owid,0.0,1.0,0.0,True,False,False
British Virgin Islands,VGB,2008,26308.0,0.191,7.242,0.007,4.0,0.191,0.0,0.0,0.0,0.0,gcb,gcb,owid,0.0,1.0,0.0,True,False,False
British Virgin Islands,VGB,2009,27240.0,0.194,7.129,0.004,1.923,0.194,0.0,0.0,0.0,0.0,gcb,gcb,owid,0.0,1.0,0.0,True,False,False
British Virgin Islands,VGB,2010,27698.0,0.213,7.672,0.018,9.434,0.213,0.0,0.0,0.0,0.0,gcb,gcb,owid,0.0,1.0,0.0,True,False,False
British Virgin Islands,VGB,2011,28733.0,0.209,7.269,-0.004,-1.724,0.209,0.0,0.0,0.0,0.0,gcb,gcb,owid,0.0,1.0,0.0,True,False,False
British Virgin Islands,VGB,2012,30369.0,0.209,6.877,0.0,0.0,0.209,0.0,0.0,0.0,0.0,gcb,gcb,owid,0.0,1.0,0.0,True,False,False
British Virgin Islands,VGB,2013,31727.0,0.213,6.698,0.004,1.754,0.213,0.0,0.0,0.0,0.0,gcb,gcb,owid,0.0,1.0,0.0,True,False,False
British Virgin Islands,VGB,2014,32988.0,0.216,6.553,0.004,1.724,0.216,0.0,0.0,0.0,0.0,gcb,gcb,owid,0.0,1.0,0.0,True,False,False
British Virgin Islands,VGB,2015,34523.0,0.224,6.474,0.007,3.39,0.224,0.0,0.0,0.0,0.0,gcb,gcb,owid,0.0,1.0,0.0,True,False,False
British Virgin Islands,VGB,2016,33904.0,0.227,6.7,0.004,1.639,0.227,0.0,0.0,0.0,0.0,gcb,gcb,owid,0.0,1.0,0.0,True,False,False
British Virgin Islands,VGB,2017,32724.0,0.18,5.486,-0.048,-20.968,0.18,0.0,0.0,0.0,0.0,gcb,gcb,owid,0.0,1.0,0.0,True,False,False
British Virgin Islands,VGB,2018,34682.0,0.158,4.543,-0.022,-12.245,0.158,0.0,0.0,0.0,0.0,gcb,gcb,owid,0.0,1.0,0.0,True,False,False
British Virgin Islands,VGB,2019,36423.0,0.183,5.03,0.026,16.279,0.183,0.0,0.0,0.0,0.0,gcb,gcb,owid,0.0,1.0,0.0,True,False,False
British Virgin Islands,VGB,2020,37161.0,0.18,4.831,-0.004,-2.0,0.18,0.0,0.0,0.0,0.0,gcb,gcb,owid,0.0,1.0,0.0,True,False,False
British Virgin Islands,VGB,2021,37833.0,0.183,4.842,0.004,2.041,0.183,0.0,0.0,0.0,0.0,gcb,gcb,owid,0.0,1.0,0.0,True,False,False
Brunei,BRN,1992,269848.0,6.668,24.712,-0.158,-2.308,1.048,0.0,4.477,0.0,4.477,gcb,owid,owid,0.0,0.18968325791855203,0.810316742081448,False,True,False
Brunei,BRN,1993,276978.0,5.851,21.126,-0.817,-12.253,1.099,0.0,4.162,0.0,4.162,gcb,owid,owid,0.0,0.20889564721535828,0.7911043527846416,False,True,False
Brunei,BRN,1994,284098.0,5.293,18.63,-0.559,-9.546,1.092,0.0,4.078,0.0,4.078,gcb,owid,owid,0.0,0.2112185686653772,0.7887814313346229,False,True,False
Brunei,BRN,1995,291207.0,5.884,20.207,0.592,11.179,1.15,0.0,4.639,0.0,4.639,gcb,owid,owid,0.0,0.19865261703230264,0.8013473829676975,False,True,False
Brunei,BRN,1996,298283.0,5.963,19.989,0.078,1.326,1.275,0.0,4.576,0.0,4.576,gcb,owid,owid,0.0,0.21791146812510684,0.7820885318748932,False,True,False
Brunei,BRN,1997,305357.0,6.179,20.235,0.216,3.628,1.37,0.0,4.675,0.0,4.675,gcb,owid,owid,0.0,0.22663358147229118,0.7733664185277088,False,True,False
Brunei,BRN,1998,312398.0,5.595,17.911,-0.584,-9.445,1.422,0.0,3.975,0.0,3.975,gcb,owid,owid,0.0,0.263479710950528,0.7365202890494719,False,True,False
Brunei,BRN,1999,319412.0,5.978,18.716,0.383,6.841,1.546,0.0,4.195,0.0,4.195,gcb,owid,owid,0.0,0.2692910642745166,0.7307089357254833,False,True,False
Brunei,BRN,2000,326429.0,5.886,18.032,-0.092,-1.537,1.4,0.0,4.203,0.0,4.203,gcb,owid,owid,0.0,0.24986614313760486,0.7501338568623952,False,True,False
Brunei,BRN,2001,333353.0,5.758,17.273,-0.128,-2.178,1.472,0.0,3.9,0.0,3.9,gcb,owid,owid,0.0,0.2740134028294862,0.7259865971705137,False,True,False
Brunei,BRN,2002,340108.0,5.285,15.54,-0.473,-8.206,1.334,0.0,3.701,0.0,3.701,gcb,owid,owid,0.0,0.2649453823237339,0.7350546176762661,False,True,False
Brunei,BRN,2003,346650.0,6.14,17.711,0.854,16.162,1.378,0.0,4.503,0.0,4.503,gcb,owid,owid,0.0,0.23431389219520488,0.7656861078047951,False,True,False
Brunei,BRN,2004,352921.0,5.967,16.907,-0.173,-2.817,1.334,0.0,4.455,0.0,4.455,gcb,owid,owid,0.0,0.2304370357574711,0.769562964242529,False,True,False
Brunei,BRN,2005,358930.0,5.429,15.124,-0.538,-9.019,1.059,0.0,4.206,0.0,4.206,gcb,owid,owid,0.0,0.2011396011396011,0.7988603988603988,False,True,False
Brunei,BRN,2006,364670.0,7.144,19.589,1.715,31.596,0.971,0.0,5.877,0.0,5.877,gcb,owid,owid,0.0,0.1417932242990654,0.8582067757009345,False,True,False
Brunei,BRN,2007,370883.0,8.077,21.777,0.933,13.061,1.847,0.0,5.939,0.0,5.939,gcb,owid,owid,0.0,0.237220652453121,0.762779347546879,False,True,False
Brunei,BRN,2008,377800.0,9.166,24.26,1.089,13.482,2.056,0.0,6.493,0.0,6.493,gcb,owid,owid,0.0,0.24049596444028543,0.7595040355597147,False,True,False
Brunei,BRN,2009,384965.0,7.745,20.119,-1.421,-15.5,1.754,0.0,5.596,0.0,5.596,gcb,owid,owid,0.0,0.23863945578231294,0.7613605442176872,False,True,False
Brunei,BRN,2010,392340.0,8.017,20.435,0.272,3.518,1.59,0.0,6.126,0.0,6.126,gcb,owid,owid,0.0,0.20606531881804044,0.7939346811819595,False,True,False
Brunei,BRN,2011,399395.0,9.555,23.925,1.538,19.184,1.957,0.0,7.288,0.0,7.288,gcb,owid,owid,0.0,0.21168199026500809,0.7883180097349918,False,True,False
Brunei,BRN,2012,405564.0,9.5,23.424,-0.056,-0.582,2.066,0.0,7.113,0.0,7.113,gcb,owid,owid,0.0,0.2250789846388495,0.7749210153611504,False,True,False
Brunei,BRN,2013,411205.0,7.626,18.546,-1.874,-19.724,1.656,0.0,5.624,0.0,5.624,gcb,owid,owid,0.0,0.22747252747252747,0.7725274725274726,False,True,False
Brunei,BRN,2014,416757.0,8.831,21.19,1.205,15.8,1.689,0.0,6.771,0.0,6.771,gcb,owid,owid,0.0,0.19964539007092197,0.8003546099290779,False,True,False
Brunei,BRN,2015,422223.0,6.933,16.421,-1.898,-21.489,1.645,0.0,4.891,0.0,4.891,gcb,owid,owid,0.0,0.2516829865361077,0.7483170134638923,False,True,False
Brunei,BRN,2016,427571.0,7.633,17.852,0.7,10.091,1.803,0.0,5.341,0.0,5.341,gcb,owid,owid,0.0,0.25237961926091823,0.7476203807390818,False,True,False
Brunei,BRN,2017,432787.0,9.309,21.51,1.676,21.964,1.927,0.0,6.822,0.0,6.822,gcb,owid,owid,0.0,0.22025374328494685,0.7797462567150532,False,True,False
Brunei,BRN,2018,437811.0,9.341,21.336,0.032,0.341,1.905,0.0,7.024,0.0,7.024,gcb,owid,owid,0.0,0.21334975921155785,0.7866502407884421,False,True,False
Brunei,BRN,2019,442690.0,9.564,21.605,0.223,2.388,2.411,0.605,5.972,0.605,5.972,owid,owid,owid,0.06731197151757899,0.26824655095683136,0.6644414775255898,False,True,False
Brunei,BRN,2020,447411.0,11.157,24.937,1.593,16.655,3.41,2.132,5.329,2.132,5.329,owid,owid,owid,0.19611811240916202,0.31367859442553586,0.4902032931653022,False,True,False
Brunei,BRN,2021,451722.0,11.709,25.92,0.552,4.945,3.228,2.744,5.331,2.744,5.331,owid,owid,owid,0.24276740688312837,0.2855878970184907,0.47164469609838094,False,True,False
Bulgaria,BGR,1992,8559091.0,57.356,6.701,-4.165,-6.77,15.096,31.436,8.892,31.436,8.892,owid,owid,owid,0.5671911085450347,0.27237297921478065,0.16043591224018477,False,False,False
Bulgaria,BGR,1993,8466533.0,58.389,6.896,1.034,1.802,15.219,33.042,8.15,33.042,8.15,owid,owid,owid,0.5857368243782242,0.26978780734253954,0.14447536827923632,False,False,False
Bulgaria,BGR,1994,8416924.0,56.383,6.699,-2.007,-3.437,14.595,31.375,8.113,31.375,8.113,owid,owid,owid,0.5801268420760682,0.26986298836972805,0.1500101695542037,False,False,False
Bulgaria,BGR,1995,8357576.0,57.917,6.93,1.534,2.721,13.675,31.308,9.987,31.308,9.987,owid,owid,owid,0.5695470256503546,0.2487720574859014,0.18168091686374385,False,False,False
Bulgaria,BGR,1996,8291402.0,58.46,7.051,0.544,0.939,13.911,31.466,10.187,31.466,10.187,owid,owid,owid,0.5663019221078396,0.2503599452883162,0.1833381326038442,False,False,False
Bulgaria,BGR,1997,8217101.0,55.806,6.791,-2.654,-4.54,11.252,34.011,8.234,34.011,8.234,owid,owid,owid,0.6357552759967848,0.21032955118978633,0.15391517281342876,False,False,False
Bulgaria,BGR,1998,8138193.0,53.114,6.526,-2.692,-4.824,12.103,32.115,7.157,32.115,7.157,owid,owid,owid,0.625109489051095,0.23558150851581508,0.13930900243309002,False,False,False
Bulgaria,BGR,1999,8067464.0,46.371,5.748,-6.743,-12.694,11.927,26.598,6.215,26.598,6.215,owid,owid,owid,0.5945015645954403,0.2665847116674117,0.13891372373714797,False,False,False
Bulgaria,BGR,2000,8000519.0,45.499,5.687,-0.872,-1.88,10.515,26.375,6.767,26.375,6.767,owid,owid,owid,0.6041413748081635,0.24085484572920723,0.15500377946262914,False,False,False
Bulgaria,BGR,2001,7928455.0,49.02,6.183,3.52,7.737,10.825,30.061,6.288,30.061,6.288,owid,owid,owid,0.6372366133887312,0.22946962309746896,0.1332937635138,False,False,False
Bulgaria,BGR,2002,7861949.0,46.141,5.869,-2.879,-5.872,10.815,27.82,5.601,27.82,5.601,owid,owid,owid,0.6288995388371462,0.2444841305723845,0.1266163305904693,False,False,False
Bulgaria,BGR,2003,7804405.0,50.491,6.47,4.35,9.428,11.535,31.191,5.822,31.191,5.822,owid,owid,owid,0.6424775479937381,0.23759990112877977,0.11992255087748208,False,False,False
Bulgaria,BGR,2004,7749430.0,49.537,6.392,-0.954,-1.889,11.565,29.943,5.827,29.943,5.827,owid,owid,owid,0.632576317735291,0.24432238301468256,0.1231012992500264,False,False,False
Bulgaria,BGR,2005,7695047.0,50.6,6.576,1.063,2.146,12.14,29.489,6.573,29.489,6.573,owid,owid,owid,0.6117795942077092,0.25185676942865437,0.13636363636363635,False,False,False
Bulgaria,BGR,2006,7640292.0,51.837,6.785,1.237,2.445,12.58,29.993,6.731,29.993,6.731,owid,owid,owid,0.6083279247119908,0.25515171182865487,0.1365203634593542,False,False,False
Bulgaria,BGR,2007,7586896.0,55.669,7.338,3.832,7.392,12.404,33.366,6.877,33.366,6.877,owid,owid,owid,0.6337683058863753,0.23560696715862253,0.13062472695500219,False,False,False
Bulgaria,BGR,2008,7535589.0,54.026,7.169,-1.643,-2.952,11.78,32.489,6.725,32.489,6.725,owid,owid,owid,0.6371141702945444,0.2310075695179825,0.13187826018747303,False,False,False
Bulgaria,BGR,2009,7488016.0,45.75,6.11,-8.276,-15.318,11.297,27.274,5.05,27.274,5.05,owid,owid,owid,0.625249306526673,0.25898076614474685,0.11576992732858028,False,False,False
Bulgaria,BGR,2010,7437594.0,47.816,6.429,2.065,4.515,10.912,29.294,5.386,29.294,5.386,owid,owid,owid,0.6425250043867344,0.23934023512896999,0.11813476048429548,False,False,False
Bulgaria,BGR,2011,7380023.0,53.12,7.198,5.305,11.094,10.107,34.481,6.151,34.481,6.151,owid,owid,owid,0.6795758686611876,0.199195884822326,0.12122824651648632,False,False,False
Bulgaria,BGR,2012,7317020.0,48.277,6.598,-4.844,-9.119,10.627,29.412,5.753,29.412,5.753,owid,owid,owid,0.6422955974842767,0.23207110412299092,0.12563329839273235,False,False,False
Bulgaria,BGR,2013,7264605.0,42.583,5.862,-5.694,-11.794,9.557,24.997,5.612,24.997,5.612,owid,owid,owid,0.6223422795399093,0.2379375591296121,0.13972016133047852,False,False,False
Bulgaria,BGR,2014,7223450.0,45.169,6.253,2.586,6.073,10.562,26.579,5.602,26.579,5.602,owid,owid,owid,0.6218328147298974,0.24710478908827177,0.13106239618183096,False,False,False
Bulgaria,BGR,2015,7177515.0,48.127,6.705,2.958,6.549,11.488,27.678,5.94,27.678,5.94,owid,owid,owid,0.6136212477275751,0.2546889549062209,0.13168979736620406,False,False,False
Bulgaria,BGR,2016,7127436.0,45.344,6.362,-2.783,-5.783,11.886,24.155,5.945,24.155,5.945,owid,owid,owid,0.5753108178916783,0.2830943647882628,0.14159481732005907,False,False,False
Bulgaria,BGR,2017,7075642.0,47.446,6.706,2.102,4.636,12.162,25.792,6.053,25.792,6.053,owid,owid,owid,0.5860885768173246,0.2763651237303157,0.13754629945235985,False,False,False
Bulgaria,BGR,2018,7024745.0,43.503,6.193,-3.943,-8.31,12.372,22.113,5.797,22.113,5.797,owid,owid,owid,0.5489548681793357,0.3071347003624448,0.14391043145821955,False,False,False
Bulgaria,BGR,2019,6975466.0,42.195,6.049,-1.308,-3.007,12.901,20.806,5.266,20.806,5.266,owid,owid,owid,0.533856772637467,0.33102404228568494,0.1351191850768481,False,False,False
Bulgaria,BGR,2020,6933656.0,36.571,5.274,-5.624,-13.328,11.944,16.204,5.31,16.204,5.31,owid,owid,owid,0.48430868551616946,0.35698487656165934,0.15870643792217104,False,False,False
Bulgaria,BGR,2021,6877222.0,42.365,6.16,5.794,15.843,12.742,20.423,6.258,20.423,6.258,owid,owid,owid,0.5180478400933465,0.32321233797529364,0.15873982193135985,False,False,False
Burkina Faso,BFA,1992,9629280.0,0.634,0.066,-0.004,-0.575,0.634,0.0,0.0,0.0,0.0,gcb,gcb,owid,0.0,1.0,0.0,False,False,False
Burkina Faso,BFA,1993,9871715.0,0.634,0.064,0.0,0.0,0.634,0.0,0.0,0.0,0.0,gcb,gcb,owid,0.0,1.0,0.0,False,False,False
Burkina Faso,BFA,1994,10123807.0,0.66,0.065,0.026,4.046,0.66,0.0,0.0,0.0,0.0,gcb,gcb,owid,0.0,1.0,0.0,False,False,False
Burkina Faso,BFA,1995,10386723.0,0.661,0.064,0.001,0.187,0.649,0.0,0.0,0.0,0.0,gcb,gcb,owid,0.0,1.0,0.0,False,False,False
Burkina Faso,BFA,1996,10655943.0,0.727,0.068,0.066,9.979,0.714,0.0,0.0,0.0,0.0,gcb,gcb,owid,0.0,1.0,0.0,False,False,False
Burkina Faso,BFA,1997,10934222.0,0.764,0.07,0.037,5.094,0.747,0.0,0.0,0.0,0.0,gcb,gcb,owid,0.0,1.0,0.0,False,False,False
Burkina Faso,BFA,1998,11240668.0,0.848,0.075,0.084,11.031,0.832,0.0,0.0,0.0,0.0,gcb,gcb,owid,0.0,1.0,0.0,False,False,False
Burkina Faso,BFA,1999,11574930.0,1.04,0.09,0.192,22.67,0.967,0.0,0.0,0.0,0.0,gcb,gcb,owid,0.0,1.0,0.0,False,False,False
Burkina Faso,BFA,2000,11925548.0,0.931,0.078,-0.109,-10.517,0.89,0.0,0.0,0.0,0.0,gcb,gcb,owid,0.0,1.0,0.0,False,False,False
Burkina Faso,BFA,2001,12294996.0,1.064,0.087,0.134,14.353,1.044,0.0,0.0,0.0,0.0,gcb,gcb,owid,0.0,1.0,0.0,False,False,False
Burkina Faso,BFA,2002,12680904.0,1.067,0.084,0.003,0.272,1.055,0.0,0.0,0.0,0.0,gcb,gcb,owid,0.0,1.0,0.0,False,False,False
Burkina Faso,BFA,2003,13082530.0,1.184,0.091,0.117,10.981,1.172,0.0,0.0,0.0,0.0,gcb,gcb,owid,0.0,1.0,0.0,False,False,False
Burkina Faso,BFA,2004,13500536.0,1.107,0.082,-0.077,-6.5,1.096,0.0,0.0,0.0,0.0,gcb,gcb,owid,0.0,1.0,0.0,False,False,False
Burkina Faso,BFA,2005,13932127.0,1.104,0.079,-0.004,-0.335,1.092,0.0,0.0,0.0,0.0,gcb,gcb,owid,0.0,1.0,0.0,False,False,False
Burkina Faso,BFA,2006,14373713.0,1.217,0.085,0.113,10.281,1.205,0.0,0.0,0.0,0.0,gcb,gcb,owid,0.0,1.0,0.0,False,False,False
Burkina Faso,BFA,2007,14816313.0,1.616,0.109,0.399,32.797,1.605,0.0,0.0,0.0,0.0,gcb,gcb,owid,0.0,1.0,0.0,False,False,False
Burkina Faso,BFA,2008,15258103.0,1.818,0.119,0.201,12.458,1.638,0.0,0.0,0.0,0.0,gcb,gcb,owid,0.0,1.0,0.0,False,False,False
Burkina Faso,BFA,2009,15710067.0,1.836,0.117,0.018,1.017,1.619,0.0,0.0,0.0,0.0,gcb,gcb,owid,0.0,1.0,0.0,False,False,False
Burkina Faso,BFA,2010,16176503.0,1.985,0.123,0.149,8.102,1.759,0.0,0.0,0.0,0.0,gcb,gcb,owid,0.0,1.0,0.0,False,False,False
Burkina Faso,BFA,2011,16661907.0,2.149,0.129,0.164,8.271,1.924,0.0,0.0,0.0,0.0,gcb,gcb,owid,0.0,1.0,0.0,False,False,False
Burkina Faso,BFA,2012,17172284.0,2.612,0.152,0.462,21.511,2.36,0.0,0.0,0.0,0.0,gcb,gcb,owid,0.0,1.0,0.0,False,False,False
Burkina Faso,BFA,2013,17695411.0,2.809,0.159,0.197,7.555,2.583,0.0,0.0,0.0,0.0,gcb,gcb,owid,0.0,1.0,0.0,False,False,False
Burkina Faso,BFA,2014,18229466.0,2.868,0.157,0.059,2.088,2.711,0.0,0.0,0.0,0.0,gcb,gcb,owid,0.0,1.0,0.0,False,False,False
Burkina Faso,BFA,2015,18777488.0,3.744,0.199,0.876,30.558,3.221,0.0,0.0,0.0,0.0,gcb,gcb,owid,0.0,1.0,0.0,False,False,False
Burkina Faso,BFA,2016,19334854.0,3.988,0.206,0.244,6.514,3.348,0.0,0.0,0.0,0.0,gcb,gcb,owid,0.0,1.0,0.0,False,False,False
Burkina Faso,BFA,2017,19894413.0,4.622,0.232,0.634,15.899,3.924,0.0,0.0,0.0,0.0,gcb,gcb,owid,0.0,1.0,0.0,False,False,False
Burkina Faso,BFA,2018,20438289.0,5.226,0.256,0.605,13.082,4.393,0.0,0.0,0.0,0.0,gcb,gcb,owid,0.0,1.0,0.0,False,False,False
Burkina Faso,BFA,2019,20961956.0,5.618,0.268,0.392,7.496,4.554,0.0,0.0,0.0,0.0,gcb,gcb,owid,0.0,1.0,0.0,False,False,False
Burkina Faso,BFA,2020,21478691.0,5.618,0.262,0.0,0.001,4.533,0.0,0.0,0.0,0.0,gcb,gcb,owid,0.0,1.0,0.0,False,False,False
Burkina Faso,BFA,2021,21995249.0,6.329,0.288,0.711,12.649,5.166,0.0,0.0,0.0,0.0,gcb,gcb,owid,0.0,1.0,0.0,False,False,False
Burundi,BDI,1992,5858405.0,0.216,0.037,-0.022,-9.231,0.198,0.018,0.0,0.018,0.0,owid,gcb,owid,0.08333333333333333,0.9166666666666667,0.0,False,False,False
Burundi,BDI,1993,5676847.0,0.227,0.04,0.011,5.085,0.209,0.018,0.0,0.018,0.0,owid,gcb,owid,0.07929515418502203,0.920704845814978,0.0,False,False,False
Burundi,BDI,1994,5713856.0,0.234,0.041,0.007,3.226,0.216,0.018,0.0,0.018,0.0,owid,gcb,owid,0.07692307692307693,0.9230769230769231,0.0,False,False,False
Burundi,BDI,1995,6066319.0,0.238,0.039,0.004,1.562,0.22,0.018,0.0,0.018,0.0,owid,gcb,owid,0.07563025210084033,0.9243697478991597,0.0,False,False,False
Burundi,BDI,1996,6070510.0,0.242,0.04,0.004,1.538,0.224,0.018,0.0,0.018,0.0,owid,gcb,owid,0.0743801652892562,0.9256198347107438,0.0,False,False,False
Burundi,BDI,1997,6070038.0,0.249,0.041,0.007,3.03,0.231,0.018,0.0,0.018,0.0,owid,gcb,owid,0.07228915662650602,0.9277108433734941,0.0,False,False,False
Burundi,BDI,1998,6187114.0,0.249,0.04,0.0,0.0,0.231,0.018,0.0,0.018,0.0,owid,gcb,owid,0.07228915662650602,0.9277108433734941,0.0,False,False,False
Burundi,BDI,1999,6337155.0,0.253,0.04,0.004,1.471,0.246,0.007,0.0,0.007,0.0,owid,gcb,owid,0.02766798418972332,0.9723320158102766,0.0,False,False,False
Burundi,BDI,2000,6470196.0,0.271,0.042,0.018,7.246,0.264,0.007,0.0,0.007,0.0,owid,gcb,owid,0.025830258302583023,0.974169741697417,0.0,False,False,False
Burundi,BDI,2001,6634368.0,0.205,0.031,-0.066,-24.324,0.194,0.011,0.0,0.011,0.0,owid,gcb,owid,0.053658536585365846,0.9463414634146341,0.0,False,False,False
Burundi,BDI,2002,6824139.0,0.213,0.031,0.007,3.571,0.202,0.011,0.0,0.011,0.0,owid,gcb,owid,0.0516431924882629,0.948356807511737,0.0,False,False,False
Burundi,BDI,2003,7043158.0,0.169,0.024,-0.044,-20.69,0.161,0.007,0.0,0.007,0.0,owid,gcb,owid,0.041666666666666664,0.9583333333333333,0.0,False,False,False
Burundi,BDI,2004,7310656.0,0.198,0.027,0.029,17.391,0.191,0.007,0.0,0.007,0.0,owid,gcb,owid,0.03535353535353535,0.9646464646464646,0.0,False,False,False
Burundi,BDI,2005,7587303.0,0.158,0.021,-0.04,-20.37,0.15,0.007,0.0,0.007,0.0,owid,gcb,owid,0.0445859872611465,0.9554140127388535,0.0,False,False,False
Burundi,BDI,2006,7865545.0,0.187,0.024,0.029,18.605,0.172,0.015,0.0,0.015,0.0,owid,gcb,owid,0.08021390374331551,0.9197860962566844,0.0,False,False,False
Burundi,BDI,2007,8161879.0,0.187,0.023,0.0,0.0,0.176,0.011,0.0,0.011,0.0,owid,gcb,owid,0.058823529411764705,0.9411764705882353,0.0,False,False,False
Burundi,BDI,2008,8505643.0,0.202,0.024,0.015,7.843,0.187,0.015,0.0,0.015,0.0,owid,gcb,owid,0.07425742574257425,0.9257425742574257,0.0,False,False,False
Burundi,BDI,2009,8947653.0,0.216,0.024,0.015,7.273,0.201,0.015,0.0,0.015,0.0,owid,gcb,owid,0.06944444444444443,0.9305555555555555,0.0,False,False,False
Burundi,BDI,2010,9376448.0,0.333,0.036,0.117,54.237,0.315,0.018,0.0,0.018,0.0,owid,gcb,owid,0.05405405405405405,0.9459459459459459,0.0,False,False,False
Burundi,BDI,2011,9717980.0,0.414,0.043,0.081,24.176,0.403,0.011,0.0,0.011,0.0,owid,gcb,owid,0.02657004830917874,0.9734299516908212,0.0,False,False,False
Burundi,BDI,2012,10071033.0,0.392,0.039,-0.022,-5.31,0.366,0.026,0.0,0.026,0.0,owid,gcb,owid,0.06632653061224489,0.9336734693877551,0.0,False,False,False
Burundi,BDI,2013,10439346.0,0.436,0.042,0.044,11.215,0.414,0.022,0.0,0.022,0.0,owid,gcb,owid,0.05045871559633027,0.9495412844036697,0.0,False,False,False
Burundi,BDI,2014,10799789.0,0.355,0.033,-0.081,-18.552,0.34,0.015,0.0,0.015,0.0,owid,gcb,owid,0.042253521126760556,0.9577464788732394,0.0,False,False,False
Burundi,BDI,2015,11047581.0,0.355,0.032,0.0,0.079,0.352,0.004,0.0,0.004,0.0,owid,gcb,owid,0.011235955056179777,0.9887640449438202,0.0,False,False,False
Burundi,BDI,2016,11239459.0,0.429,0.038,0.073,20.619,0.392,0.037,0.0,0.037,0.0,owid,gcb,owid,0.08624708624708624,0.9137529137529138,0.0,False,False,False
Burundi,BDI,2017,11506764.0,0.516,0.045,0.088,20.483,0.494,0.022,0.0,0.022,0.0,owid,gcb,owid,0.04263565891472868,0.9573643410852712,0.0,False,False,False
Burundi,BDI,2018,11859444.0,0.645,0.054,0.129,24.898,0.627,0.018,0.0,0.018,0.0,owid,gcb,owid,0.027906976744186043,0.9720930232558139,0.0,False,False,False
Burundi,BDI,2019,12255339.0,0.685,0.056,0.04,6.212,0.641,0.044,0.0,0.044,0.0,owid,gcb,owid,0.06423357664233575,0.9357664233576641,0.0,False,False,False
Burundi,BDI,2020,12617041.0,0.739,0.059,0.054,7.92,0.711,0.026,0.0,0.026,0.0,owid,gcb,owid,0.035278154681139755,0.9647218453188602,0.0,False,False,False
Burundi,BDI,2021,12965487.0,0.772,0.06,0.032,4.361,0.725,0.044,0.0,0.044,0.0,owid,gcb,owid,0.057217165149544856,0.9427828348504551,0.0,False,False,False
Cambodia,KHM,1992,8113085.0,1.348,0.166,0.044,3.371,1.348,0.0,0.0,0.0,0.0,gcb,gcb,owid,0.0,1.0,0.0,False,False,False
Cambodia,KHM,1993,8616383.0,1.385,0.161,0.037,2.717,1.385,0.0,0.0,0.0,0.0,gcb,gcb,owid,0.0,1.0,0.0,False,False,False
Cambodia,KHM,1994,9239160.0,1.425,0.154,0.04,2.91,1.425,0.0,0.0,0.0,0.0,gcb,gcb,owid,0.0,1.0,0.0,False,False,False
Cambodia,KHM,1995,10018500.0,1.499,0.15,0.073,5.141,1.499,0.0,0.0,0.0,0.0,gcb,gcb,owid,0.0,1.0,0.0,False,False,False
Cambodia,KHM,1996,10801268.0,1.517,0.14,0.018,1.222,1.517,0.0,0.0,0.0,0.0,gcb,gcb,owid,0.0,1.0,0.0,False,False,False
Cambodia,KHM,1997,11570986.0,1.466,0.127,-0.051,-3.382,1.466,0.0,0.0,0.0,0.0,gcb,gcb,owid,0.0,1.0,0.0,False,False,False
Cambodia,KHM,1998,12058180.0,1.876,0.156,0.41,28.0,1.876,0.0,0.0,0.0,0.0,gcb,gcb,owid,0.0,1.0,0.0,False,False,False
Cambodia,KHM,1999,12265734.0,1.894,0.154,0.018,0.977,1.894,0.0,0.0,0.0,0.0,gcb,gcb,owid,0.0,1.0,0.0,False,False,False
Cambodia,KHM,2000,12462343.0,1.997,0.16,0.103,5.416,1.997,0.0,0.0,0.0,0.0,gcb,gcb,owid,0.0,1.0,0.0,False,False,False
Cambodia,KHM,2001,12658486.0,2.235,0.177,0.238,11.927,2.235,0.0,0.0,0.0,0.0,gcb,gcb,owid,0.0,1.0,0.0,False,False,False
Cambodia,KHM,2002,12855249.0,2.154,0.168,-0.081,-3.607,2.154,0.0,0.0,0.0,0.0,gcb,gcb,owid,0.0,1.0,0.0,False,False,False
Cambodia,KHM,2003,13050977.0,2.253,0.173,0.099,4.592,2.253,0.0,0.0,0.0,0.0,gcb,gcb,owid,0.0,1.0,0.0,False,False,False
Cambodia,KHM,2004,13244737.0,2.239,0.169,-0.015,-0.65,2.239,0.0,0.0,0.0,0.0,gcb,gcb,owid,0.0,1.0,0.0,False,False,False
Cambodia,KHM,2005,13439203.0,2.209,0.164,-0.029,-1.309,2.209,0.0,0.0,0.0,0.0,gcb,gcb,owid,0.0,1.0,0.0,False,False,False
Cambodia,KHM,2006,13639032.0,2.847,0.209,0.638,28.856,2.847,0.0,0.0,0.0,0.0,gcb,gcb,owid,0.0,1.0,0.0,False,False,False
Cambodia,KHM,2007,13841773.0,3.489,0.252,0.643,22.569,3.437,0.0,0.0,0.0,0.0,gcb,gcb,owid,0.0,1.0,0.0,False,False,False
Cambodia,KHM,2008,14053479.0,3.936,0.28,0.447,12.806,3.517,0.048,0.0,0.048,0.0,owid,gcb,owid,0.013464235624123423,0.9865357643758765,0.0,False,False,False
Cambodia,KHM,2009,14276819.0,4.579,0.321,0.643,16.336,4.173,0.059,0.0,0.059,0.0,owid,gcb,owid,0.013941398865784497,0.9860586011342155,0.0,False,False,False
Cambodia,KHM,2010,14500730.0,5.067,0.349,0.488,10.657,4.613,0.084,0.0,0.084,0.0,owid,gcb,owid,0.01788375558867362,0.9821162444113265,0.0,False,False,False
Cambodia,KHM,2011,14722587.0,5.271,0.358,0.204,4.019,4.741,0.099,0.0,0.099,0.0,owid,gcb,owid,0.020454545454545454,0.9795454545454545,0.0,False,False,False
Cambodia,KHM,2012,14945090.0,5.572,0.373,0.301,5.716,4.954,0.132,0.0,0.132,0.0,owid,gcb,owid,0.025953598112465597,0.9740464018875344,0.0,False,False,False
Cambodia,KHM,2013,15170210.0,5.626,0.371,0.053,0.958,4.921,0.198,0.0,0.198,0.0,owid,gcb,owid,0.038679429576089074,0.9613205704239108,0.0,False,False,False
Cambodia,KHM,2014,15396771.0,6.702,0.435,1.077,19.137,5.099,1.092,0.0,1.092,0.0,owid,gcb,owid,0.17638507510902923,0.8236149248909707,0.0,False,False,False
Cambodia,KHM,2015,15623253.0,8.186,0.524,1.484,22.137,5.602,1.931,0.0,1.931,0.0,owid,gcb,owid,0.2563387760520377,0.7436612239479623,0.0,False,False,False
Cambodia,KHM,2016,15852802.0,10.644,0.671,2.457,30.02,6.542,2.681,0.0,2.681,0.0,owid,gcb,owid,0.2906863276591131,0.7093136723408869,0.0,False,False,False
Cambodia,KHM,2017,16073374.0,12.087,0.752,1.444,13.563,6.621,3.166,0.0,3.166,0.0,owid,gcb,owid,0.323490344334321,0.676509655665679,0.0,False,False,False
Cambodia,KHM,2018,16274522.0,13.938,0.856,1.85,15.309,7.258,3.364,0.0,3.364,0.0,owid,gcb,owid,0.3167011862172849,0.6832988137827152,0.0,False,False,False
Cambodia,KHM,2019,16481305.0,18.626,1.13,4.689,33.641,9.131,4.488,0.0,4.488,0.0,owid,gcb,owid,0.3295396137748734,0.6704603862251267,0.0,False,False,False
Cambodia,KHM,2020,16725484.0,20.991,1.255,2.365,12.695,9.204,6.441,0.0,6.441,0.0,owid,gcb,owid,0.41169702780441036,0.5883029721955897,0.0,False,False,False
Cambodia,KHM,2021,16974309.0,20.775,1.224,-0.215,-1.026,9.16,5.705,0.0,5.705,0.0,owid,gcb,owid,0.3837874201143626,0.6162125798856374,0.0,False,False,False
Cameroon,CMR,1992,12006362.0,2.712,0.226,0.044,1.644,2.455,0.004,0.0,0.004,0.0,owid,gcb,owid,0.0016266775111834079,0.9983733224888166,0.0,False,False,False
Cameroon,CMR,1993,12353131.0,2.866,0.232,0.154,5.659,2.609,0.004,0.0,0.004,0.0,owid,gcb,owid,0.0015308075009567547,0.9984691924990432,0.0,False,False,False
Cameroon,CMR,1994,12704900.0,4.88,0.384,2.014,70.276,2.642,0.004,0.0,0.004,0.0,owid,gcb,owid,0.0015117157974300832,0.99848828420257,0.0,False,False,False
Cameroon,CMR,1995,13058517.0,5.375,0.412,0.495,10.142,2.975,0.004,0.0,0.004,0.0,owid,gcb,owid,0.001342732460557234,0.9986572675394427,0.0,False,False,False
Cameroon,CMR,1996,13414761.0,5.975,0.445,0.6,11.163,3.466,0.004,0.0,0.004,0.0,owid,gcb,owid,0.0011527377521613833,0.9988472622478386,0.0,False,False,False
Cameroon,CMR,1997,13775216.0,5.379,0.39,-0.596,-9.973,2.902,0.004,0.0,0.004,0.0,owid,gcb,owid,0.0013764624913971094,0.9986235375086029,0.0,False,False,False
Cameroon,CMR,1998,14144857.0,5.373,0.38,-0.006,-0.104,2.836,0.0,0.0,0.0,0.0,gcb,gcb,owid,0.0,1.0,0.0,False,False,False
Cameroon,CMR,1999,14525145.0,5.219,0.359,-0.154,-2.861,2.653,0.0,0.0,0.0,0.0,gcb,gcb,owid,0.0,1.0,0.0,False,False,False
Cameroon,CMR,2000,14912632.0,5.589,0.375,0.369,7.072,2.986,0.0,0.0,0.0,0.0,gcb,gcb,owid,0.0,1.0,0.0,False,False,False
Cameroon,CMR,2001,15309489.0,5.562,0.363,-0.026,-0.468,2.931,0.0,0.0,0.0,0.0,gcb,gcb,owid,0.0,1.0,0.0,False,False,False
Cameroon,CMR,2002,15725534.0,5.351,0.34,-0.212,-3.807,2.95,0.0,0.0,0.0,0.0,gcb,owid,owid,0.0,1.0,0.0,False,False,False
Cameroon,CMR,2003,16160340.0,5.705,0.353,0.354,6.616,3.32,0.0,0.0,0.0,0.0,gcb,owid,owid,0.0,1.0,0.0,False,False,False
Cameroon,CMR,2004,16610485.0,5.698,0.343,-0.006,-0.108,3.44,0.0,0.0,0.0,0.0,gcb,owid,owid,0.0,1.0,0.0,False,False,False
Cameroon,CMR,2005,17074599.0,5.424,0.318,-0.275,-4.819,3.195,0.0,0.0,0.0,0.0,gcb,owid,owid,0.0,1.0,0.0,False,False,False
Cameroon,CMR,2006,17550403.0,5.486,0.313,0.062,1.144,3.36,0.0,0.0,0.0,0.0,gcb,owid,owid,0.0,1.0,0.0,False,False,False
Cameroon,CMR,2007,18049897.0,7.409,0.41,1.923,35.062,4.573,0.0,0.685,0.0,0.685,gcb,owid,owid,0.0,0.8697223278813236,0.1302776721186763,False,False,False
Cameroon,CMR,2008,18574052.0,7.321,0.394,-0.089,-1.198,4.33,0.0,0.711,0.0,0.711,gcb,owid,owid,0.0,0.8589565562388415,0.1410434437611585,False,False,False
Cameroon,CMR,2009,19113978.0,8.555,0.448,1.234,16.861,5.581,0.0,0.59,0.0,0.59,gcb,owid,owid,0.0,0.9043915086695835,0.09560849133041646,False,False,False
Cameroon,CMR,2010,19668063.0,8.383,0.426,-0.172,-2.006,5.683,0.0,0.594,0.0,0.594,gcb,owid,owid,0.0,0.9053688067548191,0.09463119324518081,False,False,False
Cameroon,CMR,2011,20232312.0,8.105,0.401,-0.278,-3.317,5.658,0.0,0.425,0.0,0.425,gcb,owid,owid,0.0,0.9301331579812593,0.06986684201874074,False,False,False
Cameroon,CMR,2012,20809530.0,7.607,0.366,-0.498,-6.147,5.163,0.0,0.509,0.0,0.509,gcb,owid,owid,0.0,0.9102609308885754,0.08973906911142453,False,False,False
Cameroon,CMR,2013,21402379.0,7.853,0.367,0.246,3.236,5.159,0.0,0.586,0.0,0.586,gcb,owid,owid,0.0,0.8979982593559617,0.10200174064403829,False,False,False
Cameroon,CMR,2014,22059894.0,8.775,0.398,0.922,11.74,5.734,0.0,0.85,0.0,0.85,gcb,owid,owid,0.0,0.87089914945322,0.12910085054678008,False,False,False
Cameroon,CMR,2015,22763418.0,9.85,0.433,1.075,12.248,6.213,0.0,0.942,0.0,0.942,gcb,owid,owid,0.0,0.8683438155136268,0.13165618448637315,False,False,False
Cameroon,CMR,2016,23454165.0,9.965,0.425,0.115,1.167,6.035,0.0,1.011,0.0,1.011,gcb,owid,owid,0.0,0.856514334374113,0.14348566562588702,False,False,False
Cameroon,CMR,2017,24128609.0,9.582,0.397,-0.383,-3.845,5.507,0.0,1.121,0.0,1.121,gcb,owid,owid,0.0,0.8308690404345201,0.16913095956547977,False,False,False
Cameroon,CMR,2018,24806377.0,9.844,0.397,0.262,2.736,5.28,0.0,1.458,0.0,1.458,gcb,owid,owid,0.0,0.7836153161175423,0.21638468388245768,False,False,False
Cameroon,CMR,2019,25506095.0,9.605,0.377,-0.239,-2.424,5.238,0.0,1.327,0.0,1.327,gcb,owid,owid,0.0,0.7978674790555979,0.20213252094440212,False,False,False
Cameroon,CMR,2020,26210566.0,9.716,0.371,0.111,1.155,4.99,0.0,1.7,0.0,1.7,gcb,owid,owid,0.0,0.7458893871449925,0.25411061285500747,False,False,False
Cameroon,CMR,2021,26915765.0,9.734,0.362,0.017,0.178,5.137,0.0,1.385,0.0,1.385,gcb,owid,owid,0.0,0.787641827660227,0.2123581723397731,False,False,False
Canada,CAN,1992,28500066.0,463.393,16.259,13.616,3.027,202.862,106.985,132.473,106.985,132.473,owid,owid,owid,0.2418724000723458,0.4586317598119009,0.2994958401157533,False,False,False
Canada,CAN,1993,28830635.0,464.072,16.096,0.679,0.146,206.16,99.618,137.022,99.618,137.022,owid,owid,owid,0.22497289972899728,0.4655826558265582,0.3094444444444444,False,False,False
Canada,CAN,1994,29147383.0,478.468,16.415,14.396,3.102,211.173,103.287,140.26,103.287,140.26,owid,owid,owid,0.2271441766361717,0.46440226952850105,0.3084535538353272,False,False,False
Canada,CAN,1995,29459138.0,491.305,16.678,12.837,2.683,213.868,104.709,147.985,104.709,147.985,owid,owid,owid,0.22442676428856187,0.45839138206712077,0.3171818536443174,False,False,False
Canada,CAN,1996,29767210.0,507.775,17.058,16.47,3.352,220.802,106.867,154.547,106.867,154.547,owid,owid,owid,0.22161645403719496,0.45789024005839707,0.320493305904408,False,False,False
Canada,CAN,1997,30059088.0,522.019,17.366,14.243,2.805,228.749,113.731,153.155,113.731,153.155,owid,owid,owid,0.22946523147073955,0.4615271318611478,0.30900763666811265,False,False,False
Canada,CAN,1998,30329971.0,529.615,17.462,7.596,1.455,231.618,119.841,149.967,119.841,149.967,owid,owid,owid,0.2390003709420732,0.46191860812961427,0.29908102092831246,False,False,False
Canada,CAN,1999,30599458.0,543.859,17.774,14.245,2.69,234.589,120.136,162.468,120.136,162.468,owid,owid,owid,0.2322846596918365,0.4535811582910055,0.314134182017158,False,False,False
Canada,CAN,2000,30891800.0,566.68,18.344,22.82,4.196,237.243,129.483,173.031,129.483,173.031,owid,owid,owid,0.2398912844113184,0.4395366803950666,0.3205720351936149,False,False,False
Canada,CAN,2001,31213578.0,558.981,17.908,-7.699,-1.359,241.282,126.847,165.269,126.847,165.269,owid,owid,owid,0.2378092906235119,0.45234890269554817,0.3098418066809399,False,False,False
Canada,CAN,2002,31535579.0,564.256,17.893,5.276,0.944,242.197,124.528,171.331,124.528,171.331,owid,owid,owid,0.2314405935441664,0.45013344335905553,0.318425963096778,False,False,False
Canada,CAN,2003,31836483.0,581.19,18.255,16.934,3.001,257.913,123.577,173.956,123.577,173.956,owid,owid,owid,0.2224824735437828,0.4643349668554639,0.31318255960075325,False,False,False
Canada,CAN,2004,32132680.0,576.286,17.935,-4.904,-0.844,263.667,116.233,169.728,116.233,169.728,owid,owid,owid,0.211475761787973,0.47971900994854705,0.30880522826348006,False,False,False
Canada,CAN,2005,32440172.0,570.396,17.583,-5.89,-1.022,258.105,117.261,168.709,117.261,168.709,owid,owid,owid,0.2155235950925883,0.4743923172356752,0.3100840876717364,False,False,False
Canada,CAN,2006,32759174.0,566.315,17.287,-4.081,-0.715,256.937,114.604,168.049,114.604,168.049,owid,owid,owid,0.2123908893789729,0.47617079634537335,0.3114383142756537,False,False,False
Canada,CAN,2007,33092171.0,589.956,17.828,23.641,4.174,263.617,119.204,180.415,119.204,180.415,owid,owid,owid,0.21164130133727246,0.4680400400542579,0.32031865860846964,False,False,False
Canada,CAN,2008,33449088.0,574.214,17.167,-15.742,-2.668,255.22,113.144,180.742,113.144,180.742,owid,owid,owid,0.20605129064333663,0.4647918616806227,0.3291568476760407,False,False,False
Canada,CAN,2009,33826370.0,541.13,15.997,-33.084,-5.762,251.479,93.714,173.864,93.714,173.864,owid,owid,owid,0.1805466451661378,0.48449206927177557,0.33496128556208665,False,False,False
Canada,CAN,2010,34196900.0,554.307,16.209,13.178,2.435,257.185,96.395,177.71,96.395,177.71,owid,owid,owid,0.1814357507199458,0.4840764930640517,0.3344877562160026,False,False,False
Canada,CAN,2011,34555449.0,562.832,16.288,8.525,1.538,258.636,87.382,193.459,87.382,193.459,owid,owid,owid,0.161975394687818,0.4794198825899899,0.358604722722192,False,False,False
Canada,CAN,2012,34922513.0,561.77,16.086,-1.063,-0.189,258.238,82.209,196.532,82.209,196.532,owid,owid,owid,0.15309537244473248,0.48090893684855457,0.3659956907067129,False,False,False
Canada,CAN,2013,35293421.0,568.59,16.11,6.82,1.214,259.85,79.921,203.564,79.921,203.564,owid,owid,owid,0.14709341382388397,0.47825006671758674,0.37465651945852924,False,False,False
Canada,CAN,2014,35634265.0,564.938,15.854,-3.651,-0.642,252.104,77.558,210.171,77.558,210.171,owid,owid,owid,0.1436703573142064,0.4670036844727906,0.3893259582130028,False,False,False
Canada,CAN,2015,35962236.0,563.003,15.655,-1.936,-0.343,251.971,74.336,212.68,74.336,212.68,owid,owid,owid,0.1379179831795572,0.46748993946050643,0.3945920773599363,False,False,False
Canada,CAN,2016,36353345.0,553.707,15.231,-9.296,-1.651,247.842,74.532,209.467,74.532,209.467,owid,owid,owid,0.14013962819714915,0.4660076977893769,0.39385267401347396,False,False,False
Canada,CAN,2017,36808498.0,566.66,15.395,12.953,2.339,252.357,73.963,217.102,73.963,217.102,owid,owid,owid,0.1361060096941235,0.46438495313034805,0.3995090371755284,False,False,False
Canada,CAN,2018,37294996.0,575.091,15.42,8.43,1.488,258.216,62.467,230.629,62.467,230.629,owid,owid,owid,0.11330607713962329,0.4683663696781496,0.4183275531822271,False,False,False
Canada,CAN,2019,37782934.0,579.007,15.325,3.916,0.681,260.942,59.811,233.909,59.811,233.909,owid,owid,owid,0.10783323898157797,0.4704522754398174,0.4217144855786046,False,False,False
Canada,CAN,2020,38171903.0,524.208,13.733,-54.799,-9.464,225.773,49.442,224.876,49.442,224.876,owid,owid,owid,0.0988660063868376,0.45146383358228803,0.4496701600308744,False,False,False
Canada,CAN,2021,38454058.0,537.479,13.977,13.271,2.532,233.624,47.059,231.229,47.059,231.229,owid,owid,owid,0.09192790948444263,0.4563753145071809,0.45169677600837643,False,False,False
Cape Verde,CPV,1992,393426.0,0.18,0.456,0.015,8.889,0.18,0.0,0.0,0.0,0.0,gcb,gcb,owid,0.0,1.0,0.0,False,False,False
Cape Verde,CPV,1993,401977.0,0.169,0.419,-0.011,-6.122,0.169,0.0,0.0,0.0,0.0,gcb,gcb,owid,0.0,1.0,0.0,False,False,False
Cape Verde,CPV,1994,410230.0,0.176,0.429,0.007,4.348,0.176,0.0,0.0,0.0,0.0,gcb,gcb,owid,0.0,1.0,0.0,False,False,False
Cape Verde,CPV,1995,418116.0,0.198,0.473,0.022,12.5,0.198,0.0,0.0,0.0,0.0,gcb,gcb,owid,0.0,1.0,0.0,False,False,False
Cape Verde,CPV,1996,425592.0,0.22,0.517,0.022,11.111,0.22,0.0,0.0,0.0,0.0,gcb,gcb,owid,0.0,1.0,0.0,False,False,False
Cape Verde,CPV,1997,432803.0,0.227,0.525,0.007,3.333,0.227,0.0,0.0,0.0,0.0,gcb,gcb,owid,0.0,1.0,0.0,False,False,False
Cape Verde,CPV,1998,439789.0,0.242,0.55,0.015,6.452,0.242,0.0,0.0,0.0,0.0,gcb,gcb,owid,0.0,1.0,0.0,False,False,False
Cape Verde,CPV,1999,446528.0,0.286,0.64,0.044,18.182,0.286,0.0,0.0,0.0,0.0,gcb,gcb,owid,0.0,1.0,0.0,False,False,False
Cape Verde,CPV,2000,453335.0,0.297,0.655,0.011,3.846,0.297,0.0,0.0,0.0,0.0,gcb,gcb,owid,0.0,1.0,0.0,False,False,False
Cape Verde,CPV,2001,460300.0,0.348,0.756,0.051,17.284,0.348,0.0,0.0,0.0,0.0,gcb,gcb,owid,0.0,1.0,0.0,False,False,False
Cape Verde,CPV,2002,467056.0,0.385,0.824,0.037,10.526,0.385,0.0,0.0,0.0,0.0,gcb,gcb,owid,0.0,1.0,0.0,False,False,False
Cape Verde,CPV,2003,473384.0,0.414,0.875,0.029,7.619,0.414,0.0,0.0,0.0,0.0,gcb,gcb,owid,0.0,1.0,0.0,False,False,False
Cape Verde,CPV,2004,479377.0,0.429,0.894,0.015,3.54,0.429,0.0,0.0,0.0,0.0,gcb,gcb,owid,0.0,1.0,0.0,False,False,False
Cape Verde,CPV,2005,485128.0,0.447,0.921,0.018,4.274,0.447,0.0,0.0,0.0,0.0,gcb,gcb,owid,0.0,1.0,0.0,False,False,False
Cape Verde,CPV,2006,490728.0,0.495,1.008,0.048,10.656,0.495,0.0,0.0,0.0,0.0,gcb,gcb,owid,0.0,1.0,0.0,False,False,False
Cape Verde,CPV,2007,496196.0,0.506,1.019,0.011,2.222,0.506,0.0,0.0,0.0,0.0,gcb,gcb,owid,0.0,1.0,0.0,False,False,False
Cape Verde,CPV,2008,501362.0,0.473,0.943,-0.033,-6.522,0.473,0.0,0.0,0.0,0.0,gcb,gcb,owid,0.0,1.0,0.0,False,False,False
Cape Verde,CPV,2009,506148.0,0.524,1.035,0.051,10.853,0.524,0.0,0.0,0.0,0.0,gcb,gcb,owid,0.0,1.0,0.0,False,False,False
Cape Verde,CPV,2010,509793.0,0.557,1.092,0.033,6.294,0.557,0.0,0.0,0.0,0.0,gcb,gcb,owid,0.0,1.0,0.0,False,False,False
Cape Verde,CPV,2011,511453.0,0.616,1.204,0.059,10.526,0.616,0.0,0.0,0.0,0.0,gcb,gcb,owid,0.0,1.0,0.0,False,False,False
Cape Verde,CPV,2012,511966.0,0.502,0.98,-0.114,-18.452,0.502,0.0,0.0,0.0,0.0,gcb,gcb,owid,0.0,1.0,0.0,False,False,False
Cape Verde,CPV,2013,512231.0,0.495,0.966,-0.007,-1.46,0.495,0.0,0.0,0.0,0.0,gcb,gcb,owid,0.0,1.0,0.0,False,False,False
Cape Verde,CPV,2014,512334.0,0.491,0.958,-0.004,-0.741,0.491,0.0,0.0,0.0,0.0,gcb,gcb,owid,0.0,1.0,0.0,False,False,False
Cape Verde,CPV,2015,512405.0,0.495,0.965,0.004,0.746,0.495,0.0,0.0,0.0,0.0,gcb,gcb,owid,0.0,1.0,0.0,False,False,False
Cape Verde,CPV,2016,512556.0,0.531,1.037,0.037,7.407,0.531,0.0,0.0,0.0,0.0,gcb,gcb,owid,0.0,1.0,0.0,False,False,False
Cape Verde,CPV,2017,512899.0,0.572,1.114,0.04,7.586,0.572,0.0,0.0,0.0,0.0,gcb,gcb,owid,0.0,1.0,0.0,False,False,False
Cape Verde,CPV,2018,513418.0,0.572,1.113,0.0,0.0,0.572,0.0,0.0,0.0,0.0,gcb,gcb,owid,0.0,1.0,0.0,False,False,False
Cape Verde,CPV,2019,514116.0,0.63,1.226,0.059,10.256,0.63,0.0,0.0,0.0,0.0,gcb,gcb,owid,0.0,1.0,0.0,False,False,False
Cape Verde,CPV,2020,514683.0,0.52,1.011,-0.11,-17.442,0.52,0.0,0.0,0.0,0.0,gcb,gcb,owid,0.0,1.0,0.0,False,False,False
Cape Verde,CPV,2021,516655.0,0.59,1.142,0.07,13.38,0.59,0.0,0.0,0.0,0.0,gcb,gcb,owid,0.0,1.0,0.0,False,False,False
Central African Republic,CAF,1992,3058837.0,0.194,0.063,0.004,1.923,0.194,0.0,0.0,0.0,0.0,gcb,gcb,owid,0.0,1.0,0.0,False,False,False
Central African Republic,CAF,1993,3157842.0,0.198,0.063,0.004,1.887,0.198,0.0,0.0,0.0,0.0,gcb,gcb,owid,0.0,1.0,0.0,False,False,False
Central African Republic,CAF,1994,3257956.0,0.209,0.064,0.011,5.556,0.209,0.0,0.0,0.0,0.0,gcb,gcb,owid,0.0,1.0,0.0,False,False,False
Central African Republic,CAF,1995,3348062.0,0.209,0.062,0.0,0.0,0.209,0.0,0.0,0.0,0.0,gcb,gcb,owid,0.0,1.0,0.0,False,False,False
Central African Republic,CAF,1996,3435973.0,0.213,0.062,0.004,1.754,0.213,0.0,0.0,0.0,0.0,gcb,gcb,owid,0.0,1.0,0.0,False,False,False
Central African Republic,CAF,1997,3531700.0,0.216,0.061,0.004,1.724,0.216,0.0,0.0,0.0,0.0,gcb,gcb,owid,0.0,1.0,0.0,False,False,False
Central African Republic,CAF,1998,3628833.0,0.22,0.061,0.004,1.695,0.22,0.0,0.0,0.0,0.0,gcb,gcb,owid,0.0,1.0,0.0,False,False,False
Central African Republic,CAF,1999,3729452.0,0.231,0.062,0.011,5.0,0.231,0.0,0.0,0.0,0.0,gcb,gcb,owid,0.0,1.0,0.0,False,False,False
Central African Republic,CAF,2000,3833421.0,0.125,0.032,-0.106,-46.032,0.125,0.0,0.0,0.0,0.0,gcb,gcb,owid,0.0,1.0,0.0,False,False,False
Central African Republic,CAF,2001,3919498.0,0.143,0.036,0.018,14.706,0.143,0.0,0.0,0.0,0.0,gcb,gcb,owid,0.0,1.0,0.0,False,False,False
Central African Republic,CAF,2002,4006079.0,0.117,0.029,-0.026,-17.949,0.117,0.0,0.0,0.0,0.0,gcb,gcb,owid,0.0,1.0,0.0,False,False,False
Central African Republic,CAF,2003,4103092.0,0.114,0.028,-0.004,-3.125,0.114,0.0,0.0,0.0,0.0,gcb,gcb,owid,0.0,1.0,0.0,False,False,False
Central African Republic,CAF,2004,4192828.0,0.125,0.03,0.011,9.677,0.125,0.0,0.0,0.0,0.0,gcb,gcb,owid,0.0,1.0,0.0,False,False,False
Central African Republic,CAF,2005,4288814.0,0.128,0.03,0.004,2.941,0.128,0.0,0.0,0.0,0.0,gcb,gcb,owid,0.0,1.0,0.0,False,False,False
Central African Republic,CAF,2006,4377582.0,0.139,0.032,0.011,8.571,0.139,0.0,0.0,0.0,0.0,gcb,gcb,owid,0.0,1.0,0.0,False,False,False
Central African Republic,CAF,2007,4462777.0,0.154,0.034,0.015,10.526,0.154,0.0,0.0,0.0,0.0,gcb,gcb,owid,0.0,1.0,0.0,False,False,False
Central African Republic,CAF,2008,4558989.0,0.15,0.033,-0.004,-2.381,0.15,0.0,0.0,0.0,0.0,gcb,gcb,owid,0.0,1.0,0.0,False,False,False
Central African Republic,CAF,2009,4529051.0,0.154,0.034,0.004,2.439,0.154,0.0,0.0,0.0,0.0,gcb,gcb,owid,0.0,1.0,0.0,False,False,False
Central African Republic,CAF,2010,4493003.0,0.169,0.038,0.015,9.524,0.169,0.0,0.0,0.0,0.0,gcb,gcb,owid,0.0,1.0,0.0,False,False,False
Central African Republic,CAF,2011,4565023.0,0.154,0.034,-0.015,-8.696,0.154,0.0,0.0,0.0,0.0,gcb,gcb,owid,0.0,1.0,0.0,False,False,False
Central African Republic,CAF,2012,4610848.0,0.183,0.04,0.029,19.048,0.183,0.0,0.0,0.0,0.0,gcb,gcb,owid,0.0,1.0,0.0,False,False,False
Central African Republic,CAF,2013,4642423.0,0.103,0.022,-0.081,-44.0,0.103,0.0,0.0,0.0,0.0,gcb,gcb,owid,0.0,1.0,0.0,False,False,False
Central African Republic,CAF,2014,4623187.0,0.132,0.029,0.029,28.571,0.132,0.0,0.0,0.0,0.0,gcb,gcb,owid,0.0,1.0,0.0,False,False,False
Central African Republic,CAF,2015,4629322.0,0.194,0.042,0.062,47.222,0.194,0.0,0.0,0.0,0.0,gcb,gcb,owid,0.0,1.0,0.0,False,False,False
Central African Republic,CAF,2016,4713663.0,0.238,0.051,0.044,22.642,0.238,0.0,0.0,0.0,0.0,gcb,gcb,owid,0.0,1.0,0.0,False,False,False
Central African Republic,CAF,2017,4793512.0,0.286,0.06,0.048,20.0,0.286,0.0,0.0,0.0,0.0,gcb,gcb,owid,0.0,1.0,0.0,False,False,False
Central African Republic,CAF,2018,4878663.0,0.271,0.056,-0.015,-5.128,0.271,0.0,0.0,0.0,0.0,gcb,gcb,owid,0.0,1.0,0.0,False,False,False
Central African Republic,CAF,2019,4944708.0,0.311,0.063,0.04,14.865,0.311,0.0,0.0,0.0,0.0,gcb,gcb,owid,0.0,1.0,0.0,False,False,False
Central African Republic,CAF,2020,5026629.0,0.333,0.066,0.022,7.059,0.333,0.0,0.0,0.0,0.0,gcb,gcb,owid,0.0,1.0,0.0,False,False,False
Central African Republic,CAF,2021,5112103.0,0.366,0.072,0.033,9.89,0.366,0.0,0.0,0.0,0.0,gcb,gcb,owid,0.0,1.0,0.0,False,False,False
Chad,TCD,1992,6474651.0,0.403,0.062,0.015,3.774,0.403,0.0,0.0,0.0,0.0,gcb,gcb,owid,0.0,1.0,0.0,False,False,False
Chad,TCD,1993,6629147.0,0.399,0.06,-0.004,-0.909,0.399,0.0,0.0,0.0,0.0,gcb,gcb,owid,0.0,1.0,0.0,False,False,False
Chad,TCD,1994,6783456.0,0.416,0.061,0.016,4.105,0.41,0.0,0.0,0.0,0.0,gcb,gcb,owid,0.0,1.0,0.0,False,False,False
Chad,TCD,1995,7089063.0,0.427,0.06,0.012,2.8,0.421,0.0,0.0,0.0,0.0,gcb,gcb,owid,0.0,1.0,0.0,False,False,False
Chad,TCD,1996,7410107.0,0.443,0.06,0.016,3.698,0.436,0.0,0.0,0.0,0.0,gcb,gcb,owid,0.0,1.0,0.0,False,False,False
Chad,TCD,1997,7670371.0,0.453,0.059,0.01,2.229,0.451,0.0,0.0,0.0,0.0,gcb,gcb,owid,0.0,1.0,0.0,False,False,False
Chad,TCD,1998,7938841.0,0.464,0.058,0.011,2.371,0.462,0.0,0.0,0.0,0.0,gcb,gcb,owid,0.0,1.0,0.0,False,False,False
Chad,TCD,1999,8222710.0,0.474,0.058,0.01,2.1,0.473,0.0,0.0,0.0,0.0,gcb,gcb,owid,0.0,1.0,0.0,False,False,False
Chad,TCD,2000,8512092.0,0.488,0.057,0.014,2.942,0.487,0.0,0.0,0.0,0.0,gcb,gcb,owid,0.0,1.0,0.0,False,False,False
Chad,TCD,2001,8804122.0,0.506,0.057,0.018,3.709,0.502,0.0,0.0,0.0,0.0,gcb,gcb,owid,0.0,1.0,0.0,False,False,False
Chad,TCD,2002,9116195.0,0.531,0.058,0.026,5.067,0.513,0.0,0.0,0.0,0.0,gcb,gcb,owid,0.0,1.0,0.0,False,False,False
Chad,TCD,2003,9487830.0,0.882,0.093,0.351,66.113,0.744,0.0,0.0,0.0,0.0,gcb,gcb,owid,0.0,1.0,0.0,False,False,False
Chad,TCD,2004,9920036.0,0.906,0.091,0.024,2.695,0.751,0.0,0.0,0.0,0.0,gcb,gcb,owid,0.0,1.0,0.0,False,False,False
Chad,TCD,2005,10328094.0,0.929,0.09,0.023,2.557,0.769,0.0,0.0,0.0,0.0,gcb,gcb,owid,0.0,1.0,0.0,False,False,False
Chad,TCD,2006,10706426.0,0.957,0.089,0.028,3.004,0.788,0.0,0.0,0.0,0.0,gcb,gcb,owid,0.0,1.0,0.0,False,False,False
Chad,TCD,2007,11081667.0,1.089,0.098,0.132,13.754,0.876,0.0,0.0,0.0,0.0,gcb,gcb,owid,0.0,1.0,0.0,False,False,False
Chad,TCD,2008,11476299.0,0.872,0.076,-0.216,-19.881,0.744,0.0,0.0,0.0,0.0,gcb,gcb,owid,0.0,1.0,0.0,False,False,False
Chad,TCD,2009,11893753.0,1.22,0.103,0.347,39.801,1.11,0.0,0.0,0.0,0.0,gcb,gcb,owid,0.0,1.0,0.0,False,False,False
Chad,TCD,2010,12312580.0,1.236,0.1,0.016,1.336,1.136,0.0,0.0,0.0,0.0,gcb,gcb,owid,0.0,1.0,0.0,False,False,False
Chad,TCD,2011,12755004.0,1.277,0.1,0.041,3.285,1.129,0.0,0.0,0.0,0.0,gcb,gcb,owid,0.0,1.0,0.0,False,False,False
Chad,TCD,2012,13211006.0,1.747,0.132,0.47,36.816,1.499,0.0,0.0,0.0,0.0,gcb,gcb,owid,0.0,1.0,0.0,False,False,False
Chad,TCD,2013,13691081.0,2.082,0.152,0.336,19.211,1.759,0.0,0.0,0.0,0.0,gcb,gcb,owid,0.0,1.0,0.0,False,False,False
Chad,TCD,2014,14188680.0,2.183,0.154,0.101,4.832,1.799,0.0,0.0,0.0,0.0,gcb,gcb,owid,0.0,1.0,0.0,False,False,False
Chad,TCD,2015,14647626.0,2.352,0.161,0.169,7.747,1.818,0.0,0.0,0.0,0.0,gcb,gcb,owid,0.0,1.0,0.0,False,False,False
Chad,TCD,2016,15114652.0,2.382,0.158,0.03,1.263,1.784,0.0,0.0,0.0,0.0,gcb,gcb,owid,0.0,1.0,0.0,False,False,False
Chad,TCD,2017,15622756.0,2.341,0.15,-0.041,-1.714,1.766,0.0,0.0,0.0,0.0,gcb,gcb,owid,0.0,1.0,0.0,False,False,False
Chad,TCD,2018,16156535.0,2.384,0.148,0.043,1.826,1.843,0.0,0.0,0.0,0.0,gcb,gcb,owid,0.0,1.0,0.0,False,False,False
Chad,TCD,2019,16685223.0,2.3,0.138,-0.084,-3.513,1.821,0.0,0.0,0.0,0.0,gcb,gcb,owid,0.0,1.0,0.0,False,False,False
Chad,TCD,2020,17224686.0,2.356,0.137,0.057,2.464,1.924,0.0,0.0,0.0,0.0,gcb,gcb,owid,0.0,1.0,0.0,False,False,False
Chad,TCD,2021,17828274.0,2.67,0.15,0.314,13.312,2.136,0.0,0.0,0.0,0.0,gcb,gcb,owid,0.0,1.0,0.0,False,False,False
Chile,CHL,1992,13884579.0,32.001,2.305,1.109,3.59,20.819,7.456,2.612,7.456,2.612,owid,owid,owid,0.2413960565933888,0.674037621005601,0.08456632240101014,False,False,False
Chile,CHL,1993,14102276.0,34.098,2.418,2.097,6.554,22.819,7.628,2.448,7.628,2.448,owid,owid,owid,0.23188934488524096,0.6936920504635964,0.0744186046511628,False,False,False
Chile,CHL,1994,14316263.0,37.975,2.653,3.877,11.37,24.234,9.362,2.631,9.362,2.631,owid,owid,owid,0.2584260358296298,0.6689485742678113,0.07262538990255885,False,False,False
Chile,CHL,1995,14527382.0,41.563,2.861,3.588,9.448,26.835,10.314,2.616,10.314,2.616,owid,owid,owid,0.2593738211995473,0.6748396831384383,0.06578649566201433,False,False,False
Chile,CHL,1996,14734049.0,48.226,3.273,6.664,16.033,29.259,14.415,2.682,14.415,2.682,owid,owid,owid,0.3109629821382345,0.6311804297178358,0.057856588143929584,False,False,False
Chile,CHL,1997,14932436.0,55.942,3.746,7.716,15.999,31.052,18.606,4.529,18.606,4.529,owid,owid,owid,0.34336649011755593,0.57305257718641,0.0835809326960341,False,False,False
Chile,CHL,1998,15127799.0,57.258,3.785,1.316,2.353,31.21,17.77,6.441,17.77,6.441,owid,owid,owid,0.32063658180112226,0.5631439346096244,0.11621948358925316,False,False,False
Chile,CHL,1999,15319311.0,61.408,4.009,4.15,7.247,32.155,18.518,9.032,18.518,9.032,owid,owid,owid,0.3101582782011557,0.5385646093292019,0.1512771124696424,False,False,False
Chile,CHL,2000,15503638.0,58.503,3.773,-2.905,-4.731,30.627,14.242,11.919,14.242,11.919,owid,owid,owid,0.25079242093400017,0.5393216876804959,0.209885891385504,False,False,False
Chile,CHL,2001,15683852.0,52.918,3.374,-5.584,-9.545,28.468,9.263,13.517,9.263,13.517,owid,owid,owid,0.18074851701529815,0.5554948485794567,0.26375663440524505,False,False,False
Chile,CHL,2002,15857926.0,54.836,3.458,1.917,3.623,30.323,9.38,13.506,9.38,13.506,owid,owid,owid,0.1762859666597756,0.5698847939258396,0.2538292394143848,False,False,False
Chile,CHL,2003,16024755.0,55.1,3.438,0.265,0.483,29.587,9.244,14.737,9.244,14.737,owid,owid,owid,0.17256571087216246,0.5523260155316606,0.2751082735961768,False,False,False
Chile,CHL,2004,16187324.0,59.221,3.658,4.121,7.479,31.324,10.274,16.048,10.274,16.048,owid,owid,owid,0.17822572251327062,0.5433854907539118,0.27838878673281753,False,False,False
Chile,CHL,2005,16348780.0,61.116,3.738,1.895,3.2,33.826,10.241,15.557,10.241,15.557,owid,owid,owid,0.1717596940829196,0.5673218838051791,0.26091842211190125,False,False,False
Chile,CHL,2006,16509195.0,64.048,3.88,2.932,4.797,35.735,12.535,14.334,12.535,14.334,owid,owid,owid,0.2002268225672481,0.5708101718740016,0.22896300555875024,False,False,False
Chile,CHL,2007,16671571.0,70.469,4.227,6.421,10.025,47.223,13.003,8.764,13.003,8.764,owid,owid,owid,0.18847659081026238,0.684490505870416,0.12703290331932163,False,False,False
Chile,CHL,2008,16838987.0,70.549,4.19,0.08,0.113,47.549,16.733,4.825,16.733,4.825,owid,owid,owid,0.24213176668065464,0.6880489675430853,0.06981926577626,False,False,False
Chile,CHL,2009,17009730.0,65.96,3.878,-4.589,-6.505,44.932,13.429,6.379,13.429,6.379,owid,owid,owid,0.207429718875502,0.694037689218412,0.09853259190608586,False,False,False
Chile,CHL,2010,17181463.0,71.347,4.153,5.388,8.168,43.461,16.525,10.227,16.525,10.227,owid,owid,owid,0.23535527608847365,0.6189879367068777,0.14565678720464872,False,False,False
Chile,CHL,2011,17351810.0,78.071,4.499,6.724,9.424,45.628,20.848,10.45,20.848,10.45,owid,owid,owid,0.2710137014793438,0.5931414606244962,0.13584483789615992,False,False,False
Chile,CHL,2012,17519116.0,79.621,4.545,1.549,1.985,45.162,23.479,9.809,23.479,9.809,owid,owid,owid,0.2992861695347355,0.575678776290631,0.12503505417463354,False,False,False
Chile,CHL,2013,17687006.0,81.733,4.621,2.112,2.653,45.914,25.395,9.292,25.395,9.292,owid,owid,owid,0.3150705326236647,0.5696455378965521,0.11528392947978312,False,False,False
Chile,CHL,2014,17864192.0,77.586,4.343,-4.147,-5.074,43.82,24.385,8.296,24.385,8.296,owid,owid,owid,0.31875400321564423,0.5728029698958184,0.1084430268885374,False,False,False
Chile,CHL,2015,18047630.0,81.778,4.531,4.192,5.403,44.353,27.191,9.112,27.191,9.112,owid,owid,owid,0.3371230906566158,0.5499032929974212,0.11297361634596312,False,False,False
Chile,CHL,2016,18267225.0,84.25,4.612,2.472,3.023,46.064,27.015,9.951,27.015,9.951,owid,owid,owid,0.3253643261471757,0.5547874262314826,0.11984824762134169,False,False,False
Chile,CHL,2017,18558868.0,84.135,4.533,-0.116,-0.138,45.465,27.754,9.944,27.754,9.944,owid,owid,owid,0.3337301444151846,0.5466974495869557,0.11957240599785962,False,False,False
Chile,CHL,2018,18893185.0,84.443,4.469,0.308,0.366,46.573,27.07,9.981,27.07,9.981,owid,owid,owid,0.3237108963933799,0.5569334162441405,0.11935568736247967,False,False,False
Chile,CHL,2019,19197748.0,91.977,4.791,7.534,8.923,48.022,31.017,12.051,31.017,12.051,owid,owid,owid,0.34050938632122074,0.5271928861565485,0.13229772752223076,False,False,False
Chile,CHL,2020,19370621.0,80.178,4.139,-11.799,-12.828,43.035,25.193,11.043,25.193,11.043,owid,owid,owid,0.3178085302317368,0.542884535328178,0.1393069344400853,False,False,False
Chile,CHL,2021,19456323.0,83.63,4.298,3.452,4.306,46.49,24.101,12.083,24.101,12.083,owid,owid,owid,0.29151849432711613,0.5623291482207223,0.14615235745216149,False,False,False
China,CHN,1992,1184574236.0,2731.29,2.306,112.147,4.282,385.794,2114.612,30.239,2114.612,30.239,owid,owid,owid,0.8356019907968127,0.152448881609234,0.011949127593953321,False,False,False
China,CHN,1993,1197308574.0,2914.284,2.434,182.994,6.7,428.549,2228.683,35.728,2228.683,35.728,owid,owid,owid,0.8275960281623195,0.15913678628720812,0.013267185550472344,False,False,False
China,CHN,1994,1209003099.0,3093.891,2.559,179.606,6.163,423.712,2380.736,41.568,2380.736,41.568,owid,owid,owid,0.8365153252827812,0.14887899435561852,0.014605680361600214,False,False,False
China,CHN,1995,1220133929.0,3351.197,2.747,257.306,8.317,468.23,2569.699,42.436,2569.699,42.436,owid,owid,owid,0.8342189967747328,0.152004713727107,0.01377628949816012,False,False,False
China,CHN,1996,1230944809.0,3499.311,2.843,148.113,4.42,510.622,2660.288,44.47,2660.288,44.47,owid,owid,owid,0.8273634842538052,0.15880611311882267,0.013830402627372193,False,False,False
China,CHN,1997,1241139623.0,3512.35,2.83,13.039,0.373,557.961,2609.78,44.158,2609.78,44.158,owid,owid,owid,0.8125348897957253,0.17371685722371719,0.013748252980557608,False,False,False
China,CHN,1998,1250847122.0,3355.336,2.682,-157.014,-4.47,559.262,2444.896,50.501,2444.896,50.501,owid,owid,owid,0.8003826286338344,0.18308492044447508,0.016532450921690436,False,False,False
China,CHN,1999,1260176650.0,3549.949,2.817,194.613,5.8,596.751,2580.985,54.572,2580.985,54.572,owid,owid,owid,0.7984959972873873,0.18462071065009894,0.016883292062513846,False,False,False
China,CHN,2000,1269581174.0,3643.81,2.87,93.861,2.644,648.685,2601.591,59.796,2601.591,59.796,owid,owid,owid,0.7859620576229158,0.19597307853122228,0.018064863845861964,False,False,False
China,CHN,2001,1278725061.0,3724.114,2.912,80.305,2.204,659.301,2637.885,67.158,2637.885,67.158,owid,owid,owid,0.7840711294683302,0.1959671781482512,0.01996169238341858,False,False,False
China,CHN,2002,1286866835.0,4098.181,3.185,374.066,10.044,653.087,3018.604,53.993,3018.604,53.993,owid,owid,owid,0.8102147149355662,0.17529318106420191,0.014492104000231905,False,False,False
China,CHN,2003,1294517323.0,4835.251,3.735,737.071,17.985,727.099,3601.892,60.745,3601.892,60.745,owid,owid,owid,0.8205258812830658,0.16563615670737375,0.013837962009560483,False,False,False
China,CHN,2004,1302100316.0,5210.961,4.002,375.71,7.77,839.096,3835.193,71.521,3835.193,71.521,owid,owid,owid,0.8081219012139129,0.17680775252275163,0.015070346263335446,False,False,False
China,CHN,2005,1310027135.0,5881.991,4.49,671.029,12.877,850.176,4424.24,84.957,4424.24,84.957,owid,owid,owid,0.8255144771599214,0.15863348193902532,0.01585204090105316,False,False,False
China,CHN,2006,1318054030.0,6486.185,4.921,604.194,10.272,898.537,4905.253,103.753,4905.253,103.753,owid,owid,owid,0.8303372484973871,0.15209995085943515,0.017562800643177716,False,False,False
China,CHN,2007,1325813576.0,6974.663,5.261,488.479,7.531,927.355,5289.79,129.515,5289.79,129.515,owid,owid,owid,0.8334761906262506,0.14611701272795452,0.02040679664579479,False,False,False
China,CHN,2008,1333821011.0,7492.404,5.617,517.741,7.423,970.121,5729.368,149.674,5729.368,149.674,owid,owid,owid,0.8365063001128751,0.14164081070927936,0.021852889177845527,False,False,False
China,CHN,2009,1342522717.0,7881.491,5.871,389.087,5.193,982.355,6028.871,164.404,6028.871,164.404,owid,owid,owid,0.8401869940339732,0.13690156822467153,0.02291143774135511,False,False,False
China,CHN,2010,1351561505.0,8610.048,6.37,728.557,9.244,1092.572,6569.148,199.585,6569.148,199.585,owid,owid,owid,0.8356307254329911,0.1389809961577626,0.025388278409246304,False,False,False
China,CHN,2011,1360250658.0,9520.153,6.999,910.106,10.57,1123.862,7309.64,245.99,7309.64,245.99,owid,owid,owid,0.8421737124707299,0.12948476708083836,0.028341520448431776,False,False,False
China,CHN,2012,1369520866.0,9767.311,7.132,247.157,2.596,1176.716,7464.979,277.599,7464.979,277.599,owid,owid,owid,0.8369472965012702,0.1319292760166892,0.031123427482040618,False,False,False
China,CHN,2013,1379008040.0,9942.371,7.21,175.061,1.792,1234.622,7493.418,320.127,7493.418,320.127,owid,owid,owid,0.8281697276365478,0.13644995721232822,0.035380315151123984,False,False,False
China,CHN,2014,1387951970.0,9976.027,7.188,33.656,0.339,1255.609,7425.231,370.222,7425.231,370.222,owid,owid,owid,0.8203712448329268,0.13872504685085574,0.04090370831621748,False,False,False
China,CHN,2015,1396134171.0,9858.04,7.061,-117.987,-1.183,1328.812,7266.352,380.052,7266.352,380.052,owid,owid,owid,0.8096019081880591,0.14805348417241432,0.042344607639526445,False,False,False
China,CHN,2016,1404052628.0,9748.175,6.943,-109.865,-1.114,1357.842,7071.886,421.726,7071.886,421.726,owid,owid,owid,0.7989519010097097,0.15340327137213838,0.04764482761815177,False,False,False
China,CHN,2017,1412354730.0,10000.014,7.08,251.838,2.583,1430.594,7163.662,486.359,7163.662,486.359,owid,owid,owid,0.7888961265288749,0.15754373464792856,0.053560138823196435,False,False,False
China,CHN,2018,1419008954.0,10346.79,7.292,346.777,3.468,1500.478,7316.7,575.369,7316.7,575.369,owid,owid,owid,0.7789899800341696,0.15975198207685307,0.06125803788897729,False,False,False
China,CHN,2019,1423520357.0,10713.515,7.526,366.725,3.544,1559.739,7522.577,630.171,7522.577,630.171,owid,owid,owid,0.7745263391343535,0.1605911029790825,0.06488255788656397,False,False,False
China,CHN,2020,1426106093.0,10896.521,7.641,183.005,1.708,1523.058,7679.382,676.473,7679.382,676.473,owid,owid,owid,0.7773509089512177,0.1541726301264117,0.06847646092237071,False,False,False
China,CHN,2021,1426437269.0,11284.401,7.911,387.881,3.56,1521.109,8004.203,765.332,8004.203,765.332,owid,owid,owid,0.7778136139973358,0.1478147528959315,0.07437163310673267,False,False,False
Colombia,COL,1992,33760571.0,61.341,1.817,4.732,8.358,35.651,13.495,8.365,13.495,8.365,owid,owid,owid,0.23465076246283317,0.6198988019683191,0.1454504355688477,False,False,False
Colombia,COL,1993,34441479.0,63.26,1.837,1.92,3.129,36.038,14.107,8.644,14.107,8.644,owid,owid,owid,0.2399598564357278,0.6130058344248074,0.14703430913946489,False,False,False
Colombia,COL,1994,35127408.0,66.982,1.907,3.722,5.883,39.558,13.534,8.976,13.534,8.976,owid,owid,owid,0.2180511696848618,0.6373332474060708,0.14461558290906748,False,False,False
Colombia,COL,1995,35804670.0,59.35,1.658,-7.632,-11.394,31.793,14.04,8.295,14.04,8.295,owid,owid,owid,0.25938516109961574,0.5873669819686669,0.1532478569317174,False,False,False
Colombia,COL,1996,36462740.0,59.628,1.635,0.278,0.469,32.577,12.403,10.234,12.403,10.234,owid,owid,owid,0.22463505632629407,0.5900134023979425,0.1853515412757634,False,False,False
Colombia,COL,1997,37121155.0,65.096,1.754,5.467,9.169,34.797,12.201,12.454,12.201,12.454,owid,owid,owid,0.2052243826952836,0.5852957007333647,0.2094799165713517,False,False,False
Colombia,COL,1998,37792169.0,65.56,1.735,0.464,0.713,35.356,11.592,13.021,11.592,13.021,owid,owid,owid,0.19329987160032683,0.5895712784938886,0.21712884990578465,False,False,False
Colombia,COL,1999,38454861.0,55.286,1.438,-10.274,-15.671,30.393,9.585,11.201,9.585,11.201,owid,owid,owid,0.18728384689032612,0.5938568553508274,0.2188592977588464,False,False,False
Colombia,COL,2000,39089939.0,56.213,1.438,0.927,1.677,29.329,10.033,12.488,10.033,12.488,owid,owid,owid,0.19350048216007712,0.5656509161041465,0.24084860173577627,False,False,False
Colombia,COL,2001,39709263.0,56.465,1.422,0.252,0.449,28.543,10.127,13.26,10.127,13.26,owid,owid,owid,0.19501251684960524,0.5496437512035433,0.2553437319468515,False,False,False
Colombia,COL,2002,40324684.0,55.417,1.374,-1.048,-1.857,28.722,9.061,13.245,9.061,13.245,owid,owid,owid,0.1775691777063573,0.5628674453241358,0.25956337696950693,False,False,False
Colombia,COL,2003,40937426.0,57.033,1.393,1.617,2.917,29.647,10.311,12.682,10.311,12.682,owid,owid,owid,0.1958776595744681,0.5632028875379939,0.240919452887538,False,False,False
Colombia,COL,2004,41543177.0,54.324,1.308,-2.709,-4.751,29.525,7.075,13.348,7.075,13.348,owid,owid,owid,0.14164731320573395,0.5911147593497237,0.26723792744454233,False,False,False
Colombia,COL,2005,42128978.0,60.256,1.43,5.932,10.92,30.93,10.215,14.007,10.215,14.007,owid,owid,owid,0.18521540469973893,0.5608137510879025,0.2539708442123586,False,False,False
Colombia,COL,2006,42691081.0,62.466,1.463,2.209,3.666,33.969,9.332,14.033,9.332,14.033,owid,owid,owid,0.16276554923779957,0.5924756688875711,0.24475878187462935,False,False,False
Colombia,COL,2007,43235374.0,60.67,1.403,-1.796,-2.875,33.02,8.031,14.033,8.031,14.033,owid,owid,owid,0.14579551230847435,0.5994481156052575,0.2547563720862682,False,False,False
Colombia,COL,2008,43758805.0,66.982,1.531,6.312,10.404,33.441,10.747,17.518,10.747,17.518,owid,owid,owid,0.1741645869121317,0.5419408161280913,0.283894596959777,False,False,False
Colombia,COL,2009,44271543.0,71.771,1.621,4.789,7.149,35.739,11.084,20.097,11.084,20.097,owid,owid,owid,0.16563060370591753,0.5340555887627018,0.3003138075313808,False,False,False
Colombia,COL,2010,44777325.0,75.431,1.685,3.66,5.1,35.697,12.607,21.987,12.607,21.987,owid,owid,owid,0.17935439814485496,0.5078459546741404,0.31279964718100467,False,False,False
Colombia,COL,2011,45259614.0,75.191,1.661,-0.24,-0.318,35.339,12.725,21.05,12.725,21.05,owid,owid,owid,0.18411609804091789,0.5113146395809821,0.30456926237809995,False,False,False
Colombia,COL,2012,45715807.0,78.675,1.721,3.483,4.633,38.917,10.326,22.901,10.326,22.901,owid,owid,owid,0.14313040585495676,0.5394350188511865,0.3174345752938567,False,False,False
Colombia,COL,2013,46151583.0,86.445,1.873,7.77,9.876,41.509,16.264,22.339,16.264,22.339,owid,owid,owid,0.2030157779109247,0.5181371080487318,0.2788471140403435,False,False,False
Colombia,COL,2014,46565426.0,92.042,1.977,5.597,6.474,45.216,16.458,23.907,16.458,23.907,owid,owid,owid,0.19230904055806777,0.5283415711431275,0.2793493882988046,False,False,False
Colombia,COL,2015,46969938.0,91.027,1.938,-1.015,-1.103,42.891,17.602,24.406,17.602,24.406,owid,owid,owid,0.20732870822977892,0.5052002968232842,0.28747099494693695,False,False,False
Colombia,COL,2016,47437513.0,91.583,1.931,0.556,0.611,45.459,17.994,22.896,17.994,22.896,owid,owid,owid,0.20838689504221242,0.5264565889587604,0.2651565159990272,False,False,False
Colombia,COL,2017,48131076.0,83.459,1.734,-8.124,-8.871,42.872,12.655,22.783,12.655,22.783,owid,owid,owid,0.16160132805516536,0.5474652024007151,0.2909334695441195,False,False,False
Colombia,COL,2018,49024463.0,90.811,1.852,7.352,8.809,50.695,11.219,23.53,11.219,23.53,owid,owid,owid,0.13130237348438742,0.5933125789991105,0.27538504751650206,False,False,False
Colombia,COL,2019,49907987.0,98.962,1.983,8.151,8.976,45.58,23.79,24.223,23.79,24.223,owid,owid,owid,0.2541856762792089,0.4870022330729862,0.25881209064780486,False,False,False
Colombia,COL,2020,50629997.0,92.305,1.823,-6.657,-6.727,43.224,20.343,23.952,20.343,23.952,owid,owid,owid,0.23244095567819562,0.4938813286257841,0.27367771569602034,False,False,False
Colombia,COL,2021,51188174.0,103.734,2.027,11.428,12.381,56.821,19.742,21.76,19.742,21.76,owid,owid,owid,0.2007872013669233,0.5779014065884889,0.22131139204458775,False,False,False
Comoros,COM,1992,465118.0,0.07,0.15,0.004,5.556,0.07,0.0,0.0,0.0,0.0,gcb,gcb,owid,0.0,1.0,0.0,False,False,False
Comoros,COM,1993,473681.0,0.07,0.147,0.0,0.0,0.07,0.0,0.0,0.0,0.0,gcb,gcb,owid,0.0,1.0,0.0,False,False,False
Comoros,COM,1994,482148.0,0.073,0.152,0.004,5.263,0.073,0.0,0.0,0.0,0.0,gcb,gcb,owid,0.0,1.0,0.0,False,False,False
Comoros,COM,1995,490594.0,0.077,0.157,0.004,5.0,0.077,0.0,0.0,0.0,0.0,gcb,gcb,owid,0.0,1.0,0.0,False,False,False
Comoros,COM,1996,499113.0,0.077,0.154,0.0,0.0,0.077,0.0,0.0,0.0,0.0,gcb,gcb,owid,0.0,1.0,0.0,False,False,False
Comoros,COM,1997,507779.0,0.081,0.159,0.004,4.762,0.081,0.0,0.0,0.0,0.0,gcb,gcb,owid,0.0,1.0,0.0,False,False,False
Comoros,COM,1998,516606.0,0.088,0.17,0.007,9.091,0.088,0.0,0.0,0.0,0.0,gcb,gcb,owid,0.0,1.0,0.0,False,False,False
Comoros,COM,1999,525894.0,0.095,0.181,0.007,8.333,0.095,0.0,0.0,0.0,0.0,gcb,gcb,owid,0.0,1.0,0.0,False,False,False
Comoros,COM,2000,536084.0,0.103,0.191,0.007,7.692,0.103,0.0,0.0,0.0,0.0,gcb,gcb,owid,0.0,1.0,0.0,False,False,False
Comoros,COM,2001,547221.0,0.106,0.194,0.004,3.571,0.106,0.0,0.0,0.0,0.0,gcb,gcb,owid,0.0,1.0,0.0,False,False,False
Comoros,COM,2002,558927.0,0.106,0.19,0.0,0.0,0.106,0.0,0.0,0.0,0.0,gcb,gcb,owid,0.0,1.0,0.0,False,False,False
Comoros,COM,2003,569808.0,0.136,0.238,0.029,27.586,0.136,0.0,0.0,0.0,0.0,gcb,gcb,owid,0.0,1.0,0.0,False,False,False
Comoros,COM,2004,580711.0,0.15,0.259,0.015,10.811,0.15,0.0,0.0,0.0,0.0,gcb,gcb,owid,0.0,1.0,0.0,False,False,False
Comoros,COM,2005,592679.0,0.143,0.241,-0.007,-4.878,0.143,0.0,0.0,0.0,0.0,gcb,gcb,owid,0.0,1.0,0.0,False,False,False
Comoros,COM,2006,604752.0,0.169,0.279,0.026,17.949,0.169,0.0,0.0,0.0,0.0,gcb,gcb,owid,0.0,1.0,0.0,False,False,False
Comoros,COM,2007,616935.0,0.106,0.172,-0.062,-36.957,0.106,0.0,0.0,0.0,0.0,gcb,gcb,owid,0.0,1.0,0.0,False,False,False
Comoros,COM,2008,629314.0,0.11,0.175,0.004,3.448,0.11,0.0,0.0,0.0,0.0,gcb,gcb,owid,0.0,1.0,0.0,False,False,False
Comoros,COM,2009,641949.0,0.136,0.211,0.026,23.333,0.136,0.0,0.0,0.0,0.0,gcb,gcb,owid,0.0,1.0,0.0,False,False,False
Comoros,COM,2010,654846.0,0.161,0.246,0.026,18.919,0.161,0.0,0.0,0.0,0.0,gcb,gcb,owid,0.0,1.0,0.0,False,False,False
Comoros,COM,2011,668064.0,0.143,0.214,-0.018,-11.364,0.143,0.0,0.0,0.0,0.0,gcb,gcb,owid,0.0,1.0,0.0,False,False,False
Comoros,COM,2012,681637.0,0.154,0.226,0.011,7.692,0.154,0.0,0.0,0.0,0.0,gcb,gcb,owid,0.0,1.0,0.0,False,False,False
Comoros,COM,2013,696203.0,0.183,0.263,0.029,19.048,0.183,0.0,0.0,0.0,0.0,gcb,gcb,owid,0.0,1.0,0.0,False,False,False
Comoros,COM,2014,711512.0,0.165,0.232,-0.018,-10.0,0.165,0.0,0.0,0.0,0.0,gcb,gcb,owid,0.0,1.0,0.0,False,False,False
Comoros,COM,2015,726685.0,0.18,0.247,0.015,8.889,0.18,0.0,0.0,0.0,0.0,gcb,gcb,owid,0.0,1.0,0.0,False,False,False
Comoros,COM,2016,741745.0,0.205,0.277,0.026,14.286,0.205,0.0,0.0,0.0,0.0,gcb,gcb,owid,0.0,1.0,0.0,False,False,False
Comoros,COM,2017,756672.0,0.264,0.349,0.059,28.571,0.264,0.0,0.0,0.0,0.0,gcb,gcb,owid,0.0,1.0,0.0,False,False,False
Comoros,COM,2018,771597.0,0.286,0.37,0.022,8.333,0.286,0.0,0.0,0.0,0.0,gcb,gcb,owid,0.0,1.0,0.0,False,False,False
Comoros,COM,2019,786582.0,0.311,0.396,0.026,8.974,0.311,0.0,0.0,0.0,0.0,gcb,gcb,owid,0.0,1.0,0.0,False,False,False
Comoros,COM,2020,802172.0,0.37,0.461,0.059,18.824,0.37,0.0,0.0,0.0,0.0,gcb,gcb,owid,0.0,1.0,0.0,False,False,False
Comoros,COM,2021,818178.0,0.498,0.609,0.128,34.653,0.498,0.0,0.0,0.0,0.0,gcb,gcb,owid,0.0,1.0,0.0,False,False,False
Congo,COG,1992,2519467.0,1.289,0.512,0.206,19.059,1.242,0.0,0.0,0.0,0.0,gcb,gcb,owid,0.0,1.0,0.0,False,False,False
Congo,COG,1993,2595127.0,1.16,0.447,-0.129,-9.985,1.114,0.0,0.0,0.0,0.0,gcb,gcb,owid,0.0,1.0,0.0,False,False,False
Congo,COG,1994,2673147.0,3.384,1.266,2.223,191.602,1.733,0.0,0.0,0.0,0.0,gcb,gcb,owid,0.0,1.0,0.0,False,False,False
Congo,COG,1995,2749464.0,3.225,1.173,-0.159,-4.705,1.147,0.0,0.0,0.0,0.0,gcb,gcb,owid,0.0,1.0,0.0,False,False,False
Congo,COG,1996,2826786.0,4.037,1.428,0.813,25.204,1.319,0.0,0.0,0.0,0.0,gcb,gcb,owid,0.0,1.0,0.0,False,False,False
Congo,COG,1997,2887862.0,4.831,1.673,0.793,19.645,1.913,0.0,0.0,0.0,0.0,gcb,gcb,owid,0.0,1.0,0.0,False,False,False
Congo,COG,1998,2952062.0,3.869,1.311,-0.961,-19.9,0.355,0.0,0.0,0.0,0.0,gcb,gcb,owid,0.0,1.0,0.0,False,False,False
Congo,COG,1999,3032876.0,3.916,1.291,0.046,1.197,0.363,0.0,0.0,0.0,0.0,gcb,gcb,owid,0.0,1.0,0.0,False,False,False
Congo,COG,2000,3151349.0,4.284,1.359,0.369,9.415,0.473,0.0,0.0,0.0,0.0,gcb,gcb,owid,0.0,1.0,0.0,False,False,False
Congo,COG,2001,3272542.0,4.178,1.277,-0.106,-2.485,0.605,0.0,0.0,0.0,0.0,gcb,owid,owid,0.0,1.0,0.0,False,False,False
Congo,COG,2002,3350770.0,2.72,0.812,-1.458,-34.887,0.491,0.0,0.0,0.0,0.0,gcb,owid,owid,0.0,1.0,0.0,False,False,False
Congo,COG,2003,3445758.0,3.258,0.946,0.538,19.771,0.777,0.0,0.033,0.0,0.033,gcb,owid,owid,0.0,0.9592592592592593,0.04074074074074074,False,False,False
Congo,COG,2004,3565565.0,3.549,0.995,0.29,8.916,0.821,0.0,0.037,0.0,0.037,gcb,owid,owid,0.0,0.9568764568764568,0.04312354312354312,False,False,False
Congo,COG,2005,3696399.0,4.352,1.177,0.804,22.643,0.913,0.0,0.044,0.0,0.044,gcb,owid,owid,0.0,0.9540229885057471,0.045977011494252866,False,False,False
Congo,COG,2006,3837411.0,4.786,1.247,0.434,9.966,1.044,0.0,0.044,0.0,0.044,gcb,owid,owid,0.0,0.9595588235294117,0.04044117647058823,False,False,False
Congo,COG,2007,3980430.0,4.259,1.07,-0.527,-11.002,1.132,0.0,0.04,0.0,0.04,gcb,owid,owid,0.0,0.9658703071672354,0.034129692832764506,False,False,False
Congo,COG,2008,4113514.0,4.27,1.038,0.011,0.257,1.242,0.0,0.048,0.0,0.048,gcb,owid,owid,0.0,0.9627906976744186,0.037209302325581395,False,False,False
Congo,COG,2009,4281218.0,4.944,1.155,0.673,15.769,1.576,0.0,0.106,0.0,0.106,gcb,owid,owid,0.0,0.9369797859690844,0.06302021403091557,False,False,False
Congo,COG,2010,4462304.0,5.5,1.233,0.556,11.253,1.737,0.0,0.194,0.0,0.194,gcb,owid,owid,0.0,0.8995339202485759,0.10046607975142413,False,False,False
Congo,COG,2011,4609728.0,5.046,1.095,-0.454,-8.246,1.931,0.0,0.282,0.0,0.282,gcb,owid,owid,0.0,0.8725711703569815,0.12742882964301852,False,False,False
Congo,COG,2012,4740457.0,5.018,1.059,-0.028,-0.563,2.479,0.0,0.407,0.0,0.407,gcb,owid,owid,0.0,0.8589743589743589,0.14102564102564102,False,False,False
Congo,COG,2013,4857104.0,5.89,1.213,0.872,17.384,2.53,0.0,0.579,0.0,0.579,gcb,owid,owid,0.0,0.8137664844001286,0.18623351559987134,False,False,False
Congo,COG,2014,4975887.0,5.471,1.1,-0.419,-7.118,2.402,0.0,0.524,0.0,0.524,gcb,owid,owid,0.0,0.820915926179084,0.17908407382091593,False,False,False
Congo,COG,2015,5097583.0,5.637,1.106,0.166,3.027,2.173,0.0,0.982,0.0,0.982,gcb,owid,owid,0.0,0.6887480190174327,0.31125198098256734,False,False,False
Congo,COG,2016,5222545.0,5.727,1.097,0.091,1.606,2.127,0.0,1.124,0.0,1.124,gcb,owid,owid,0.0,0.65426022762227,0.34573977237772996,False,False,False
Congo,COG,2017,5351013.0,5.651,1.056,-0.076,-1.332,1.924,0.0,1.183,0.0,1.183,gcb,owid,owid,0.0,0.6192468619246861,0.3807531380753138,False,False,False
Congo,COG,2018,5483128.0,6.545,1.194,0.894,15.815,1.953,0.0,1.345,0.0,1.345,gcb,owid,owid,0.0,0.5921770770163736,0.40782292298362643,False,False,False
Congo,COG,2019,5616656.0,7.294,1.299,0.749,11.443,1.975,0.0,1.887,0.0,1.887,gcb,owid,owid,0.0,0.5113930605903677,0.4886069394096323,False,False,False
Congo,COG,2020,5752792.0,7.677,1.335,0.384,5.261,2.114,0.0,1.968,0.0,1.968,gcb,owid,owid,0.0,0.5178833904948554,0.48211660950514457,False,False,False
Congo,COG,2021,5892187.0,7.393,1.255,-0.284,-3.705,2.207,0.0,2.035,0.0,2.035,gcb,owid,owid,0.0,0.5202734559170202,0.47972654408297977,False,False,False
Cook Islands,COK,1992,17495.0,0.04,2.304,0.0,0.0,0.04,0.0,0.0,0.0,0.0,gcb,gcb,owid,0.0,1.0,0.0,True,False,False
Cook Islands,COK,1993,17615.0,0.044,2.496,0.004,9.091,0.044,0.0,0.0,0.0,0.0,gcb,gcb,owid,0.0,1.0,0.0,True,False,False
Cook Islands,COK,1994,17710.0,0.044,2.483,0.0,0.0,0.044,0.0,0.0,0.0,0.0,gcb,gcb,owid,0.0,1.0,0.0,True,False,False
Cook Islands,COK,1995,17801.0,0.044,2.47,0.0,0.0,0.044,0.0,0.0,0.0,0.0,gcb,gcb,owid,0.0,1.0,0.0,True,False,False
Cook Islands,COK,1996,17880.0,0.051,2.869,0.007,16.667,0.051,0.0,0.0,0.0,0.0,gcb,gcb,owid,0.0,1.0,0.0,True,False,False
Cook Islands,COK,1997,17648.0,0.051,2.907,0.0,0.0,0.051,0.0,0.0,0.0,0.0,gcb,gcb,owid,0.0,1.0,0.0,True,False,False
Cook Islands,COK,1998,17102.0,0.051,2.999,0.0,0.0,0.051,0.0,0.0,0.0,0.0,gcb,gcb,owid,0.0,1.0,0.0,True,False,False
Cook Islands,COK,1999,16508.0,0.051,3.107,0.0,0.0,0.051,0.0,0.0,0.0,0.0,gcb,gcb,owid,0.0,1.0,0.0,True,False,False
Cook Islands,COK,2000,15876.0,0.051,3.231,0.0,0.0,0.051,0.0,0.0,0.0,0.0,gcb,gcb,owid,0.0,1.0,0.0,True,False,False
Cook Islands,COK,2001,15259.0,0.055,3.602,0.004,7.143,0.055,0.0,0.0,0.0,0.0,gcb,gcb,owid,0.0,1.0,0.0,True,False,False
Cook Islands,COK,2002,14994.0,0.044,2.932,-0.011,-20.0,0.044,0.0,0.0,0.0,0.0,gcb,gcb,owid,0.0,1.0,0.0,True,False,False
Cook Islands,COK,2003,15049.0,0.048,3.165,0.004,8.333,0.048,0.0,0.0,0.0,0.0,gcb,gcb,owid,0.0,1.0,0.0,True,False,False
Cook Islands,COK,2004,15103.0,0.051,3.396,0.004,7.692,0.051,0.0,0.0,0.0,0.0,gcb,gcb,owid,0.0,1.0,0.0,True,False,False
Cook Islands,COK,2005,15153.0,0.059,3.869,0.007,14.286,0.059,0.0,0.0,0.0,0.0,gcb,gcb,owid,0.0,1.0,0.0,True,False,False
Cook Islands,COK,2006,15233.0,0.066,4.33,0.007,12.5,0.066,0.0,0.0,0.0,0.0,gcb,gcb,owid,0.0,1.0,0.0,True,False,False
Cook Islands,COK,2007,15519.0,0.066,4.25,0.0,0.0,0.066,0.0,0.0,0.0,0.0,gcb,gcb,owid,0.0,1.0,0.0,True,False,False
Cook Islands,COK,2008,16003.0,0.066,4.121,0.0,0.0,0.066,0.0,0.0,0.0,0.0,gcb,gcb,owid,0.0,1.0,0.0,True,False,False
Cook Islands,COK,2009,16497.0,0.062,3.776,-0.004,-5.556,0.062,0.0,0.0,0.0,0.0,gcb,gcb,owid,0.0,1.0,0.0,True,False,False
Cook Islands,COK,2010,17000.0,0.07,4.095,0.007,11.765,0.07,0.0,0.0,0.0,0.0,gcb,gcb,owid,0.0,1.0,0.0,True,False,False
Cook Islands,COK,2011,17480.0,0.077,4.402,0.007,10.526,0.077,0.0,0.0,0.0,0.0,gcb,gcb,owid,0.0,1.0,0.0,True,False,False
Cook Islands,COK,2012,17690.0,0.081,4.557,0.004,4.762,0.081,0.0,0.0,0.0,0.0,gcb,gcb,owid,0.0,1.0,0.0,True,False,False
Cook Islands,COK,2013,17629.0,0.081,4.572,0.0,0.0,0.081,0.0,0.0,0.0,0.0,gcb,gcb,owid,0.0,1.0,0.0,True,False,False
Cook Islands,COK,2014,17556.0,0.081,4.591,0.0,0.0,0.081,0.0,0.0,0.0,0.0,gcb,gcb,owid,0.0,1.0,0.0,True,False,False
Cook Islands,COK,2015,17471.0,0.077,4.404,-0.004,-4.545,0.077,0.0,0.0,0.0,0.0,gcb,gcb,owid,0.0,1.0,0.0,True,False,False
Cook Islands,COK,2016,17360.0,0.077,4.432,0.0,0.0,0.077,0.0,0.0,0.0,0.0,gcb,gcb,owid,0.0,1.0,0.0,True,False,False
Cook Islands,COK,2017,17066.0,0.077,4.509,0.0,0.0,0.077,0.0,0.0,0.0,0.0,gcb,gcb,owid,0.0,1.0,0.0,True,False,False
Cook Islands,COK,2018,16623.0,0.077,4.629,0.0,0.0,0.077,0.0,0.0,0.0,0.0,gcb,gcb,owid,0.0,1.0,0.0,True,False,False
Cook Islands,COK,2019,16151.0,0.081,4.991,0.004,4.762,0.081,0.0,0.0,0.0,0.0,gcb,gcb,owid,0.0,1.0,0.0,True,False,False
Cook Islands,COK,2020,15664.0,0.066,4.21,-0.015,-18.182,0.066,0.0,0.0,0.0,0.0,gcb,gcb,owid,0.0,1.0,0.0,True,False,False
Cook Islands,COK,2021,15205.0,0.073,4.819,0.007,11.111,0.073,0.0,0.0,0.0,0.0,gcb,gcb,owid,0.0,1.0,0.0,True,False,False
Costa Rica,CRI,1992,3284261.0,3.735,1.137,0.453,13.796,3.44,0.0,0.0,0.0,0.0,gcb,gcb,owid,0.0,1.0,0.0,False,False,False
Costa Rica,CRI,1993,3367436.0,3.881,1.153,0.146,3.913,3.521,0.0,0.0,0.0,0.0,gcb,gcb,owid,0.0,1.0,0.0,False,False,False
Costa Rica,CRI,1994,3451122.0,5.188,1.503,1.307,33.663,4.796,0.0,0.0,0.0,0.0,gcb,gcb,owid,0.0,1.0,0.0,False,False,False
Costa Rica,CRI,1995,3535179.0,4.789,1.355,-0.399,-7.7,4.43,0.0,0.0,0.0,0.0,gcb,gcb,owid,0.0,1.0,0.0,False,False,False
Costa Rica,CRI,1996,3619012.0,4.673,1.291,-0.115,-2.406,4.331,0.0,0.0,0.0,0.0,gcb,gcb,owid,0.0,1.0,0.0,False,False,False
Costa Rica,CRI,1997,3701713.0,4.9,1.324,0.227,4.849,4.514,0.0,0.0,0.0,0.0,gcb,gcb,owid,0.0,1.0,0.0,False,False,False
Costa Rica,CRI,1998,3782840.0,5.214,1.378,0.314,6.403,4.771,0.0,0.0,0.0,0.0,gcb,gcb,owid,0.0,1.0,0.0,False,False,False
Costa Rica,CRI,1999,3862103.0,5.415,1.402,0.202,3.868,4.968,0.0,0.0,0.0,0.0,gcb,gcb,owid,0.0,1.0,0.0,False,False,False
Costa Rica,CRI,2000,3937737.0,5.367,1.363,-0.048,-0.89,4.943,0.0,0.0,0.0,0.0,owid,gcb,owid,0.0,1.0,0.0,False,False,False
Costa Rica,CRI,2001,4008951.0,5.638,1.406,0.271,5.043,5.042,0.117,0.0,0.117,0.0,owid,gcb,owid,0.022678813723589847,0.9773211862764102,0.0,False,False,False
Costa Rica,CRI,2002,4075710.0,6.214,1.525,0.576,10.224,5.606,0.136,0.0,0.136,0.0,owid,gcb,owid,0.023685127133402997,0.976314872866597,0.0,False,False,False
Costa Rica,CRI,2003,4138791.0,6.551,1.583,0.337,5.418,5.917,0.194,0.0,0.194,0.0,owid,gcb,owid,0.03174603174603175,0.9682539682539683,0.0,False,False,False
Costa Rica,CRI,2004,4200079.0,6.797,1.618,0.246,3.752,6.064,0.158,0.0,0.158,0.0,owid,gcb,owid,0.02539376406300225,0.9746062359369977,0.0,False,False,False
Costa Rica,CRI,2005,4261240.0,6.66,1.563,-0.137,-2.019,5.899,0.004,0.0,0.004,0.0,owid,gcb,owid,0.0006776215483652381,0.9993223784516349,0.0,False,False,False
Costa Rica,CRI,2006,4321337.0,6.976,1.614,0.316,4.752,6.434,0.004,0.0,0.004,0.0,owid,gcb,owid,0.0006213109661385524,0.9993786890338615,0.0,False,False,False
Costa Rica,CRI,2007,4380250.0,7.907,1.805,0.931,13.34,6.973,0.059,0.0,0.059,0.0,owid,gcb,owid,0.008390216154721273,0.9916097838452786,0.0,False,False,False
Costa Rica,CRI,2008,4440058.0,7.934,1.787,0.027,0.347,7.148,0.0,0.0,0.0,0.0,owid,gcb,owid,0.0,1.0,0.0,False,False,False
Costa Rica,CRI,2009,4499788.0,7.693,1.71,-0.241,-3.038,6.903,0.011,0.0,0.011,0.0,owid,gcb,owid,0.0015909748336708127,0.9984090251663291,0.0,False,False,False
Costa Rica,CRI,2010,4555965.0,7.461,1.638,-0.232,-3.015,6.987,0.004,0.0,0.004,0.0,owid,gcb,owid,0.000572164211128594,0.9994278357888715,0.0,False,False,False
Costa Rica,CRI,2011,4609834.0,7.276,1.578,-0.185,-2.477,6.742,0.022,0.0,0.022,0.0,owid,gcb,owid,0.0032525133057362504,0.9967474866942637,0.0,False,False,False
Costa Rica,CRI,2012,4663930.0,7.217,1.547,-0.06,-0.819,6.701,0.007,0.0,0.007,0.0,owid,gcb,owid,0.0010435301132975553,0.9989564698867025,0.0,False,False,False
Costa Rica,CRI,2013,4716153.0,7.584,1.608,0.367,5.082,7.042,0.018,0.0,0.018,0.0,owid,gcb,owid,0.0025495750708215297,0.9974504249291785,0.0,False,False,False
Costa Rica,CRI,2014,4767126.0,7.702,1.616,0.118,1.56,7.145,0.022,0.0,0.022,0.0,owid,gcb,owid,0.0030696246686200642,0.9969303753313798,0.0,False,False,False
Costa Rica,CRI,2015,4818045.0,7.353,1.526,-0.349,-4.532,6.782,0.0,0.0,0.0,0.0,owid,gcb,owid,0.0,1.0,0.0,False,False,False
Costa Rica,CRI,2016,4867003.0,7.829,1.609,0.476,6.475,7.394,0.0,0.0,0.0,0.0,owid,gcb,owid,0.0,1.0,0.0,False,False,False
Costa Rica,CRI,2017,4913177.0,7.987,1.626,0.158,2.016,7.482,0.018,0.0,0.018,0.0,owid,gcb,owid,0.0024,0.9976,0.0,False,False,False
Costa Rica,CRI,2018,4957813.0,7.967,1.607,-0.02,-0.248,7.489,0.0,0.0,0.0,0.0,owid,gcb,owid,0.0,1.0,0.0,False,False,False
Costa Rica,CRI,2019,4999549.0,7.66,1.532,-0.307,-3.848,7.225,0.0,0.0,0.0,0.0,owid,gcb,owid,0.0,1.0,0.0,False,False,False
Costa Rica,CRI,2020,5034323.0,6.754,1.342,-0.906,-11.831,6.397,0.0,0.0,0.0,0.0,owid,gcb,owid,0.0,1.0,0.0,False,False,False
Costa Rica,CRI,2021,5059991.0,7.665,1.515,0.911,13.494,7.222,0.051,0.0,0.051,0.0,owid,gcb,owid,0.007012237041110958,0.992987762958889,0.0,False,False,False
Cote d'Ivoire,CIV,1992,13200313.0,3.844,0.291,-0.465,-10.799,3.844,0.0,0.0,0.0,0.0,gcb,gcb,owid,0.0,1.0,0.0,False,False,False
Cote d'Ivoire,CIV,1993,13735955.0,5.093,0.371,1.249,32.507,5.093,0.0,0.0,0.0,0.0,gcb,gcb,owid,0.0,1.0,0.0,False,False,False
Cote d'Ivoire,CIV,1994,14287211.0,4.133,0.289,-0.96,-18.849,4.133,0.0,0.0,0.0,0.0,gcb,gcb,owid,0.0,1.0,0.0,False,False,False
Cote d'Ivoire,CIV,1995,14855566.0,6.225,0.419,2.092,50.625,6.02,0.0,0.095,0.0,0.095,gcb,owid,owid,0.0,0.9844644317252658,0.015535568274734263,False,False,False
Cote d'Ivoire,CIV,1996,15442322.0,7.526,0.487,1.301,20.893,6.478,0.0,0.857,0.0,0.857,gcb,owid,owid,0.0,0.8831629175187458,0.11683708248125425,False,False,False
Cote d'Ivoire,CIV,1997,16047178.0,7.211,0.449,-0.315,-4.182,5.609,0.0,1.404,0.0,1.404,gcb,owid,owid,0.0,0.7998003707400542,0.2001996292599458,False,False,False
Cote d'Ivoire,CIV,1998,16663948.0,6.748,0.405,-0.463,-6.422,4.939,0.0,1.638,0.0,1.638,gcb,owid,owid,0.0,0.7509502812832599,0.24904971871674014,False,False,False
Cote d'Ivoire,CIV,1999,17215937.0,6.095,0.354,-0.653,-9.673,3.55,0.0,2.393,0.0,2.393,gcb,owid,owid,0.0,0.5973414100622582,0.4026585899377419,False,False,False
Cote d'Ivoire,CIV,2000,17699007.0,6.63,0.375,0.535,8.771,4.043,0.0,2.417,0.0,2.417,gcb,owid,owid,0.0,0.6258513931888545,0.3741486068111455,False,False,False
Cote d'Ivoire,CIV,2001,18178920.0,7.653,0.421,1.023,15.434,4.778,0.0,2.623,0.0,2.623,gcb,owid,owid,0.0,0.645588433995406,0.354411566004594,False,False,False
Cote d'Ivoire,CIV,2002,18654772.0,7.45,0.399,-0.203,-2.655,4.283,0.0,2.675,0.0,2.675,gcb,owid,owid,0.0,0.6155504455303249,0.38444955446967516,False,False,False
Cote d'Ivoire,CIV,2003,19125546.0,5.301,0.277,-2.15,-28.854,2.783,0.0,2.35,0.0,2.35,gcb,owid,owid,0.0,0.5421780635106176,0.45782193648938246,False,False,False
Cote d'Ivoire,CIV,2004,19594997.0,7.386,0.377,2.086,39.35,4.349,0.0,2.986,0.0,2.986,gcb,owid,owid,0.0,0.5929107021131561,0.4070892978868439,False,False,False
Cote d'Ivoire,CIV,2005,20068468.0,7.568,0.377,0.182,2.461,4.166,0.0,3.334,0.0,3.334,gcb,owid,owid,0.0,0.5554666666666667,0.44453333333333334,False,False,False
Cote d'Ivoire,CIV,2006,20546808.0,6.887,0.335,-0.681,-8.995,3.679,0.0,3.133,0.0,3.133,gcb,owid,owid,0.0,0.5400763358778626,0.4599236641221374,False,False,False
Cote d'Ivoire,CIV,2007,21030558.0,6.653,0.316,-0.234,-3.397,3.649,0.0,2.887,0.0,2.887,gcb,owid,owid,0.0,0.5582925336597307,0.4417074663402693,False,False,False
Cote d'Ivoire,CIV,2008,21514446.0,6.713,0.312,0.059,0.892,3.554,0.0,3.037,0.0,3.037,gcb,owid,owid,0.0,0.5392201486876044,0.46077985131239574,False,False,False
Cote d'Ivoire,CIV,2009,21997936.0,5.66,0.257,-1.053,-15.682,2.73,0.0,2.785,0.0,2.785,gcb,owid,owid,0.0,0.4950135992747053,0.5049864007252947,False,False,False
Cote d'Ivoire,CIV,2010,22488068.0,6.225,0.277,0.565,9.979,3.026,0.0,3.037,0.0,3.037,gcb,owid,owid,0.0,0.49909285832096323,0.5009071416790368,False,False,False
Cote d'Ivoire,CIV,2011,22982003.0,6.523,0.284,0.298,4.794,3.349,0.0,2.993,0.0,2.993,gcb,owid,owid,0.0,0.5280668558814254,0.4719331441185745,False,False,False
Cote d'Ivoire,CIV,2012,23467083.0,8.54,0.364,2.017,30.918,5.075,0.0,3.265,0.0,3.265,gcb,owid,owid,0.0,0.6085131894484412,0.39148681055155876,False,False,False
Cote d'Ivoire,CIV,2013,23939775.0,9.68,0.404,1.14,13.346,5.778,0.0,3.748,0.0,3.748,gcb,owid,owid,0.0,0.6065504933865211,0.39344950661347894,False,False,False
Cote d'Ivoire,CIV,2014,24527393.0,9.903,0.404,0.223,2.308,5.958,0.0,3.781,0.0,3.781,gcb,owid,owid,0.0,0.6117671218810966,0.38823287811890334,False,False,False
Cote d'Ivoire,CIV,2015,25246347.0,9.555,0.378,-0.348,-3.519,5.547,0.0,3.858,0.0,3.858,gcb,owid,owid,0.0,0.589792663476874,0.410207336523126,False,False,False
Cote d'Ivoire,CIV,2016,25989404.0,11.979,0.461,2.425,25.377,7.024,0.0,4.774,0.0,4.774,gcb,owid,owid,0.0,0.5953551449398203,0.40464485506017966,False,False,False
Cote d'Ivoire,CIV,2017,26733376.0,12.002,0.449,0.022,0.187,7.548,0.0,4.313,0.0,4.313,gcb,owid,owid,0.0,0.6363713009021161,0.36362869909788376,False,False,False
Cote d'Ivoire,CIV,2018,27464175.0,10.415,0.379,-1.587,-13.22,6.324,0.0,3.994,0.0,3.994,gcb,owid,owid,0.0,0.6129094785811203,0.3870905214188797,False,False,False
Cote d'Ivoire,CIV,2019,28193014.0,10.539,0.374,0.124,1.186,6.188,0.0,4.258,0.0,4.258,gcb,owid,owid,0.0,0.5923798583189738,0.4076201416810262,False,False,False
Cote d'Ivoire,CIV,2020,28915452.0,11.019,0.381,0.48,4.553,6.562,0.0,4.367,0.0,4.367,gcb,owid,owid,0.0,0.6004208985268552,0.39957910147314485,False,False,False
Cote d'Ivoire,CIV,2021,29639737.0,13.666,0.461,2.647,24.025,9.083,0.0,4.554,0.0,4.554,gcb,owid,owid,0.0,0.6660555840727432,0.3339444159272567,False,False,False
Croatia,HRV,1992,4782235.0,16.379,3.425,-0.62,-3.649,9.056,1.492,4.312,1.492,4.312,owid,owid,owid,0.10040376850605653,0.6094212651413189,0.2901749663526245,False,False,False
Croatia,HRV,1993,4729734.0,16.811,3.554,0.432,2.637,9.288,1.209,4.732,1.209,4.732,owid,owid,owid,0.07938800971830062,0.6098890275132971,0.31072296276840244,False,False,False
Croatia,HRV,1994,4675517.0,16.055,3.434,-0.756,-4.5,9.2,0.804,4.392,0.804,4.392,owid,owid,owid,0.0558488469019172,0.6390664073353709,0.3050847457627119,False,False,False
Croatia,HRV,1995,4619362.0,16.814,3.64,0.76,4.733,10.537,0.858,3.844,0.858,3.844,owid,owid,owid,0.056302907014895986,0.6914495701817704,0.2522475228033335,False,False,False
Croatia,HRV,1996,4562290.0,17.338,3.8,0.524,3.116,10.706,0.682,4.313,0.682,4.313,owid,owid,owid,0.0434367237755557,0.681867396981084,0.27469587924336025,False,False,False
Croatia,HRV,1997,4504627.0,18.569,4.122,1.231,7.098,11.241,1.069,4.546,1.069,4.546,owid,owid,owid,0.06341955386805885,0.6668841955386806,0.26969625059326063,False,False,False
Croatia,HRV,1998,4445669.0,19.04,4.283,0.471,2.536,12.025,1.018,4.301,1.018,4.301,owid,owid,owid,0.05869464944649446,0.6933233394833948,0.2479820110701107,False,False,False
Croatia,HRV,1999,4385823.0,20.082,4.579,1.042,5.474,12.785,0.891,4.471,0.891,4.471,owid,owid,owid,0.04909902463217061,0.7045241637736266,0.2463768115942029,False,False,False
Croatia,HRV,2000,4326105.0,19.653,4.543,-0.43,-2.139,11.151,1.795,4.562,1.795,4.562,owid,owid,owid,0.10252456020105095,0.6369088416723784,0.26056659812657074,False,False,False
Croatia,HRV,2001,4301079.0,20.776,4.83,1.123,5.716,11.605,1.907,4.851,1.907,4.851,owid,owid,owid,0.10385013342046508,0.6319773457496052,0.26417252082992976,False,False,False
Croatia,HRV,2002,4305783.0,21.916,5.09,1.14,5.485,12.147,2.318,5.025,2.318,5.025,owid,owid,owid,0.11893278604412519,0.623242688558235,0.2578245253976398,False,False,False
Croatia,HRV,2003,4306683.0,23.226,5.393,1.311,5.981,13.34,2.6,4.905,2.6,4.905,owid,owid,owid,0.1247301511153754,0.6399616214919646,0.23530822739266014,False,False,False
Croatia,HRV,2004,4310050.0,22.853,5.302,-0.373,-1.608,12.3,2.77,5.256,2.77,5.256,owid,owid,owid,0.13627865787661123,0.6051362786578767,0.25858506346551213,False,False,False
Croatia,HRV,2005,4313946.0,23.296,5.4,0.443,1.938,12.851,2.747,5.116,2.747,5.116,owid,owid,owid,0.13261562228444532,0.6204016607125616,0.24698271700299315,False,False,False
Croatia,HRV,2006,4315802.0,23.496,5.444,0.201,0.861,13.159,2.555,5.06,2.555,5.06,owid,owid,owid,0.12299027630692212,0.6334360258014826,0.24357369789159522,False,False,False
Croatia,HRV,2007,4315959.0,24.802,5.747,1.306,5.556,13.442,2.777,5.871,2.777,5.871,owid,owid,owid,0.12571299230421004,0.6085106382978722,0.2657763693979176,False,False,False
Croatia,HRV,2008,4314635.0,23.516,5.45,-1.286,-5.186,12.447,2.849,5.693,2.849,5.693,owid,owid,owid,0.1357377674019725,0.5930249178140932,0.2712373147839345,False,False,False
Croatia,HRV,2009,4310537.0,21.752,5.046,-1.763,-7.499,12.426,2.029,5.256,2.029,5.256,owid,owid,owid,0.10293744609608849,0.6304094160620973,0.26665313784181427,False,False,False
Croatia,HRV,2010,4301150.0,20.978,4.877,-0.774,-3.559,10.561,2.738,5.712,2.738,5.712,owid,owid,owid,0.14402188206827626,0.5555204881384462,0.30045762979327756,False,False,False
Croatia,HRV,2011,4280827.0,20.615,4.816,-0.363,-1.733,10.42,2.794,5.564,2.794,5.564,owid,owid,owid,0.14879113856640752,0.5549046756843115,0.2963041857492811,False,False,False
Croatia,HRV,2012,4259233.0,19.05,4.473,-1.565,-7.59,9.71,2.484,5.195,2.484,5.195,owid,owid,owid,0.14284892748289146,0.5583989878658921,0.2987520846512163,False,False,False
Croatia,HRV,2013,4242403.0,18.401,4.337,-0.649,-3.405,9.073,2.678,4.912,2.678,4.912,owid,owid,owid,0.1607153573786233,0.5444997899537899,0.29478485266758686,False,False,False
Croatia,HRV,2014,4219485.0,17.65,4.183,-0.751,-4.083,8.96,2.57,4.305,2.57,4.305,owid,owid,owid,0.16229870539943161,0.565835175244711,0.27186611935585725,False,False,False
Croatia,HRV,2015,4183732.0,17.794,4.253,0.144,0.816,9.389,2.376,4.461,2.376,4.461,owid,owid,owid,0.14643165290274868,0.578639221003328,0.2749291260939234,False,False,False
Croatia,HRV,2016,4136438.0,18.079,4.371,0.285,1.604,9.34,2.561,4.729,2.561,4.729,owid,owid,owid,0.1539987973541792,0.5616355983162958,0.28436560432952496,False,False,False
Croatia,HRV,2017,4079198.0,18.713,4.587,0.634,3.506,9.982,1.551,5.432,1.551,5.432,owid,owid,owid,0.09142351900972591,0.5883878573533745,0.32018862363689954,False,False,False
Croatia,HRV,2018,4024868.0,17.695,4.396,-1.019,-5.443,9.556,1.449,5.042,1.449,5.042,owid,owid,owid,0.09029725182277064,0.5955007166448558,0.3142020315323737,False,False,False
Croatia,HRV,2019,3986338.0,17.82,4.47,0.126,0.712,9.286,1.678,5.243,1.678,5.243,owid,owid,owid,0.10353550934781267,0.5729623002406367,0.3235021904115506,False,False,False
Croatia,HRV,2020,3953956.0,16.87,4.267,-0.95,-5.333,8.271,1.424,5.521,1.424,5.521,owid,owid,owid,0.09358569926393269,0.5435725552050473,0.36284174553101994,False,False,False
Croatia,HRV,2021,3924607.0,17.403,4.434,0.533,3.159,8.725,1.652,5.351,1.652,5.351,owid,owid,owid,0.1050356052899288,0.5547431332655138,0.3402212614445575,False,False,False
Cuba,CUB,1992,10785807.0,20.754,1.924,-6.207,-23.021,19.841,0.333,0.04,0.333,0.04,owid,owid,owid,0.016473731077471063,0.9815474423666767,0.0019788265558523797,False,False,False
Cuba,CUB,1993,10841040.0,19.79,1.825,-0.965,-4.649,19.042,0.187,0.044,0.187,0.044,owid,owid,owid,0.009702692886421416,0.9880143205520676,0.0022829865615109214,False,False,False
Cuba,CUB,1994,10886022.0,21.426,1.968,1.637,8.27,20.537,0.282,0.037,0.282,0.037,owid,owid,owid,0.013521288837744535,0.984704641350211,0.0017740698120444957,False,False,False
Cuba,CUB,1995,10925362.0,22.868,2.093,1.442,6.73,21.852,0.256,0.033,0.256,0.033,owid,owid,owid,0.011562260060521204,0.9869472923535522,0.0014904475859265616,False,False,False
Cuba,CUB,1996,10962009.0,23.304,2.126,0.435,1.904,22.482,0.066,0.037,0.066,0.037,owid,owid,owid,0.002922293557671021,0.9954394509630287,0.0016382554793004207,False,False,False
Cuba,CUB,1997,10997933.0,24.824,2.257,1.52,6.523,23.724,0.088,0.07,0.088,0.07,owid,owid,owid,0.0036847835189682604,0.9933841386818524,0.0029310777991792985,False,False,False
Cuba,CUB,1998,11034716.0,24.309,2.203,-0.515,-2.076,23.12,0.103,0.231,0.103,0.231,owid,owid,owid,0.004391574997868166,0.9857593587447768,0.009849066257354822,False,False,False
Cuba,CUB,1999,11072230.0,24.489,2.212,0.181,0.743,22.596,0.117,0.883,0.117,0.883,owid,owid,owid,0.004958467536870657,0.9576199355823021,0.03742159688082726,False,False,False
Cuba,CUB,2000,11109112.0,25.299,2.277,0.81,3.307,23.307,0.081,1.103,0.081,1.103,owid,owid,owid,0.003307337389245029,0.9516557102609121,0.0450369523498428,False,False,False
Cuba,CUB,2001,11144134.0,24.681,2.215,-0.618,-2.444,22.64,0.099,1.143,0.099,1.143,owid,owid,owid,0.004145381458839293,0.9479943053345615,0.04786031320659911,False,False,False
Cuba,CUB,2002,11177422.0,25.179,2.253,0.498,2.019,22.988,0.088,1.121,0.088,1.121,owid,owid,owid,0.003636814481134025,0.9500351283216928,0.04632805719717321,False,False,False
Cuba,CUB,2003,11209379.0,25.554,2.28,0.375,1.49,23.285,0.081,1.264,0.081,1.264,owid,owid,owid,0.0032886723507917176,0.9453917986195697,0.051319529029638655,False,False,False
Cuba,CUB,2004,11238756.0,24.54,2.183,-1.015,-3.97,22.157,0.092,1.352,0.092,1.352,owid,owid,owid,0.003898139909325876,0.9388161518579722,0.05728570823270201,False,False,False
Cuba,CUB,2005,11262553.0,25.706,2.282,1.166,4.753,23.164,0.051,1.425,0.051,1.425,owid,owid,owid,0.0020698051948051946,0.9400974025974026,0.05783279220779221,False,False,False
Cuba,CUB,2006,11278550.0,26.781,2.375,1.075,4.183,23.493,0.07,2.081,0.07,2.081,owid,owid,owid,0.0027296833567306195,0.9161207299953206,0.08114958664794884,False,False,False
Cuba,CUB,2007,11287274.0,25.724,2.279,-1.057,-3.948,22.149,0.073,2.338,0.073,2.338,owid,owid,owid,0.0029723127035830616,0.9018322475570032,0.09519543973941368,False,False,False
Cuba,CUB,2008,11291764.0,27.738,2.456,2.014,7.829,24.34,0.092,2.228,0.092,2.228,owid,owid,owid,0.0034508627156789196,0.9129782445611403,0.0835708927231808,False,False,False
Cuba,CUB,2009,11294719.0,28.261,2.502,0.523,1.884,24.934,0.088,2.217,0.088,2.217,owid,owid,owid,0.0032306619185726347,0.9153786849737509,0.0813906531076765,False,False,False
Cuba,CUB,2010,11297414.0,33.042,2.925,4.781,16.918,29.979,0.077,2.059,0.077,2.059,owid,owid,owid,0.0023976335045928694,0.9334890238206445,0.06411334267476257,False,False,False
Cuba,CUB,2011,11301578.0,29.076,2.573,-3.966,-12.004,26.161,0.018,1.957,0.018,1.957,owid,owid,owid,0.000639749786750071,0.9298052317315894,0.0695550184816605,False,False,False
Cuba,CUB,2012,11303172.0,29.476,2.608,0.4,1.376,26.425,0.015,1.986,0.015,1.986,owid,owid,owid,0.0005276859213396186,0.9296066980932949,0.0698656159853655,False,False,False
Cuba,CUB,2013,11298163.0,27.894,2.469,-1.582,-5.367,24.794,0.033,2.045,0.033,2.045,owid,owid,owid,0.001228044060732361,0.9226704376302471,0.07610151830902054,False,False,False
Cuba,CUB,2014,11285780.0,27.366,2.425,-0.528,-1.891,24.179,0.004,2.305,0.004,2.305,owid,owid,owid,0.00015101177891875566,0.9128284506191483,0.08702053760193296,False,False,False
Cuba,CUB,2015,11275069.0,29.091,2.58,1.725,6.303,25.86,0.018,2.389,0.018,2.389,owid,owid,owid,0.0006367849435737786,0.914847702267662,0.08451551278876428,False,False,False
Cuba,CUB,2016,11265615.0,27.772,2.465,-1.319,-4.534,24.736,0.007,2.275,0.007,2.275,owid,owid,owid,0.0002590865349026575,0.9155377896217337,0.08420312384336368,False,False,False
Cuba,CUB,2017,11247824.0,24.559,2.183,-3.213,-11.569,21.878,0.011,2.019,0.011,2.019,owid,owid,owid,0.0004600970386481512,0.9150911828676593,0.08444872009369249,False,False,False
Cuba,CUB,2018,11227116.0,23.019,2.05,-1.54,-6.269,20.401,0.015,1.861,0.015,1.861,owid,owid,owid,0.0006733402163666562,0.9157875836064101,0.08353907617722314,False,False,False
Cuba,CUB,2019,11202847.0,22.487,2.007,-0.533,-2.313,19.998,0.0,1.825,0.0,1.825,owid,owid,owid,0.0,0.9163726343765752,0.08362736562342482,False,False,False
Cuba,CUB,2020,11176349.0,21.281,1.904,-1.206,-5.363,19.075,0.004,1.718,0.004,1.718,owid,owid,owid,0.00019233543299514353,0.9171995960955907,0.08260806847141414,False,False,False
Cuba,CUB,2021,11122169.0,22.549,2.027,1.268,5.959,20.441,0.011,1.656,0.011,1.656,owid,owid,owid,0.000497557445268681,0.9245974307942827,0.07490501176044871,False,False,False
Curacao,CUW,1992,155101.0,3.155,20.342,-0.674,-17.612,3.155,0.0,0.0,0.0,0.0,owid,owid,owid,0.0,1.0,0.0,False,False,False
Curacao,CUW,1993,154504.0,4.87,31.523,1.715,54.368,4.87,0.0,0.0,0.0,0.0,owid,owid,owid,0.0,1.0,0.0,False,False,False
Curacao,CUW,1994,153677.0,4.669,30.384,-0.201,-4.128,4.669,0.0,0.0,0.0,0.0,owid,owid,owid,0.0,1.0,0.0,False,False,False
Curacao,CUW,1995,152705.0,4.621,30.259,-0.049,-1.042,4.621,0.0,0.0,0.0,0.0,owid,owid,owid,0.0,1.0,0.0,False,False,False
Curacao,CUW,1996,151582.0,4.322,28.515,-0.298,-6.456,4.322,0.0,0.0,0.0,0.0,owid,owid,owid,0.0,1.0,0.0,False,False,False
Curacao,CUW,1997,150316.0,4.523,30.093,0.201,4.651,4.523,0.0,0.0,0.0,0.0,owid,owid,owid,0.0,1.0,0.0,False,False,False
Curacao,CUW,1998,148874.0,0.25,1.677,-4.274,-94.48,0.25,0.0,0.0,0.0,0.0,owid,owid,owid,0.0,1.0,0.0,False,False,False
Curacao,CUW,1999,147276.0,1.871,12.704,1.621,649.351,1.871,0.0,0.0,0.0,0.0,owid,owid,owid,0.0,1.0,0.0,False,False,False
Curacao,CUW,2000,145540.0,4.964,34.11,3.093,165.338,4.964,0.0,0.0,0.0,0.0,owid,owid,owid,0.0,1.0,0.0,False,False,False
Curacao,CUW,2001,144758.0,5.055,34.922,0.091,1.829,5.055,0.0,0.0,0.0,0.0,owid,owid,owid,0.0,1.0,0.0,False,False,False
Curacao,CUW,2002,145911.0,4.874,33.401,-0.182,-3.592,4.874,0.0,0.0,0.0,0.0,owid,owid,owid,0.0,1.0,0.0,False,False,False
Curacao,CUW,2003,147923.0,4.877,32.969,0.003,0.067,4.877,0.0,0.0,0.0,0.0,owid,owid,owid,0.0,1.0,0.0,False,False,False
Curacao,CUW,2004,149805.0,5.117,34.157,0.24,4.92,5.117,0.0,0.0,0.0,0.0,owid,owid,owid,0.0,1.0,0.0,False,False,False
Curacao,CUW,2005,151324.0,5.071,33.514,-0.045,-0.887,5.071,0.0,0.0,0.0,0.0,owid,owid,owid,0.0,1.0,0.0,False,False,False
Curacao,CUW,2006,152516.0,5.285,34.655,0.214,4.22,5.285,0.0,0.0,0.0,0.0,owid,owid,owid,0.0,1.0,0.0,False,False,False
Curacao,CUW,2007,153672.0,5.95,38.72,0.665,12.577,5.95,0.0,0.0,0.0,0.0,owid,owid,owid,0.0,1.0,0.0,False,False,False
Curacao,CUW,2008,154784.0,5.723,36.975,-0.227,-3.815,5.723,0.0,0.0,0.0,0.0,owid,owid,owid,0.0,1.0,0.0,False,False,False
Curacao,CUW,2009,155832.0,5.856,37.58,0.133,2.323,5.856,0.0,0.0,0.0,0.0,owid,owid,owid,0.0,1.0,0.0,False,False,False
Curacao,CUW,2010,156881.0,4.034,25.713,-1.822,-31.118,4.034,0.0,0.0,0.0,0.0,owid,owid,owid,0.0,1.0,0.0,False,False,False
Curacao,CUW,2011,158572.0,5.146,32.452,1.112,27.572,5.146,0.0,0.0,0.0,0.0,owid,owid,owid,0.0,1.0,0.0,False,False,False
Curacao,CUW,2012,160904.0,6.287,39.076,1.141,22.18,6.287,0.0,0.0,0.0,0.0,gcb,gcb,owid,0.0,1.0,0.0,False,False,False
Curacao,CUW,2013,163122.0,5.932,36.366,-0.355,-5.653,5.932,0.0,0.0,0.0,0.0,gcb,gcb,owid,0.0,1.0,0.0,False,False,False
Curacao,CUW,2014,165041.0,6.797,41.182,0.865,14.577,6.797,0.0,0.0,0.0,0.0,gcb,gcb,owid,0.0,1.0,0.0,False,False,False
Curacao,CUW,2015,166621.0,7.332,44.002,0.535,7.871,7.057,0.0,0.275,0.0,0.275,gcb,owid,owid,0.0,0.9624931805782869,0.037506819421713036,False,False,False
Curacao,CUW,2016,167787.0,6.203,36.97,-1.129,-15.392,5.928,0.0,0.275,0.0,0.275,gcb,owid,owid,0.0,0.9556666129292277,0.04433338707077221,False,False,False
Curacao,CUW,2017,168525.0,4.968,29.482,-1.235,-19.905,4.829,0.0,0.139,0.0,0.139,gcb,owid,owid,0.0,0.9720209339774557,0.027979066022544286,False,False,False
Curacao,CUW,2018,181590.0,4.324,23.809,-0.645,-12.979,4.221,0.0,0.103,0.0,0.103,gcb,owid,owid,0.0,0.9761794634597596,0.02382053654024052,False,False,False
Curacao,CUW,2019,189555.0,2.396,12.641,-1.927,-44.576,2.396,0.0,0.0,0.0,0.0,gcb,owid,owid,0.0,1.0,0.0,False,False,False
Curacao,CUW,2020,185029.0,2.008,10.852,-0.388,-16.208,2.008,0.0,0.0,0.0,0.0,gcb,gcb,owid,0.0,1.0,0.0,False,False,False
Curacao,CUW,2021,185324.0,2.14,11.546,0.132,6.569,2.14,0.0,0.0,0.0,0.0,gcb,gcb,owid,0.0,1.0,0.0,False,False,False
Cyprus,CYP,1992,810344.0,5.509,6.798,0.373,7.257,4.718,0.062,0.002,0.062,0.002,owid,owid,owid,0.012965286491007946,0.9866164784608951,0.0004182350480970305,False,False,False
Cyprus,CYP,1993,826042.0,5.753,6.964,0.244,4.428,4.882,0.074,0.002,0.074,0.002,owid,owid,owid,0.01492537313432836,0.9846712384025817,0.00040338846308995567,False,False,False
Cyprus,CYP,1994,844669.0,5.995,7.097,0.242,4.21,5.101,0.065,0.002,0.065,0.002,owid,owid,owid,0.012577399380804953,0.9870356037151703,0.0003869969040247678,False,False,False
Cyprus,CYP,1995,862698.0,5.866,6.799,-0.129,-2.156,5.022,0.048,0.002,0.048,0.002,owid,owid,owid,0.00946372239747634,0.9901419558359622,0.0003943217665615142,False,False,False
Cyprus,CYP,1996,880295.0,6.216,7.061,0.35,5.965,5.319,0.043,0.001,0.043,0.001,owid,owid,owid,0.00801790042886444,0.9917956367704642,0.00018646280067126608,False,False,False
Cyprus,CYP,1997,897574.0,6.302,7.022,0.087,1.395,5.437,0.045,0.001,0.045,0.001,owid,owid,owid,0.008207185847163961,0.9916104322451212,0.0001823819077147547,False,False,False
Cyprus,CYP,1998,914552.0,6.597,7.213,0.294,4.672,5.757,0.062,0.001,0.062,0.001,owid,owid,owid,0.010652920962199311,0.9891752577319587,0.00017182130584192438,False,False,False
Cyprus,CYP,1999,931235.0,6.863,7.37,0.267,4.041,6.009,0.072,0.001,0.072,0.001,owid,owid,owid,0.011838211114764878,0.9879973692864189,0.00016441959881617887,False,False,False
Cyprus,CYP,2000,947667.0,7.107,7.499,0.243,3.547,6.185,0.117,0.002,0.117,0.002,owid,owid,owid,0.018559644670050765,0.9811230964467006,0.000317258883248731,False,False,False
Cyprus,CYP,2001,964129.0,6.98,7.239,-0.127,-1.79,6.066,0.127,0.0,0.127,0.0,owid,owid,owid,0.020507024059421928,0.9794929759405782,0.0,False,False,False
Cyprus,CYP,2002,981443.0,7.172,7.308,0.192,2.755,6.226,0.127,0.0,0.127,0.0,owid,owid,owid,0.019990555643003307,0.9800094443569968,0.0,False,False,False
Cyprus,CYP,2003,999600.0,7.561,7.564,0.389,5.422,6.612,0.127,0.001,0.127,0.001,owid,owid,owid,0.01884272997032641,0.9810089020771513,0.0001483679525222552,False,False,False
Cyprus,CYP,2004,1017875.0,7.787,7.65,0.226,2.993,6.764,0.137,0.001,0.137,0.001,owid,owid,owid,0.019849319037960014,0.9800057954216169,0.0001448855404230658,False,False,False
Cyprus,CYP,2005,1036156.0,7.952,7.674,0.165,2.113,6.938,0.152,0.001,0.152,0.001,owid,owid,owid,0.021435622620222815,0.9784233535467494,0.0001410238330277817,False,False,False
Cyprus,CYP,2006,1054424.0,8.183,7.761,0.231,2.911,7.129,0.151,0.001,0.151,0.001,owid,owid,owid,0.020738909490454607,0.9791237467380854,0.0001373437714599643,False,False,False
Cyprus,CYP,2007,1072727.0,8.475,7.9,0.292,3.568,7.457,0.119,0.001,0.119,0.001,owid,owid,owid,0.01570542431041309,0.9841625973340372,0.00013197835554968986,False,False,False
Cyprus,CYP,2008,1091029.0,8.692,7.966,0.217,2.555,7.679,0.111,0.001,0.111,0.001,owid,owid,owid,0.01424720831728918,0.9856244384546271,0.0001283532280836863,False,False,False
Cyprus,CYP,2009,1109377.0,8.438,7.606,-0.254,-2.918,7.651,0.059,0.001,0.059,0.001,owid,owid,owid,0.007651407080793671,0.99221890805343,0.00012968486577616392,False,False,False
Cyprus,CYP,2010,1127826.0,8.072,7.157,-0.366,-4.34,7.41,0.071,0.001,0.071,0.001,owid,owid,owid,0.009489441325848702,0.9903769045709703,0.00013365410318096765,False,False,False
Cyprus,CYP,2011,1146493.0,7.792,6.797,-0.279,-3.462,7.189,0.031,0.001,0.031,0.001,owid,owid,owid,0.004293034205788672,0.9955684808198311,0.00013848497438027975,False,False,False
Cyprus,CYP,2012,1165403.0,7.262,6.231,-0.531,-6.81,6.732,0.001,0.001,0.001,0.001,owid,owid,owid,0.0001485001485001485,0.9997029997029996,0.0001485001485001485,False,False,False
Cyprus,CYP,2013,1183899.0,6.578,5.556,-0.683,-9.412,5.811,0.001,0.001,0.001,0.001,owid,owid,owid,0.0001720282126268708,0.9996559435747462,0.0001720282126268708,False,False,False
Cyprus,CYP,2014,1201806.0,6.93,5.766,0.352,5.345,5.934,0.009,0.0,0.009,0.0,owid,owid,owid,0.0015143866733972739,0.9984856133266027,0.0,False,False,False
Cyprus,CYP,2015,1219504.0,6.952,5.701,0.023,0.327,6.049,0.015,0.0,0.015,0.0,owid,owid,owid,0.0024736147757255934,0.9975263852242745,0.0,False,False,False
Cyprus,CYP,2016,1237114.0,7.35,5.941,0.397,5.717,6.451,0.002,0.0,0.002,0.0,owid,owid,owid,0.00030993336432666983,0.9996900666356734,0.0,False,False,False
Cyprus,CYP,2017,1254274.0,7.469,5.955,0.119,1.624,6.518,0.012,0.0,0.012,0.0,owid,owid,owid,0.0018376722817764167,0.9981623277182237,0.0,False,False,False
Cyprus,CYP,2018,1270743.0,7.324,5.764,-0.145,-1.942,6.402,0.054,0.0,0.054,0.0,owid,owid,owid,0.008364312267657992,0.991635687732342,0.0,False,False,False
Cyprus,CYP,2019,1286669.0,7.324,5.693,0.0,0.004,6.442,0.068,0.0,0.068,0.0,owid,owid,owid,0.01044546850998464,0.9895545314900154,0.0,False,False,False
Cyprus,CYP,2020,1302250.0,6.903,5.301,-0.421,-5.752,5.945,0.056,0.0,0.056,0.0,owid,owid,owid,0.009331778036993834,0.9906682219630062,0.0,False,False,False
Cyprus,CYP,2021,1317311.0,6.951,5.276,0.048,0.69,5.894,0.159,0.0,0.159,0.0,owid,owid,owid,0.02626796629770362,0.9737320337022964,0.0,False,False,False
Czechia,CZE,1992,10312449.0,145.708,14.129,-3.178,-2.135,21.152,105.791,14.721,105.791,14.721,owid,owid,owid,0.7467740569234245,0.1493110458549808,0.10391489722159476,False,False,False
Czechia,CZE,1993,10320404.0,140.126,13.578,-5.582,-3.831,20.343,100.747,15.317,100.747,15.317,owid,owid,owid,0.7385764660171398,0.14913457520508477,0.11228895877777532,False,False,False
Czechia,CZE,1994,10322332.0,132.67,12.853,-7.456,-5.321,19.745,94.922,14.225,94.922,14.225,owid,owid,owid,0.7364460168202837,0.15319026782112158,0.1103637153585948,False,False,False
Czechia,CZE,1995,10312041.0,131.624,12.764,-1.046,-0.789,17.604,94.834,15.63,94.834,15.63,owid,owid,owid,0.7404972358434582,0.1374582253177999,0.12204453883874192,False,False,False
Czechia,CZE,1996,10296140.0,135.019,13.114,3.395,2.58,17.985,95.219,18.041,95.219,18.041,owid,owid,owid,0.7255057335517543,0.13703379176349575,0.1374604746847499,False,False,False
Czechia,CZE,1997,10280049.0,130.942,12.737,-4.077,-3.02,17.635,90.923,18.435,90.923,18.435,owid,owid,owid,0.7159685966943059,0.13886592174371817,0.14516548156197584,False,False,False
Czechia,CZE,1998,10265430.0,125.717,12.247,-5.225,-3.99,19.533,83.666,18.424,83.666,18.424,owid,owid,owid,0.6879126481010993,0.160602846501073,0.15148450539782773,False,False,False
Czechia,CZE,1999,10251385.0,116.669,11.381,-9.048,-7.197,18.559,75.616,18.475,75.616,18.475,owid,owid,owid,0.6712472259209942,0.16474922325787839,0.1640035508211274,False,False,False
Czechia,CZE,2000,10236809.0,127.233,12.429,10.565,9.055,18.139,86.836,18.134,86.836,18.134,owid,owid,owid,0.7053586658977005,0.14734097425858386,0.14730035984371573,False,False,False
Czechia,CZE,2001,10231942.0,127.165,12.428,-0.068,-0.054,19.236,84.798,19.3,84.798,19.3,owid,owid,owid,0.6875476348776494,0.15596672450419188,0.1564856406181588,False,False,False
Czechia,CZE,2002,10239474.0,123.988,12.109,-3.177,-2.498,19.177,82.673,18.539,82.673,18.539,owid,owid,owid,0.6867155637142929,0.15929196189020592,0.15399247439550126,False,False,False
Czechia,CZE,2003,10248907.0,127.592,12.449,3.604,2.906,20.924,83.968,18.974,83.968,18.974,owid,owid,owid,0.6778938530347312,0.16892448290894999,0.15318166405631892,False,False,False
Czechia,CZE,2004,10261453.0,128.314,12.504,0.722,0.566,21.916,83.408,19.12,83.408,19.12,owid,owid,owid,0.6702452508758959,0.17611134325479733,0.1536434058693067,False,False,False
Czechia,CZE,2005,10280155.0,125.713,12.229,-2.6,-2.026,22.518,80.604,18.759,80.604,18.759,owid,owid,owid,0.6613335958845102,0.184753981342457,0.15391242277303271,False,False,False
Czechia,CZE,2006,10304592.0,126.533,12.279,0.819,0.652,22.236,81.885,18.415,81.885,18.415,owid,owid,owid,0.6682525951557093,0.18146503884572698,0.15028236599856368,False,False,False
Czechia,CZE,2007,10337539.0,128.364,12.417,1.831,1.447,22.976,83.628,17.459,83.628,17.459,owid,owid,owid,0.6740768802946889,0.18519623094718005,0.14072688875813094,False,False,False
Czechia,CZE,2008,10378298.0,122.928,11.845,-5.436,-4.235,22.808,78.66,17.298,78.66,17.298,owid,owid,owid,0.6623107623393901,0.19204149335668458,0.14564774430392535,False,False,False
Czechia,CZE,2009,10420985.0,114.972,11.033,-7.956,-6.472,21.89,73.287,16.315,73.287,16.315,owid,owid,owid,0.6573296738779464,0.19633695691170666,0.14633336921034693,False,False,False
Czechia,CZE,2010,10464035.0,117.464,11.226,2.492,2.167,21.02,74.554,18.398,74.554,18.398,owid,owid,owid,0.6541431228722845,0.18443126381918368,0.16142561330853192,False,False,False
Czechia,CZE,2011,10495508.0,115.178,10.974,-2.286,-1.946,20.802,73.749,16.825,73.749,16.825,owid,owid,owid,0.6621624048268927,0.18677273380261458,0.15106486137049274,False,False,False
Czechia,CZE,2012,10507339.0,111.276,10.59,-3.903,-3.388,20.305,70.768,16.624,70.768,16.624,owid,owid,owid,0.6571027976638161,0.1885382136921177,0.15435898864406622,False,False,False
Czechia,CZE,2013,10511164.0,106.71,10.152,-4.565,-4.103,19.66,66.87,16.826,66.87,16.826,owid,owid,owid,0.6469871125043539,0.190216339641627,0.16279654785401912,False,False,False
Czechia,CZE,2014,10517223.0,104.233,9.911,-2.478,-2.322,20.702,64.905,15.113,64.905,15.113,owid,owid,owid,0.6444102462271645,0.2055401111993646,0.150049642573471,False,False,False
Czechia,CZE,2015,10524418.0,104.99,9.976,0.757,0.726,21.211,64.322,15.909,64.322,15.909,owid,owid,owid,0.6340766152086906,0.20909485223083138,0.1568285325604779,False,False,False
Czechia,CZE,2016,10531946.0,106.636,10.125,1.647,1.568,21.24,64.728,17.008,64.728,17.008,owid,owid,owid,0.6285736482287135,0.20626165320074583,0.16516469857054072,False,False,False
Czechia,CZE,2017,10541343.0,107.736,10.22,1.099,1.031,22.011,64.307,17.713,64.307,17.713,owid,owid,owid,0.6181522815314666,0.21158116330709115,0.17026655516144226,False,False,False
Czechia,CZE,2018,10548934.0,106.322,10.079,-1.413,-1.312,22.221,63.573,16.641,63.573,16.641,owid,owid,owid,0.6206179528481476,0.21692780787816665,0.16245423927368574,False,False,False
Czechia,CZE,2019,10554872.0,100.997,9.569,-5.325,-5.008,22.341,57.468,17.361,57.468,17.361,owid,owid,owid,0.5914171040444582,0.2299166409385613,0.17866625501698055,False,False,False
Czechia,CZE,2020,10550129.0,91.661,8.688,-9.336,-9.244,20.963,49.727,17.431,49.727,17.431,owid,owid,owid,0.5643036279660921,0.23788881197444425,0.1978075600594637,False,False,False
Czechia,CZE,2021,10530683.0,96.629,9.176,4.968,5.42,22.437,51.406,19.045,51.406,19.045,owid,owid,owid,0.553419171475325,0.24154896219102576,0.20503186633364914,False,False,False
Democratic Republic of Congo,COD,1992,39228908.0,2.808,0.072,-0.324,-10.355,2.737,0.0,0.0,0.0,0.0,owid,owid,owid,0.0,1.0,0.0,False,False,False
Democratic Republic of Congo,COD,1993,40656338.0,2.662,0.065,-0.146,-5.195,2.601,0.0,0.0,0.0,0.0,owid,owid,owid,0.0,1.0,0.0,False,False,False
Democratic Republic of Congo,COD,1994,42626873.0,2.751,0.065,0.089,3.33,1.63,0.0,0.0,0.0,0.0,owid,owid,owid,0.0,1.0,0.0,False,False,False
Democratic Republic of Congo,COD,1995,44433718.0,3.096,0.07,0.345,12.548,2.008,0.0,0.0,0.0,0.0,owid,owid,owid,0.0,1.0,0.0,False,False,False
Democratic Republic of Congo,COD,1996,45296125.0,3.473,0.077,0.376,12.159,2.213,0.0,0.0,0.0,0.0,owid,owid,owid,0.0,1.0,0.0,False,False,False
Democratic Republic of Congo,COD,1997,46029907.0,3.089,0.067,-0.383,-11.035,1.825,0.0,0.0,0.0,0.0,owid,owid,owid,0.0,1.0,0.0,False,False,False
Democratic Republic of Congo,COD,1998,47297595.0,2.733,0.058,-0.356,-11.528,1.601,0.0,0.0,0.0,0.0,owid,owid,owid,0.0,1.0,0.0,False,False,False
Democratic Republic of Congo,COD,1999,48912972.0,2.199,0.045,-0.534,-19.531,1.253,0.0,0.0,0.0,0.0,owid,owid,owid,0.0,1.0,0.0,False,False,False
Democratic Republic of Congo,COD,2000,50507445.0,1.705,0.034,-0.495,-22.492,0.824,0.0,0.0,0.0,0.0,owid,owid,owid,0.0,1.0,0.0,False,False,False
Democratic Republic of Congo,COD,2001,52132646.0,1.647,0.032,-0.057,-3.36,0.689,0.0,0.0,0.0,0.0,owid,owid,owid,0.0,1.0,0.0,False,False,False
Democratic Republic of Congo,COD,2002,53750529.0,1.734,0.032,0.087,5.259,0.744,0.005,0.0,0.005,0.0,owid,owid,owid,0.006675567423230975,0.9933244325767691,0.0,False,False,False
Democratic Republic of Congo,COD,2003,55343873.0,2.096,0.038,0.362,20.875,0.905,0.002,0.0,0.002,0.0,owid,owid,owid,0.002205071664829107,0.9977949283351709,0.0,False,False,False
Democratic Republic of Congo,COD,2004,56997740.0,2.028,0.036,-0.068,-3.253,0.989,0.006,0.0,0.006,0.0,owid,owid,owid,0.006030150753768844,0.9939698492462311,0.0,False,False,False
Democratic Republic of Congo,COD,2005,58775726.0,2.287,0.039,0.26,12.797,1.238,0.023,0.0,0.023,0.0,owid,owid,owid,0.01823949246629659,0.9817605075337035,0.0,False,False,False
Democratic Republic of Congo,COD,2006,60615909.0,2.352,0.039,0.064,2.812,1.326,0.02,0.022,0.02,0.022,owid,owid,owid,0.014619883040935672,0.9692982456140351,0.01608187134502924,False,False,False
Democratic Republic of Congo,COD,2007,62477753.0,2.623,0.042,0.271,11.534,1.447,0.03,0.044,0.03,0.044,owid,owid,owid,0.019723865877712028,0.9513477975016437,0.02892833662064431,False,False,False
Democratic Republic of Congo,COD,2008,64390658.0,2.685,0.042,0.062,2.369,1.608,0.034,0.044,0.034,0.044,owid,owid,owid,0.020166073546856466,0.9537366548042704,0.026097271648873068,False,False,False
Democratic Republic of Congo,COD,2009,66412038.0,2.446,0.037,-0.239,-8.907,1.473,0.024,0.044,0.024,0.044,owid,owid,owid,0.015574302401038286,0.9558728098637248,0.028552887735236857,False,False,False
Democratic Republic of Congo,COD,2010,68563038.0,2.735,0.04,0.289,11.834,1.729,0.037,0.044,0.037,0.044,owid,owid,owid,0.02044198895027624,0.9552486187845304,0.024309392265193366,False,False,False
Democratic Republic of Congo,COD,2011,70849311.0,3.041,0.043,0.306,11.173,2.22,0.029,0.044,0.029,0.044,owid,owid,owid,0.01264718709114697,0.9681639773222852,0.019188835586567813,False,False,False
Democratic Republic of Congo,COD,2012,73254623.0,2.797,0.038,-0.244,-8.014,2.198,0.033,0.0,0.033,0.0,owid,owid,owid,0.014791573285522188,0.9852084267144778,0.0,False,False,False
Democratic Republic of Congo,COD,2013,75789397.0,3.921,0.052,1.124,40.173,3.364,0.013,0.0,0.013,0.0,owid,owid,owid,0.0038495706248149247,0.996150429375185,0.0,False,False,False
Democratic Republic of Congo,COD,2014,78403248.0,5.066,0.065,1.145,29.198,4.499,0.017,0.004,0.017,0.004,owid,owid,owid,0.0037610619469026557,0.995353982300885,0.0008849557522123895,False,False,False
Democratic Republic of Congo,COD,2015,81035532.0,3.274,0.04,-1.792,-35.365,2.686,0.034,0.004,0.034,0.004,owid,owid,owid,0.01248164464023495,0.986049926578561,0.0014684287812041117,False,False,False
Democratic Republic of Congo,COD,2016,83956416.0,2.659,0.032,-0.615,-18.781,2.129,0.039,0.0,0.039,0.0,owid,owid,owid,0.017988929889298892,0.982011070110701,0.0,False,False,False
Democratic Republic of Congo,COD,2017,87083400.0,2.92,0.034,0.261,9.808,2.172,0.049,0.001,0.049,0.001,owid,owid,owid,0.022052205220522054,0.9774977497749776,0.0004500450045004501,False,False,False
Democratic Republic of Congo,COD,2018,90047647.0,3.774,0.042,0.854,29.243,2.943,0.084,0.001,0.084,0.001,owid,owid,owid,0.027741083223249672,0.9719286657859973,0.00033025099075297226,False,False,False
Democratic Republic of Congo,COD,2019,92947450.0,4.118,0.044,0.344,9.112,3.162,0.044,0.001,0.044,0.001,owid,owid,owid,0.013719987527284067,0.9859681945743686,0.0003118178983473652,False,False,False
Democratic Republic of Congo,COD,2020,95990000.0,4.305,0.045,0.187,4.534,3.345,0.025,0.0,0.025,0.0,owid,owid,owid,0.00741839762611276,0.9925816023738873,0.0,False,False,False
Democratic Republic of Congo,COD,2021,99148930.0,4.292,0.043,-0.013,-0.292,3.203,0.034,0.0,0.034,0.0,owid,owid,owid,0.010503552672227372,0.9894964473277726,0.0,False,False,False
Denmark,DNK,1992,5171372.0,58.327,11.279,-5.778,-9.013,23.621,27.133,5.167,27.133,5.167,owid,owid,owid,0.48520233901396614,0.42239945637595894,0.09239820461007492,False,False,False
Denmark,DNK,1993,5188638.0,60.574,11.674,2.247,3.853,23.998,28.451,5.851,28.451,5.851,owid,owid,owid,0.48801029159519727,0.4116295025728988,0.10036020583190396,False,False,False
Denmark,DNK,1994,5206188.0,64.673,12.422,4.1,6.768,25.165,30.578,6.546,30.578,6.546,owid,owid,owid,0.49090529628024215,0.4040039172245501,0.10509078649520784,False,False,False
Denmark,DNK,1995,5233364.0,61.653,11.781,-3.02,-4.669,26.024,25.6,7.574,25.6,7.574,owid,owid,owid,0.43244704212980173,0.43960944626507653,0.1279435116051218,False,False,False
Denmark,DNK,1996,5263071.0,74.9,14.231,13.246,21.485,28.364,35.137,8.909,35.137,8.909,owid,owid,owid,0.4852506559867421,0.391713851677945,0.12303549233531279,False,False,False
Denmark,DNK,1997,5285041.0,65.438,12.382,-9.462,-12.633,27.143,26.15,9.375,26.15,9.375,owid,owid,owid,0.41727835577966427,0.4331237633241846,0.14959788089615114,False,False,False
Denmark,DNK,1998,5304263.0,61.238,11.545,-4.2,-6.418,26.393,22.219,10.186,22.219,10.186,owid,owid,owid,0.37788700295928435,0.4488758121024525,0.1732371849382632,False,False,False
Denmark,DNK,1999,5321814.0,58.653,11.021,-2.585,-4.222,26.258,18.672,10.711,18.672,10.711,owid,owid,owid,0.3355798781474093,0.4719181898240506,0.19250193202854013,False,False,False
Denmark,DNK,2000,5339659.0,54.307,10.17,-4.346,-7.41,25.366,15.657,10.64,15.657,10.64,owid,owid,owid,0.3030602171767029,0.4909896831388034,0.20595009968449376,False,False,False
Denmark,DNK,2001,5358825.0,55.897,10.431,1.59,2.928,25.608,16.558,11.105,16.558,11.105,owid,owid,owid,0.3108257776276023,0.4807118319535958,0.208462390418802,False,False,False
Denmark,DNK,2002,5375967.0,55.554,10.334,-0.342,-0.612,25.32,16.537,11.096,16.537,11.096,owid,owid,owid,0.31229580949143576,0.47815987762732987,0.2095443128812343,False,False,False
Denmark,DNK,2003,5390621.0,60.645,11.25,5.091,9.164,24.394,22.573,11.214,22.573,11.214,owid,owid,owid,0.3879788934531892,0.419277771093656,0.19274333545315483,False,False,False
Denmark,DNK,2004,5404594.0,55.1,10.195,-5.545,-9.144,24.072,17.281,11.154,17.281,11.154,owid,owid,owid,0.3291180223589236,0.4584531586264689,0.2124288190146076,False,False,False
Denmark,DNK,2005,5419550.0,51.535,9.509,-3.565,-6.47,23.886,14.602,10.69,14.602,10.69,owid,owid,owid,0.296921387612347,0.48570499003619505,0.21737362235145796,False,False,False
Denmark,DNK,2006,5437425.0,59.5,10.943,7.965,15.456,24.231,22.006,10.882,22.006,10.882,owid,owid,owid,0.38526584849174533,0.4242196116878797,0.190514539820375,False,False,False
Denmark,DNK,2007,5461604.0,54.709,10.017,-4.791,-8.052,24.169,18.422,9.738,18.422,9.738,owid,owid,owid,0.3520418888188194,0.46186626918152457,0.186091841999656,False,False,False
Denmark,DNK,2008,5493762.0,51.256,9.33,-3.453,-6.312,23.317,16.134,9.826,16.134,9.826,owid,owid,owid,0.32741441240335245,0.4731822148263896,0.19940337277025794,False,False,False
Denmark,DNK,2009,5523169.0,48.851,8.845,-2.405,-4.692,22.296,15.784,9.412,15.784,9.412,owid,owid,owid,0.3323507116988125,0.4694685420702434,0.1981807462309442,False,False,False
Denmark,DNK,2010,5547865.0,49.19,8.866,0.338,0.692,21.946,15.351,10.555,15.351,10.555,owid,owid,owid,0.32080163838502046,0.4586224191256374,0.22057594248934212,False,False,False
Denmark,DNK,2011,5570848.0,44.237,7.941,-4.953,-10.069,20.915,12.915,8.972,12.915,8.972,owid,owid,owid,0.30173823653100323,0.48864539040231764,0.20961637306667913,False,False,False
Denmark,DNK,2012,5591911.0,39.861,7.128,-4.376,-9.891,19.952,10.078,8.404,10.078,8.404,owid,owid,owid,0.2622157464744757,0.5191236925638758,0.21866056096164854,False,False,False
Denmark,DNK,2013,5615333.0,41.763,7.437,1.902,4.771,19.574,12.755,7.929,12.755,7.929,owid,owid,owid,0.31683143722986734,0.48621392021461574,0.19695464255551692,False,False,False
Denmark,DNK,2014,5643795.0,37.571,6.657,-4.192,-10.037,19.085,10.143,6.81,10.143,6.81,owid,owid,owid,0.2814529108163605,0.5295798878961097,0.1889672012875298,False,False,False
Denmark,DNK,2015,5683698.0,35.111,6.177,-2.461,-6.55,19.471,7.242,6.905,7.242,6.905,owid,owid,owid,0.21542031054792074,0.5791837705990838,0.2053959188529954,False,False,False
Denmark,DNK,2016,5728196.0,36.917,6.445,1.806,5.144,19.751,8.413,7.009,8.413,7.009,owid,owid,owid,0.2391891507690558,0.5615386802376823,0.1992721689932619,False,False,False
Denmark,DNK,2017,5765164.0,34.665,6.013,-2.252,-6.1,19.918,6.253,6.676,6.253,6.676,owid,owid,owid,0.19036746125978019,0.6063871890888056,0.20324534965141414,False,False,False
Denmark,DNK,2018,5793824.0,34.609,5.973,-0.056,-0.161,19.968,6.362,6.483,6.362,6.483,owid,owid,owid,0.19388656934751475,0.6085392984487856,0.19757413220369976,False,False,False
Denmark,DNK,2019,5814618.0,30.95,5.323,-3.659,-10.571,19.686,3.588,6.024,3.588,6.024,owid,owid,owid,0.12246569731722301,0.6719229981568707,0.2056113045259062,False,False,False
Denmark,DNK,2020,5831529.0,28.3,4.853,-2.651,-8.564,18.579,3.166,4.799,3.166,4.799,owid,owid,owid,0.11927365883062085,0.6999321880650995,0.1807941531042797,False,False,False
Denmark,DNK,2021,5856774.0,29.604,5.055,1.304,4.607,18.827,4.207,4.808,4.207,4.808,owid,owid,owid,0.15110265067164713,0.6762086057036133,0.17268874362473957,False,False,False
Djibouti,DJI,1992,626016.0,0.304,0.486,0.004,1.22,0.304,0.0,0.0,0.0,0.0,gcb,gcb,owid,0.0,1.0,0.0,False,False,False
Djibouti,DJI,1993,614247.0,0.304,0.495,0.0,0.0,0.304,0.0,0.0,0.0,0.0,gcb,gcb,owid,0.0,1.0,0.0,False,False,False
Djibouti,DJI,1994,626717.0,0.3,0.479,-0.004,-1.205,0.3,0.0,0.0,0.0,0.0,gcb,gcb,owid,0.0,1.0,0.0,False,False,False
Djibouti,DJI,1995,633075.0,0.311,0.492,0.011,3.659,0.311,0.0,0.0,0.0,0.0,gcb,gcb,owid,0.0,1.0,0.0,False,False,False
Djibouti,DJI,1996,648354.0,0.304,0.469,-0.007,-2.353,0.304,0.0,0.0,0.0,0.0,gcb,gcb,owid,0.0,1.0,0.0,False,False,False
Djibouti,DJI,1997,671826.0,0.333,0.496,0.029,9.639,0.333,0.0,0.0,0.0,0.0,gcb,gcb,owid,0.0,1.0,0.0,False,False,False
Djibouti,DJI,1998,699355.0,0.388,0.555,0.055,16.484,0.388,0.0,0.0,0.0,0.0,gcb,gcb,owid,0.0,1.0,0.0,False,False,False
Djibouti,DJI,1999,724228.0,0.388,0.536,0.0,0.0,0.388,0.0,0.0,0.0,0.0,gcb,gcb,owid,0.0,1.0,0.0,False,False,False
Djibouti,DJI,2000,747326.0,0.366,0.49,-0.022,-5.66,0.366,0.0,0.0,0.0,0.0,gcb,gcb,owid,0.0,1.0,0.0,False,False,False
Djibouti,DJI,2001,771311.0,0.366,0.475,0.0,0.0,0.366,0.0,0.0,0.0,0.0,gcb,gcb,owid,0.0,1.0,0.0,False,False,False
Djibouti,DJI,2002,795576.0,0.399,0.502,0.033,9.0,0.399,0.0,0.0,0.0,0.0,gcb,gcb,owid,0.0,1.0,0.0,False,False,False
Djibouti,DJI,2003,813528.0,0.421,0.518,0.022,5.505,0.421,0.0,0.0,0.0,0.0,gcb,gcb,owid,0.0,1.0,0.0,False,False,False
Djibouti,DJI,2004,826133.0,0.407,0.492,-0.015,-3.478,0.407,0.0,0.0,0.0,0.0,gcb,gcb,owid,0.0,1.0,0.0,False,False,False
Djibouti,DJI,2005,839174.0,0.414,0.493,0.007,1.802,0.414,0.0,0.0,0.0,0.0,gcb,gcb,owid,0.0,1.0,0.0,False,False,False
Djibouti,DJI,2006,855767.0,0.414,0.484,0.0,0.0,0.414,0.0,0.0,0.0,0.0,gcb,gcb,owid,0.0,1.0,0.0,False,False,False
Djibouti,DJI,2007,874530.0,0.454,0.52,0.04,9.735,0.454,0.0,0.0,0.0,0.0,gcb,gcb,owid,0.0,1.0,0.0,False,False,False
Djibouti,DJI,2008,892739.0,0.495,0.554,0.04,8.871,0.495,0.0,0.0,0.0,0.0,gcb,gcb,owid,0.0,1.0,0.0,False,False,False
Djibouti,DJI,2009,911524.0,0.443,0.486,-0.051,-10.37,0.443,0.0,0.0,0.0,0.0,gcb,gcb,owid,0.0,1.0,0.0,False,False,False
Djibouti,DJI,2010,930252.0,0.517,0.555,0.073,16.529,0.517,0.0,0.0,0.0,0.0,gcb,gcb,owid,0.0,1.0,0.0,False,False,False
Djibouti,DJI,2011,948565.0,0.315,0.332,-0.202,-39.007,0.315,0.0,0.0,0.0,0.0,gcb,gcb,owid,0.0,1.0,0.0,False,False,False
Djibouti,DJI,2012,966754.0,0.293,0.303,-0.022,-6.977,0.293,0.0,0.0,0.0,0.0,gcb,gcb,owid,0.0,1.0,0.0,False,False,False
Djibouti,DJI,2013,984833.0,0.381,0.387,0.088,29.919,0.322,0.0,0.0,0.0,0.0,gcb,gcb,owid,0.0,1.0,0.0,False,False,False
Djibouti,DJI,2014,1002720.0,0.418,0.416,0.037,9.663,0.352,0.0,0.0,0.0,0.0,gcb,gcb,owid,0.0,1.0,0.0,False,False,False
Djibouti,DJI,2015,1020316.0,0.505,0.495,0.087,20.905,0.451,0.0,0.0,0.0,0.0,gcb,gcb,owid,0.0,1.0,0.0,False,False,False
Djibouti,DJI,2016,1037660.0,0.428,0.412,-0.077,-15.281,0.377,0.0,0.0,0.0,0.0,gcb,gcb,owid,0.0,1.0,0.0,False,False,False
Djibouti,DJI,2017,1054844.0,0.414,0.392,-0.014,-3.278,0.352,0.0,0.0,0.0,0.0,gcb,gcb,owid,0.0,1.0,0.0,False,False,False
Djibouti,DJI,2018,1071886.0,0.472,0.44,0.058,13.964,0.385,0.0,0.0,0.0,0.0,gcb,gcb,owid,0.0,1.0,0.0,False,False,False
Djibouti,DJI,2019,1088710.0,0.54,0.496,0.069,14.57,0.443,0.0,0.0,0.0,0.0,gcb,gcb,owid,0.0,1.0,0.0,False,False,False
Djibouti,DJI,2020,1105193.0,0.463,0.419,-0.077,-14.282,0.37,0.0,0.0,0.0,0.0,gcb,gcb,owid,0.0,1.0,0.0,False,False,False
Djibouti,DJI,2021,1121251.0,0.558,0.497,0.095,20.419,0.41,0.0,0.0,0.0,0.0,gcb,gcb,owid,0.0,1.0,0.0,False,False,False
Dominica,DMA,1992,69344.0,0.059,0.845,0.0,0.0,0.059,0.0,0.0,0.0,0.0,gcb,gcb,owid,0.0,1.0,0.0,False,False,False
Dominica,DMA,1993,69453.0,0.062,0.897,0.004,6.25,0.062,0.0,0.0,0.0,0.0,gcb,gcb,owid,0.0,1.0,0.0,False,False,False
Dominica,DMA,1994,69493.0,0.07,1.002,0.007,11.765,0.07,0.0,0.0,0.0,0.0,gcb,gcb,owid,0.0,1.0,0.0,False,False,False
Dominica,DMA,1995,69490.0,0.081,1.16,0.011,15.789,0.081,0.0,0.0,0.0,0.0,gcb,gcb,owid,0.0,1.0,0.0,False,False,False
Dominica,DMA,1996,69422.0,0.073,1.056,-0.007,-9.091,0.073,0.0,0.0,0.0,0.0,gcb,gcb,owid,0.0,1.0,0.0,False,False,False
Dominica,DMA,1997,69315.0,0.081,1.163,0.007,10.0,0.081,0.0,0.0,0.0,0.0,gcb,gcb,owid,0.0,1.0,0.0,False,False,False
Dominica,DMA,1998,69144.0,0.077,1.113,-0.004,-4.545,0.077,0.0,0.0,0.0,0.0,gcb,gcb,owid,0.0,1.0,0.0,False,False,False
Dominica,DMA,1999,68883.0,0.081,1.17,0.004,4.762,0.081,0.0,0.0,0.0,0.0,gcb,gcb,owid,0.0,1.0,0.0,False,False,False
Dominica,DMA,2000,68527.0,0.103,1.497,0.022,27.273,0.103,0.0,0.0,0.0,0.0,gcb,gcb,owid,0.0,1.0,0.0,False,False,False
Dominica,DMA,2001,68299.0,0.11,1.609,0.007,7.143,0.11,0.0,0.0,0.0,0.0,gcb,gcb,owid,0.0,1.0,0.0,False,False,False
Dominica,DMA,2002,68385.0,0.103,1.5,-0.007,-6.667,0.103,0.0,0.0,0.0,0.0,gcb,gcb,owid,0.0,1.0,0.0,False,False,False
Dominica,DMA,2003,68552.0,0.117,1.71,0.015,14.286,0.117,0.0,0.0,0.0,0.0,gcb,gcb,owid,0.0,1.0,0.0,False,False,False
Dominica,DMA,2004,68664.0,0.143,2.081,0.026,21.875,0.143,0.0,0.0,0.0,0.0,gcb,gcb,owid,0.0,1.0,0.0,False,False,False
Dominica,DMA,2005,68750.0,0.15,2.185,0.007,5.128,0.15,0.0,0.0,0.0,0.0,gcb,gcb,owid,0.0,1.0,0.0,False,False,False
Dominica,DMA,2006,68823.0,0.143,2.076,-0.007,-4.878,0.143,0.0,0.0,0.0,0.0,gcb,gcb,owid,0.0,1.0,0.0,False,False,False
Dominica,DMA,2007,68862.0,0.172,2.501,0.029,20.513,0.172,0.0,0.0,0.0,0.0,gcb,gcb,owid,0.0,1.0,0.0,False,False,False
Dominica,DMA,2008,68866.0,0.169,2.447,-0.004,-2.128,0.169,0.0,0.0,0.0,0.0,gcb,gcb,owid,0.0,1.0,0.0,False,False,False
Dominica,DMA,2009,68879.0,0.187,2.713,0.018,10.87,0.187,0.0,0.0,0.0,0.0,gcb,gcb,owid,0.0,1.0,0.0,False,False,False
Dominica,DMA,2010,68872.0,0.169,2.447,-0.018,-9.804,0.169,0.0,0.0,0.0,0.0,gcb,gcb,owid,0.0,1.0,0.0,False,False,False
Dominica,DMA,2011,69073.0,0.15,2.175,-0.018,-10.87,0.15,0.0,0.0,0.0,0.0,gcb,gcb,owid,0.0,1.0,0.0,False,False,False
Dominica,DMA,2012,69138.0,0.165,2.385,0.015,9.756,0.165,0.0,0.0,0.0,0.0,gcb,gcb,owid,0.0,1.0,0.0,False,False,False
Dominica,DMA,2013,69733.0,0.158,2.259,-0.007,-4.444,0.158,0.0,0.0,0.0,0.0,gcb,gcb,owid,0.0,1.0,0.0,False,False,False
Dominica,DMA,2014,70387.0,0.169,2.395,0.011,6.977,0.169,0.0,0.0,0.0,0.0,gcb,gcb,owid,0.0,1.0,0.0,False,False,False
Dominica,DMA,2015,70429.0,0.176,2.497,0.007,4.348,0.176,0.0,0.0,0.0,0.0,gcb,gcb,owid,0.0,1.0,0.0,False,False,False
Dominica,DMA,2016,69627.0,0.172,2.473,-0.004,-2.083,0.172,0.0,0.0,0.0,0.0,gcb,gcb,owid,0.0,1.0,0.0,False,False,False
Dominica,DMA,2017,68514.0,0.154,2.246,-0.018,-10.638,0.154,0.0,0.0,0.0,0.0,gcb,gcb,owid,0.0,1.0,0.0,False,False,False
Dominica,DMA,2018,68195.0,0.165,2.418,0.011,7.143,0.165,0.0,0.0,0.0,0.0,gcb,gcb,owid,0.0,1.0,0.0,False,False,False
Dominica,DMA,2019,67901.0,0.172,2.536,0.007,4.444,0.172,0.0,0.0,0.0,0.0,gcb,gcb,owid,0.0,1.0,0.0,False,False,False
Dominica,DMA,2020,67588.0,0.158,2.331,-0.015,-8.511,0.158,0.0,0.0,0.0,0.0,gcb,gcb,owid,0.0,1.0,0.0,False,False,False
Dominica,DMA,2021,67222.0,0.161,2.398,0.004,2.326,0.161,0.0,0.0,0.0,0.0,gcb,gcb,owid,0.0,1.0,0.0,False,False,False
Dominican Republic,DOM,1992,7447476.0,10.405,1.397,0.877,9.201,9.46,0.37,0.0,0.37,0.0,owid,gcb,owid,0.03763987792472024,0.9623601220752799,0.0,False,False,False
Dominican Republic,DOM,1993,7594567.0,11.195,1.474,0.789,7.587,10.343,0.319,0.0,0.319,0.0,owid,gcb,owid,0.029919339711123615,0.9700806602888763,0.0,False,False,False
Dominican Republic,DOM,1994,7741694.0,11.781,1.522,0.586,5.231,10.974,0.275,0.0,0.275,0.0,owid,gcb,owid,0.02444661747710908,0.9755533825228909,0.0,False,False,False
Dominican Republic,DOM,1995,7888120.0,15.09,1.913,3.31,28.093,14.194,0.293,0.0,0.293,0.0,owid,gcb,owid,0.020225029336646647,0.9797749706633534,0.0,False,False,False
Dominican Republic,DOM,1996,8032895.0,16.459,2.049,1.368,9.069,15.44,0.341,0.0,0.341,0.0,owid,gcb,owid,0.021608263101197647,0.9783917368988024,0.0,False,False,False
Dominican Republic,DOM,1997,8174081.0,17.234,2.108,0.776,4.712,16.111,0.37,0.0,0.37,0.0,owid,gcb,owid,0.02245009404769128,0.9775499059523086,0.0,False,False,False
Dominican Republic,DOM,1998,8310369.0,17.756,2.137,0.522,3.03,16.268,0.718,0.0,0.718,0.0,owid,gcb,owid,0.042270104792181795,0.9577298952078183,0.0,False,False,False
Dominican Republic,DOM,1999,8446207.0,17.775,2.104,0.019,0.104,16.228,0.619,0.0,0.619,0.0,owid,gcb,owid,0.03674244672642013,0.9632575532735799,0.0,False,False,False
Dominican Republic,DOM,2000,8584196.0,18.937,2.206,1.162,6.538,17.679,0.245,0.0,0.245,0.0,owid,gcb,owid,0.013668823923231422,0.9863311760767686,0.0,False,False,False
Dominican Republic,DOM,2001,8720287.0,19.083,2.188,0.146,0.769,17.448,0.539,0.0,0.539,0.0,owid,gcb,owid,0.02996608661811308,0.9700339133818868,0.0,False,False,False
Dominican Republic,DOM,2002,8852231.0,20.87,2.358,1.787,9.367,19.049,0.619,0.0,0.619,0.0,owid,gcb,owid,0.03147244254626805,0.968527557453732,0.0,False,False,False
Dominican Republic,DOM,2003,8980626.0,21.26,2.367,0.39,1.87,16.759,2.803,0.568,2.803,0.568,owid,owid,owid,0.1392449080973671,0.8325384997516144,0.028216592151018374,False,False,False
Dominican Republic,DOM,2004,9104889.0,17.254,1.895,-4.007,-18.846,13.934,2.063,0.238,2.063,0.238,owid,owid,owid,0.12707114259316293,0.8582691715429627,0.014659685863874346,False,False,False
Dominican Republic,DOM,2005,9225035.0,17.852,1.935,0.598,3.467,15.063,1.264,0.473,1.264,0.473,owid,owid,owid,0.07523809523809523,0.8966071428571428,0.0281547619047619,False,False,False
Dominican Republic,DOM,2006,9341187.0,19.03,2.037,1.178,6.6,15.118,1.868,0.59,1.868,0.59,owid,owid,owid,0.10628129267182522,0.860150204824761,0.03356850250341374,False,False,False
Dominican Republic,DOM,2007,9455663.0,19.909,2.106,0.879,4.62,15.414,1.931,1.004,1.931,1.004,owid,owid,owid,0.105237342634476,0.8400457790615292,0.05471687830399477,False,False,False
Dominican Republic,DOM,2008,9573135.0,20.235,2.114,0.326,1.635,15.623,2.11,0.927,2.11,0.927,owid,owid,owid,0.11307609860664522,0.8372454448017148,0.04967845659163987,False,False,False
Dominican Republic,DOM,2009,9695270.0,19.686,2.031,-0.548,-2.709,15.287,2.062,0.909,2.062,0.909,owid,owid,owid,0.1129367948296637,0.837276810165407,0.04978639500492935,False,False,False
Dominican Republic,DOM,2010,9820180.0,20.445,2.082,0.759,3.854,15.616,1.85,1.466,1.85,1.466,owid,owid,owid,0.09771814916543418,0.8248468201986054,0.07743503063596027,False,False,False
Dominican Republic,DOM,2011,9945623.0,20.922,2.104,0.477,2.333,15.565,2.217,1.678,2.217,1.678,owid,owid,owid,0.11392600205549845,0.7998458376156218,0.08622816032887974,False,False,False
Dominican Republic,DOM,2012,10070409.0,20.903,2.076,-0.019,-0.093,15.67,1.744,1.99,1.744,1.99,owid,owid,owid,0.0898783755926613,0.8075654504225933,0.10255617398474541,False,False,False
Dominican Republic,DOM,2013,10193838.0,20.842,2.045,-0.061,-0.293,15.133,2.15,2.037,2.15,2.037,owid,owid,owid,0.11128364389233956,0.7832815734989649,0.10543478260869567,False,False,False
Dominican Republic,DOM,2014,10315523.0,21.264,2.061,0.423,2.028,14.66,2.81,2.004,2.81,2.004,owid,owid,owid,0.14429495737906953,0.752798603265893,0.10290643935503749,False,False,False
Dominican Republic,DOM,2015,10434826.0,22.986,2.203,1.722,8.098,16.57,2.542,2.026,2.542,2.026,owid,owid,owid,0.12025735641971802,0.7838963005014665,0.09584634307881539,False,False,False
Dominican Republic,DOM,2016,10551430.0,24.14,2.288,1.154,5.021,17.852,2.531,1.912,2.531,1.912,owid,owid,owid,0.11352321148239518,0.8007176496972416,0.08575913882036332,False,False,False
Dominican Republic,DOM,2017,10666846.0,23.455,2.199,-0.685,-2.838,16.448,2.942,2.191,2.942,2.191,owid,owid,owid,0.13632361799731246,0.7621518928687272,0.10152448913396042,False,False,False
Dominican Republic,DOM,2018,10782048.0,25.203,2.338,1.748,7.452,18.191,2.891,2.184,2.891,2.184,owid,owid,owid,0.12425857474426201,0.7818705407031719,0.09387088455256598,False,False,False
Dominican Republic,DOM,2019,10894043.0,28.471,2.613,3.268,12.967,19.21,4.455,2.792,4.455,2.792,owid,owid,owid,0.16838643837169748,0.7260838341459728,0.1055297274823298,False,False,False
Dominican Republic,DOM,2020,11008298.0,26.228,2.383,-2.243,-7.88,14.911,6.519,2.943,6.519,2.943,owid,owid,owid,0.26746809994666226,0.6117835309563862,0.12074836909695154,False,False,False
Dominican Republic,DOM,2021,11123480.0,29.363,2.64,3.135,11.953,17.283,6.148,3.613,6.148,3.613,owid,owid,owid,0.22733323472859043,0.6390696642508505,0.13359710102055908,False,False,False
East Timor,TLS,1999,834699.0,0.153,0.183,0.092,152.703,0.0,0.0,0.0,0.0,0.0,gcb_zero,gcb_zero,gcb_zero,0.0,0.0,0.0,False,False,True
East Timor,TLS,2000,745095.0,0.22,0.295,0.067,43.724,0.0,0.0,0.0,0.0,0.0,gcb_zero,gcb_zero,gcb_zero,0.0,0.0,0.0,False,False,True
East Timor,TLS,2001,812253.0,0.119,0.146,-0.101,-45.946,0.0,0.0,0.0,0.0,0.0,gcb_zero,gcb_zero,gcb_zero,0.0,0.0,0.0,False,False,True
East Timor,TLS,2002,879170.0,0.262,0.298,0.143,120.358,0.161,0.0,0.0,0.0,0.0,gcb,gcb,owid,0.0,1.0,0.0,False,False,False
East Timor,TLS,2003,916876.0,0.249,0.271,-0.013,-5.098,0.161,0.0,0.0,0.0,0.0,gcb,gcb,owid,0.0,1.0,0.0,False,False,False
East Timor,TLS,2004,929081.0,0.497,0.535,0.248,99.975,0.176,0.0,0.0,0.0,0.0,gcb,gcb,owid,0.0,1.0,0.0,False,False,False
East Timor,TLS,2005,948310.0,0.321,0.339,-0.176,-35.383,0.176,0.0,0.0,0.0,0.0,gcb,gcb,owid,0.0,1.0,0.0,False,False,False
East Timor,TLS,2006,976610.0,0.317,0.324,-0.004,-1.382,0.18,0.0,0.0,0.0,0.0,gcb,owid,owid,0.0,1.0,0.0,False,False,False
East Timor,TLS,2007,1004898.0,0.288,0.287,-0.029,-9.043,0.183,0.0,0.0,0.0,0.0,gcb,owid,owid,0.0,1.0,0.0,False,False,False
East Timor,TLS,2008,1032431.0,0.285,0.276,-0.003,-1.019,0.202,0.0,0.0,0.0,0.0,gcb,owid,owid,0.0,1.0,0.0,False,False,False
East Timor,TLS,2009,1058783.0,0.322,0.304,0.037,12.854,0.227,0.0,0.0,0.0,0.0,gcb,owid,owid,0.0,1.0,0.0,False,False,False
East Timor,TLS,2010,1084688.0,0.313,0.289,-0.009,-2.688,0.236,0.0,0.0,0.0,0.0,gcb,owid,owid,0.0,1.0,0.0,False,False,False
East Timor,TLS,2011,1110212.0,0.434,0.391,0.121,38.564,0.245,0.0,0.0,0.0,0.0,gcb,owid,owid,0.0,1.0,0.0,False,False,False
East Timor,TLS,2012,1134891.0,0.591,0.521,0.157,36.278,0.291,0.0,0.0,0.0,0.0,gcb,owid,owid,0.0,1.0,0.0,False,False,False
East Timor,TLS,2013,1158697.0,0.62,0.535,0.029,4.849,0.353,0.0,0.0,0.0,0.0,gcb,owid,owid,0.0,1.0,0.0,False,False,False
East Timor,TLS,2014,1181913.0,0.627,0.531,0.007,1.147,0.44,0.0,0.0,0.0,0.0,gcb,owid,owid,0.0,1.0,0.0,False,False,False
East Timor,TLS,2015,1205133.0,0.59,0.49,-0.037,-5.844,0.429,0.0,0.0,0.0,0.0,gcb,owid,owid,0.0,1.0,0.0,False,False,False
East Timor,TLS,2016,1228314.0,0.643,0.523,0.053,8.898,0.509,0.0,0.0,0.0,0.0,gcb,owid,owid,0.0,1.0,0.0,False,False,False
East Timor,TLS,2017,1251711.0,0.693,0.554,0.05,7.758,0.553,0.0,0.0,0.0,0.0,gcb,owid,owid,0.0,1.0,0.0,False,False,False
East Timor,TLS,2018,1275962.0,0.617,0.484,-0.076,-10.944,0.498,0.0,0.0,0.0,0.0,gcb,owid,owid,0.0,1.0,0.0,False,False,False
East Timor,TLS,2019,1300946.0,0.675,0.519,0.058,9.466,0.605,0.0,0.0,0.0,0.0,gcb,owid,owid,0.0,1.0,0.0,False,False,False
East Timor,TLS,2020,1326051.0,0.646,0.487,-0.029,-4.342,0.586,0.0,0.0,0.0,0.0,gcb,owid,owid,0.0,1.0,0.0,False,False,False
East Timor,TLS,2021,1350142.0,0.62,0.459,-0.026,-4.015,0.572,0.0,0.0,0.0,0.0,gcb,owid,owid,0.0,1.0,0.0,False,False,False
Ecuador,ECU,1992,10930128.0,21.998,2.013,5.799,35.8,19.138,0.0,0.465,0.0,0.465,gcb,owid,owid,0.0,0.9762791409478141,0.023720859052185888,False,False,False
Ecuador,ECU,1993,11154283.0,24.121,2.163,2.124,9.655,21.119,0.0,0.535,0.0,0.535,gcb,owid,owid,0.0,0.9752932483605801,0.02470675163941997,False,False,False
Ecuador,ECU,1994,11372197.0,14.338,1.261,-9.783,-40.558,10.648,0.0,0.484,0.0,0.484,gcb,owid,owid,0.0,0.9565217391304348,0.043478260869565216,False,False,False
Ecuador,ECU,1995,11590519.0,23.534,2.03,9.195,64.13,19.558,0.0,0.465,0.0,0.465,gcb,owid,owid,0.0,0.9767767067871947,0.023223293212805276,False,False,False
Ecuador,ECU,1996,11810954.0,25.337,2.145,1.804,7.664,20.863,0.0,0.495,0.0,0.495,gcb,owid,owid,0.0,0.9768236726285232,0.023176327371476728,False,False,False
Ecuador,ECU,1997,12031129.0,19.461,1.618,-5.876,-23.191,15.253,0.0,0.451,0.0,0.451,gcb,owid,owid,0.0,0.9712812022414671,0.02871879775853286,False,False,False
Ecuador,ECU,1998,12251188.0,23.117,1.887,3.655,18.782,19.28,0.0,0.462,0.0,0.462,gcb,owid,owid,0.0,0.9765981156924324,0.023401884307567622,False,False,False
Ecuador,ECU,1999,12470800.0,21.997,1.764,-1.12,-4.844,18.478,0.0,0.432,0.0,0.432,gcb,owid,owid,0.0,0.9771549444738235,0.022845055526176626,False,False,False
Ecuador,ECU,2000,12689215.0,20.949,1.651,-1.048,-4.763,17.324,0.0,0.473,0.0,0.473,gcb,owid,owid,0.0,0.9734224869360005,0.02657751306399955,False,False,False
Ecuador,ECU,2001,12910736.0,23.436,1.815,2.487,11.87,19.647,0.0,0.48,0.0,0.48,gcb,owid,owid,0.0,0.9761514383663735,0.02384856163362647,False,False,False
Ecuador,ECU,2002,13138473.0,24.861,1.892,1.425,6.082,21.233,0.0,0.476,0.0,0.476,gcb,owid,owid,0.0,0.9780736100234926,0.02192638997650744,False,False,False
Ecuador,ECU,2003,13372304.0,27.113,2.028,2.251,9.055,22.871,0.0,0.931,0.0,0.931,gcb,owid,owid,0.0,0.9608856398621964,0.03911436013780355,False,False,False
Ecuador,ECU,2004,13608700.0,29.31,2.154,2.198,8.106,24.659,0.0,1.136,0.0,1.136,gcb,owid,owid,0.0,0.9559604574529947,0.044039542547005234,False,False,False
Ecuador,ECU,2005,13846162.0,30.652,2.214,1.341,4.577,26.007,0.0,0.894,0.0,0.894,gcb,owid,owid,0.0,0.9667670346827256,0.03323296531727445,False,False,False
Ecuador,ECU,2006,14086138.0,29.781,2.114,-0.871,-2.841,24.918,0.0,0.956,0.0,0.956,gcb,owid,owid,0.0,0.9630517121434645,0.03694828785653552,False,False,False
Ecuador,ECU,2007,14328783.0,34.393,2.4,4.612,15.485,29.312,0.0,1.022,0.0,1.022,gcb,owid,owid,0.0,0.9663084327816972,0.033691567218302895,False,False,False
Ecuador,ECU,2008,14575201.0,30.488,2.092,-3.905,-11.354,24.915,0.0,0.931,0.0,0.931,gcb,owid,owid,0.0,0.9639789522556681,0.03602104774433181,False,False,False
Ecuador,ECU,2009,14825960.0,33.815,2.281,3.327,10.913,27.971,0.0,1.099,0.0,1.099,gcb,owid,owid,0.0,0.9621947024423805,0.037805297557619535,False,False,False
Ecuador,ECU,2010,15076697.0,36.469,2.419,2.655,7.851,30.331,0.0,1.158,0.0,1.158,gcb,owid,owid,0.0,0.9632252532630442,0.03677474673695576,False,False,False
Ecuador,ECU,2011,15326232.0,38.48,2.511,2.011,5.514,32.873,0.0,1.048,0.0,1.048,gcb,owid,owid,0.0,0.969104684413785,0.03089531558621503,False,False,False
Ecuador,ECU,2012,15572195.0,37.493,2.408,-0.988,-2.567,32.148,0.0,1.4,0.0,1.4,gcb,owid,owid,0.0,0.9582687492547991,0.0417312507452009,False,False,False
Ecuador,ECU,2013,15807132.0,39.685,2.511,2.192,5.847,33.973,0.0,1.59,0.0,1.59,gcb,owid,owid,0.0,0.9552906110283158,0.044709388971684055,False,False,False
Ecuador,ECU,2014,16035127.0,43.76,2.729,4.075,10.268,37.614,0.0,1.631,0.0,1.631,gcb,owid,owid,0.0,0.9584405656771563,0.041559434322843675,False,False,False
Ecuador,ECU,2015,16266229.0,41.298,2.539,-2.462,-5.626,35.442,0.0,1.535,0.0,1.535,gcb,owid,owid,0.0,0.9584877085756012,0.04151229142439895,False,False,False
Ecuador,ECU,2016,16505142.0,39.375,2.386,-1.923,-4.657,33.474,0.0,1.652,0.0,1.652,gcb,owid,owid,0.0,0.9529693104822639,0.04703068951773615,False,False,False
Ecuador,ECU,2017,16759515.0,39.196,2.339,-0.179,-0.454,33.387,0.0,1.535,0.0,1.535,gcb,owid,owid,0.0,0.9560449000629976,0.043955099937002466,False,False,False
Ecuador,ECU,2018,17049542.0,38.451,2.255,-0.745,-1.9,33.155,0.0,1.356,0.0,1.356,gcb,owid,owid,0.0,0.9607081800005794,0.039291819999420476,False,False,False
Ecuador,ECU,2019,17340017.0,40.083,2.312,1.631,4.243,34.933,0.0,1.213,0.0,1.213,gcb,owid,owid,0.0,0.9664416532949703,0.03355834670502961,False,False,False
Ecuador,ECU,2020,17546058.0,32.473,1.851,-7.609,-18.984,27.465,0.0,1.03,0.0,1.03,gcb,owid,owid,0.0,0.9638533075978242,0.03614669240217582,False,False,False
Ecuador,ECU,2021,17682454.0,38.185,2.159,5.712,17.589,32.668,0.0,1.085,0.0,1.085,gcb,owid,owid,0.0,0.9678547092110331,0.032145290788966906,False,False,False
Egypt,EGY,1992,61480663.0,77.419,1.259,2.973,3.993,53.132,2.59,16.118,2.59,16.118,owid,owid,owid,0.03605233853006682,0.7395879732739422,0.2243596881959911,False,False,False
Egypt,EGY,1993,62915681.0,90.835,1.444,13.415,17.328,62.757,3.415,18.511,3.415,18.511,owid,owid,owid,0.04032686607701664,0.7410814449181063,0.21859168900487702,False,False,False
Egypt,EGY,1994,64285596.0,87.483,1.361,-3.352,-3.69,53.089,3.693,20.158,3.693,20.158,owid,owid,owid,0.04799844034312452,0.6900051988562517,0.2619963608006239,False,False,False
Egypt,EGY,1995,65652621.0,97.968,1.492,10.485,11.985,58.104,2.451,26.011,2.451,26.011,owid,owid,owid,0.028313656631934015,0.6712104059330453,0.30047593743502066,False,False,False
Egypt,EGY,1996,67028045.0,97.042,1.448,-0.926,-0.945,53.652,3.43,27.707,3.43,27.707,owid,owid,owid,0.040453360695373225,0.6327707603580653,0.32677587894656146,False,False,False
Egypt,EGY,1997,68431738.0,110.934,1.621,13.892,14.315,70.384,2.851,25.063,2.851,25.063,owid,owid,owid,0.02900364198661214,0.716026775722802,0.25496958229058575,False,False,False
Egypt,EGY,1998,69943297.0,124.256,1.777,13.322,12.009,82.594,2.792,26.293,2.792,26.293,owid,owid,owid,0.02500022385587263,0.7395660777764843,0.23543369836764297,False,False,False
Egypt,EGY,1999,71520953.0,126.987,1.776,2.731,2.198,79.54,2.506,31.625,2.506,31.625,owid,owid,owid,0.02204608035470788,0.6997387196382543,0.27821520000703787,False,False,False
Egypt,EGY,2000,73083287.0,142.837,1.954,15.85,12.481,85.32,3.144,40.718,3.144,40.718,owid,owid,owid,0.024337756034122398,0.6604635320710315,0.315198711894846,False,False,False
Egypt,EGY,2001,74652035.0,126.372,1.693,-16.465,-11.527,66.434,2.748,43.361,2.748,43.361,owid,owid,owid,0.0244173338190736,0.590298819118026,0.38528384706290036,False,False,False
Egypt,EGY,2002,76239140.0,128.362,1.684,1.99,1.575,57.133,2.957,52.97,2.957,52.97,owid,owid,owid,0.02615425437820626,0.5053334512648151,0.46851229435697855,False,False,False
Egypt,EGY,2003,77853548.0,149.954,1.926,21.592,16.821,73.293,3.063,58.212,3.063,58.212,owid,owid,owid,0.022761726413411804,0.5446540039236668,0.43258426966292135,False,False,False
Egypt,EGY,2004,79477441.0,151.917,1.911,1.963,1.309,75.638,3.191,57.625,3.191,57.625,owid,owid,owid,0.023385170093951073,0.5543113430166943,0.42230348688935465,False,False,False
Egypt,EGY,2005,81101012.0,166.934,2.058,15.017,9.885,79.21,3.067,68.622,3.067,68.622,owid,owid,owid,0.02032485304740257,0.5249206422839117,0.45475450466868567,False,False,False
Egypt,EGY,2006,82700404.0,178.389,2.157,11.455,6.862,83.689,2.928,73.833,2.928,73.833,owid,owid,owid,0.018248675599875353,0.5215892801495793,0.46016204425054535,False,False,False
Egypt,EGY,2007,84276224.0,189.201,2.245,10.812,6.061,84.763,2.917,81.128,2.917,81.128,owid,owid,owid,0.017279986730486706,0.5021266764608313,0.48059333680868205,False,False,False
Egypt,EGY,2008,85864791.0,195.86,2.281,6.659,3.519,92.404,2.854,83.31,2.854,83.31,owid,owid,owid,0.015982706867971867,0.5174723354688411,0.4665449576631872,False,False,False
Egypt,EGY,2009,87501635.0,205.243,2.346,9.383,4.791,98.338,2.689,81.788,2.689,81.788,owid,owid,owid,0.014708858682274431,0.5379099089243223,0.44738123239340316,False,False,False
Egypt,EGY,2010,89196073.0,202.704,2.273,-2.539,-1.237,95.594,4.126,81.949,4.126,81.949,owid,owid,owid,0.022711634896432527,0.5261987460711514,0.4510896190324161,False,False,False
Egypt,EGY,2011,91093066.0,221.675,2.434,18.971,9.359,106.393,1.7,92.679,1.7,92.679,owid,owid,owid,0.008467316159623851,0.5299195106887414,0.4616131731516347,False,False,False
Egypt,EGY,2012,93161000.0,212.524,2.281,-9.151,-4.128,97.477,1.803,92.919,1.803,92.919,owid,owid,owid,0.009380902085858926,0.5071670508171219,0.48345204709701917,False,False,False
Egypt,EGY,2013,95333551.0,219.087,2.298,6.562,3.088,103.374,1.7,90.4,1.7,90.4,owid,owid,owid,0.008696808782753716,0.5288375947696369,0.46246559644760943,False,False,False
Egypt,EGY,2014,97528655.0,227.254,2.33,8.168,3.728,118.497,1.495,81.7,1.495,81.7,owid,owid,owid,0.007412292009598795,0.5875146262618249,0.40507308172857626,False,False,False
Egypt,EGY,2015,99597334.0,226.654,2.276,-0.6,-0.264,111.266,1.345,84.152,1.345,84.152,owid,owid,owid,0.006835634748402901,0.5654823315359087,0.4276820337156884,False,False,False
Egypt,EGY,2016,101644583.0,245.164,2.412,18.51,8.166,118.243,1.608,94.823,1.608,94.823,owid,owid,owid,0.007490427345649684,0.5508026123331191,0.4417069603212313,False,False,False
Egypt,EGY,2017,103696055.0,253.364,2.443,8.2,3.345,108.447,6.507,108.407,6.507,108.407,owid,owid,owid,0.029132211979709974,0.48552343515654034,0.4853443528637497,False,False,False
Egypt,EGY,2018,105682092.0,241.903,2.289,-11.461,-4.523,97.802,13.007,102.697,13.007,102.697,owid,owid,owid,0.060921004561932675,0.4580761196406658,0.4810028757974014,False,False,False
Egypt,EGY,2019,107553159.0,234.06,2.176,-7.843,-3.242,76.284,10.124,120.52,10.124,120.52,owid,owid,owid,0.04892523003170185,0.3686499652052888,0.5824248047630094,False,False,False
Egypt,EGY,2020,109315118.0,246.323,2.253,12.263,5.239,98.241,5.401,116.631,5.401,116.631,owid,owid,owid,0.024519573438415057,0.4459965588156515,0.5294838677459335,False,False,False
Egypt,EGY,2021,110957005.0,266.839,2.405,20.516,8.329,104.622,8.702,122.938,8.702,122.938,owid,owid,owid,0.03683199160254294,0.4428219519008558,0.5203460564966013,False,False,False
El Salvador,SLV,1992,5585611.0,3.313,0.593,0.163,5.189,3.136,0.0,0.0,0.0,0.0,gcb,gcb,owid,0.0,1.0,0.0,False,False,False
El Salvador,SLV,1993,5659959.0,3.966,0.701,0.653,19.721,3.602,0.004,0.0,0.004,0.0,owid,gcb,owid,0.0011092623405435386,0.9988907376594565,0.0,False,False,False
El Salvador,SLV,1994,5714138.0,4.502,0.788,0.536,13.511,4.144,0.004,0.0,0.004,0.0,owid,gcb,owid,0.0009643201542912248,0.9990356798457088,0.0,False,False,False
El Salvador,SLV,1995,5762135.0,4.986,0.865,0.484,10.746,4.613,0.004,0.0,0.004,0.0,owid,gcb,owid,0.0008663634394628547,0.9991336365605372,0.0,False,False,False
El Salvador,SLV,1996,5805286.0,4.4,0.758,-0.586,-11.757,4.005,0.004,0.0,0.004,0.0,owid,gcb,owid,0.0009977550511349464,0.9990022449488651,0.0,False,False,False
El Salvador,SLV,1997,5844578.0,5.398,0.924,0.999,22.695,4.976,0.004,0.0,0.004,0.0,owid,gcb,owid,0.0008032128514056226,0.9991967871485945,0.0,False,False,False
El Salvador,SLV,1998,5880786.0,5.711,0.971,0.313,5.798,5.272,0.004,0.0,0.004,0.0,owid,gcb,owid,0.000758150113722517,0.9992418498862775,0.0,False,False,False
El Salvador,SLV,1999,5913908.0,5.567,0.941,-0.144,-2.527,5.144,0.004,0.0,0.004,0.0,owid,gcb,owid,0.0007770007770007771,0.9992229992229993,0.0,False,False,False
El Salvador,SLV,2000,5943363.0,5.648,0.95,0.081,1.451,5.214,0.004,0.0,0.004,0.0,owid,gcb,owid,0.0007665772326561902,0.999233422767344,0.0,False,False,False
El Salvador,SLV,2001,5968058.0,5.829,0.977,0.182,3.217,5.357,0.004,0.0,0.004,0.0,owid,gcb,owid,0.0007461294534601754,0.9992538705465399,0.0,False,False,False
El Salvador,SLV,2002,5986629.0,6.036,1.008,0.206,3.539,5.514,0.0,0.0,0.0,0.0,owid,gcb,owid,0.0,1.0,0.0,False,False,False
El Salvador,SLV,2003,5998597.0,6.396,1.066,0.36,5.972,5.851,0.004,0.0,0.004,0.0,owid,gcb,owid,0.0006831767719897524,0.9993168232280103,0.0,False,False,False
El Salvador,SLV,2004,6004673.0,6.216,1.035,-0.18,-2.815,5.727,0.004,0.0,0.004,0.0,owid,gcb,owid,0.0006979584714709475,0.9993020415285291,0.0,False,False,False
El Salvador,SLV,2005,6005583.0,6.262,1.043,0.046,0.734,5.83,0.004,0.0,0.004,0.0,owid,gcb,owid,0.0006856359273225917,0.9993143640726775,0.0,False,False,False
El Salvador,SLV,2006,6002321.0,6.689,1.114,0.428,6.832,6.181,0.004,0.0,0.004,0.0,owid,gcb,owid,0.0006467259498787389,0.9993532740501213,0.0,False,False,False
El Salvador,SLV,2007,6009820.0,6.819,1.135,0.13,1.937,6.321,0.004,0.0,0.004,0.0,owid,gcb,owid,0.000632411067193676,0.9993675889328064,0.0,False,False,False
El Salvador,SLV,2008,6029302.0,6.375,1.057,-0.444,-6.515,5.885,0.004,0.0,0.004,0.0,owid,gcb,owid,0.0006792324673119376,0.9993207675326882,0.0,False,False,False
El Salvador,SLV,2009,6048284.0,6.283,1.039,-0.092,-1.441,5.83,0.004,0.0,0.004,0.0,owid,gcb,owid,0.0006856359273225917,0.9993143640726775,0.0,False,False,False
El Salvador,SLV,2010,6068253.0,6.287,1.036,0.004,0.064,5.808,0.004,0.0,0.004,0.0,owid,gcb,owid,0.0006882312456985548,0.9993117687543015,0.0,False,False,False
El Salvador,SLV,2011,6090128.0,6.467,1.062,0.18,2.861,5.98,0.004,0.0,0.004,0.0,owid,gcb,owid,0.0006684491978609626,0.9993315508021391,0.0,False,False,False
El Salvador,SLV,2012,6113977.0,6.436,1.053,-0.03,-0.468,5.932,0.004,0.0,0.004,0.0,owid,gcb,owid,0.0006738544474393531,0.9993261455525607,0.0,False,False,False
El Salvador,SLV,2013,6138845.0,6.058,0.987,-0.378,-5.879,5.625,0.004,0.0,0.004,0.0,owid,gcb,owid,0.0007106057914372003,0.9992893942085629,0.0,False,False,False
El Salvador,SLV,2014,6162952.0,6.12,0.993,0.062,1.026,5.76,0.004,0.0,0.004,0.0,owid,gcb,owid,0.0006939625260235948,0.9993060374739765,0.0,False,False,False
El Salvador,SLV,2015,6183675.0,6.637,1.073,0.517,8.446,6.28,0.004,0.0,0.004,0.0,owid,gcb,owid,0.0006365372374283896,0.9993634627625717,0.0,False,False,False
El Salvador,SLV,2016,6200808.0,6.572,1.06,-0.065,-0.981,6.254,0.004,0.0,0.004,0.0,owid,gcb,owid,0.0006391818472355386,0.9993608181527646,0.0,False,False,False
El Salvador,SLV,2017,6213538.0,5.942,0.956,-0.63,-9.592,5.621,0.0,0.0,0.0,0.0,owid,gcb,owid,0.0,1.0,0.0,False,False,False
El Salvador,SLV,2018,6219803.0,6.452,1.037,0.511,8.592,6.064,0.0,0.0,0.0,0.0,owid,gcb,owid,0.0,1.0,0.0,False,False,False
El Salvador,SLV,2019,6222316.0,7.634,1.227,1.182,18.319,7.178,0.0,0.0,0.0,0.0,owid,gcb,owid,0.0,1.0,0.0,False,False,False
El Salvador,SLV,2020,6234679.0,6.135,0.984,-1.499,-19.639,5.778,0.0,0.0,0.0,0.0,owid,gcb,owid,0.0,1.0,0.0,False,False,False
El Salvador,SLV,2021,6255780.0,6.977,1.115,0.842,13.722,6.595,0.0,0.0,0.0,0.0,owid,owid,owid,0.0,1.0,0.0,False,False,False
Equatorial Guinea,GNQ,1992,510775.0,0.066,0.129,0.0,0.0,0.066,0.0,0.0,0.0,0.0,gcb,gcb,owid,0.0,1.0,0.0,False,False,False
Equatorial Guinea,GNQ,1993,530030.0,0.07,0.131,0.004,5.556,0.07,0.0,0.0,0.0,0.0,gcb,gcb,owid,0.0,1.0,0.0,False,False,False
Equatorial Guinea,GNQ,1994,550148.0,1.149,2.089,1.08,1550.845,0.073,0.0,0.0,0.0,0.0,gcb,gcb,owid,0.0,1.0,0.0,False,False,False
Equatorial Guinea,GNQ,1995,571274.0,1.223,2.142,0.074,6.451,0.081,0.0,0.0,0.0,0.0,gcb,gcb,owid,0.0,1.0,0.0,False,False,False
Equatorial Guinea,GNQ,1996,593496.0,1.359,2.29,0.136,11.101,0.132,0.0,0.0,0.0,0.0,gcb,gcb,owid,0.0,1.0,0.0,False,False,False
Equatorial Guinea,GNQ,1997,616897.0,1.975,3.201,0.616,45.288,0.304,0.0,0.0,0.0,0.0,gcb,gcb,owid,0.0,1.0,0.0,False,False,False
Equatorial Guinea,GNQ,1998,641478.0,2.295,3.578,0.32,16.217,0.22,0.0,0.037,0.0,0.037,gcb,owid,owid,0.0,0.8560311284046692,0.14396887159533073,False,False,False
Equatorial Guinea,GNQ,1999,667222.0,2.511,3.763,0.216,9.394,0.292,0.0,0.037,0.0,0.037,gcb,owid,owid,0.0,0.8875379939209727,0.11246200607902736,False,False,False
Equatorial Guinea,GNQ,2000,703287.0,2.699,3.838,0.189,7.514,0.374,0.0,0.059,0.0,0.059,gcb,owid,owid,0.0,0.8637413394919169,0.13625866050808313,False,False,False
Equatorial Guinea,GNQ,2001,749836.0,3.091,4.122,0.392,14.513,0.454,0.0,0.037,0.0,0.037,gcb,owid,owid,0.0,0.924643584521385,0.07535641547861507,False,False,False
Equatorial Guinea,GNQ,2002,797968.0,2.765,3.465,-0.326,-10.543,0.616,0.0,0.191,0.0,0.191,gcb,owid,owid,0.0,0.7633209417596035,0.23667905824039656,False,False,False
Equatorial Guinea,GNQ,2003,847867.0,3.13,3.691,0.365,13.187,0.799,0.0,0.191,0.0,0.191,gcb,owid,owid,0.0,0.8070707070707072,0.19292929292929292,False,False,False
Equatorial Guinea,GNQ,2004,899924.0,6.137,6.82,3.008,96.097,1.118,0.0,2.495,0.0,2.495,gcb,owid,owid,0.0,0.30943814004982007,0.6905618599501798,False,False,False
Equatorial Guinea,GNQ,2005,947370.0,6.206,6.551,0.069,1.118,1.162,0.0,2.496,0.0,2.496,gcb,owid,owid,0.0,0.31765992345544014,0.6823400765445599,False,False,False
Equatorial Guinea,GNQ,2006,990349.0,6.172,6.233,-0.034,-0.542,1.209,0.0,2.495,0.0,2.495,gcb,owid,owid,0.0,0.3264038876889849,0.6735961123110151,False,False,False
Equatorial Guinea,GNQ,2007,1036053.0,5.711,5.513,-0.461,-7.469,1.238,0.0,1.924,0.0,1.924,gcb,owid,owid,0.0,0.39152435167615435,0.6084756483238457,False,False,False
Equatorial Guinea,GNQ,2008,1084538.0,5.926,5.464,0.214,3.75,1.235,0.0,2.341,0.0,2.341,gcb,owid,owid,0.0,0.3453579418344519,0.6546420581655481,False,False,False
Equatorial Guinea,GNQ,2009,1135683.0,4.883,4.3,-1.042,-17.59,1.197,0.0,1.666,0.0,1.666,gcb,owid,owid,0.0,0.41809290953545236,0.5819070904645477,False,False,False
Equatorial Guinea,GNQ,2010,1189097.0,6.377,5.363,1.493,30.582,1.202,0.0,3.048,0.0,3.048,gcb,owid,owid,0.0,0.2828235294117647,0.7171764705882353,False,False,False
Equatorial Guinea,GNQ,2011,1241843.0,6.067,4.885,-0.31,-4.856,1.221,0.0,3.16,0.0,3.16,gcb,owid,owid,0.0,0.278703492353344,0.721296507646656,False,False,False
Equatorial Guinea,GNQ,2012,1293485.0,6.875,5.315,0.808,13.32,1.26,0.0,4.367,0.0,4.367,gcb,owid,owid,0.0,0.2239203838635152,0.7760796161364848,False,False,False
Equatorial Guinea,GNQ,2013,1346220.0,8.168,6.068,1.293,18.812,1.253,0.0,5.644,0.0,5.644,gcb,owid,owid,0.0,0.1816731912425692,0.8183268087574308,False,False,False
Equatorial Guinea,GNQ,2014,1399829.0,7.641,5.459,-0.527,-6.453,1.272,0.0,5.131,0.0,5.131,gcb,owid,owid,0.0,0.19865687958769326,0.8013431204123067,False,False,False
Equatorial Guinea,GNQ,2015,1453925.0,7.01,4.821,-0.631,-8.263,1.276,0.0,4.648,0.0,4.648,gcb,owid,owid,0.0,0.21539500337609727,0.7846049966239028,False,False,False
Equatorial Guinea,GNQ,2016,1508192.0,7.538,4.998,0.528,7.529,1.216,0.0,5.454,0.0,5.454,gcb,owid,owid,0.0,0.1823088455772114,0.8176911544227886,False,False,False
Equatorial Guinea,GNQ,2017,1562401.0,6.816,4.362,-0.722,-9.58,1.124,0.0,5.117,0.0,5.117,gcb,owid,owid,0.0,0.18009934305399777,0.8199006569460023,False,False,False
Equatorial Guinea,GNQ,2018,1616425.0,7.034,4.352,0.219,3.209,1.066,0.0,5.349,0.0,5.349,gcb,owid,owid,0.0,0.1661730319563523,0.8338269680436478,False,False,False
Equatorial Guinea,GNQ,2019,1670184.0,5.514,3.301,-1.521,-21.618,1.096,0.0,3.884,0.0,3.884,gcb,owid,owid,0.0,0.22008032128514057,0.7799196787148593,False,False,False
Equatorial Guinea,GNQ,2020,1716479.0,6.39,3.722,0.876,15.885,0.971,0.0,4.606,0.0,4.606,gcb,owid,owid,0.0,0.17410794333871257,0.8258920566612874,False,False,False
Equatorial Guinea,GNQ,2021,1758796.0,7.088,4.03,0.698,10.925,0.975,0.0,5.634,0.0,5.634,gcb,owid,owid,0.0,0.147526100771675,0.8524738992283251,False,False,False
Eritrea,ERI,1995,2025273.0,0.79,0.39,0.083,11.682,0.769,0.0,0.0,0.0,0.0,gcb,gcb,owid,0.0,1.0,0.0,False,False,False
Eritrea,ERI,1996,2128464.0,0.862,0.405,0.072,9.12,0.843,0.0,0.0,0.0,0.0,gcb,gcb,owid,0.0,1.0,0.0,False,False,False
Eritrea,ERI,1997,2152146.0,0.768,0.357,-0.094,-10.869,0.744,0.0,0.0,0.0,0.0,gcb,gcb,owid,0.0,1.0,0.0,False,False,False
Eritrea,ERI,1998,2180423.0,0.586,0.269,-0.182,-23.692,0.568,0.0,0.0,0.0,0.0,gcb,gcb,owid,0.0,1.0,0.0,False,False,False
Eritrea,ERI,1999,2212785.0,0.615,0.278,0.029,4.996,0.597,0.0,0.0,0.0,0.0,gcb,gcb,owid,0.0,1.0,0.0,False,False,False
Eritrea,ERI,2000,2247036.0,0.604,0.269,-0.011,-1.791,0.586,0.0,0.0,0.0,0.0,gcb,gcb,owid,0.0,1.0,0.0,False,False,False
Eritrea,ERI,2001,2312083.0,0.637,0.276,0.033,5.444,0.619,0.0,0.0,0.0,0.0,gcb,gcb,owid,0.0,1.0,0.0,False,False,False
Eritrea,ERI,2002,2392981.0,0.509,0.213,-0.128,-20.133,0.491,0.0,0.0,0.0,0.0,gcb,gcb,owid,0.0,1.0,0.0,False,False,False
Eritrea,ERI,2003,2493906.0,0.78,0.313,0.271,53.252,0.762,0.0,0.0,0.0,0.0,gcb,gcb,owid,0.0,1.0,0.0,False,False,False
Eritrea,ERI,2004,2598288.0,0.633,0.244,-0.147,-18.797,0.616,0.0,0.0,0.0,0.0,gcb,gcb,owid,0.0,1.0,0.0,False,False,False
Eritrea,ERI,2005,2661215.0,0.586,0.22,-0.048,-7.531,0.568,0.0,0.0,0.0,0.0,gcb,gcb,owid,0.0,1.0,0.0,False,False,False
Eritrea,ERI,2006,2703501.0,0.454,0.168,-0.132,-22.547,0.436,0.0,0.0,0.0,0.0,gcb,gcb,owid,0.0,1.0,0.0,False,False,False
Eritrea,ERI,2007,2743226.0,0.424,0.155,-0.03,-6.514,0.407,0.0,0.0,0.0,0.0,gcb,gcb,owid,0.0,1.0,0.0,False,False,False
Eritrea,ERI,2008,2816331.0,0.398,0.141,-0.026,-6.074,0.381,0.0,0.0,0.0,0.0,gcb,gcb,owid,0.0,1.0,0.0,False,False,False
Eritrea,ERI,2009,2887887.0,0.446,0.154,0.048,11.962,0.429,0.0,0.0,0.0,0.0,gcb,gcb,owid,0.0,1.0,0.0,False,False,False
Eritrea,ERI,2010,2945184.0,0.468,0.159,0.022,4.934,0.451,0.0,0.0,0.0,0.0,gcb,gcb,owid,0.0,1.0,0.0,False,False,False
Eritrea,ERI,2011,2998493.0,0.578,0.193,0.11,23.459,0.517,0.0,0.0,0.0,0.0,gcb,gcb,owid,0.0,1.0,0.0,False,False,False
Eritrea,ERI,2012,3036998.0,0.608,0.2,0.03,5.263,0.52,0.0,0.0,0.0,0.0,gcb,gcb,owid,0.0,1.0,0.0,False,False,False
Eritrea,ERI,2013,3074367.0,0.57,0.185,-0.039,-6.366,0.48,0.0,0.0,0.0,0.0,gcb,gcb,owid,0.0,1.0,0.0,False,False,False
Eritrea,ERI,2014,3095168.0,0.569,0.184,-0.0,-0.071,0.48,0.0,0.0,0.0,0.0,gcb,gcb,owid,0.0,1.0,0.0,False,False,False
Eritrea,ERI,2015,3105554.0,0.557,0.18,-0.012,-2.042,0.48,0.0,0.0,0.0,0.0,gcb,gcb,owid,0.0,1.0,0.0,False,False,False
Eritrea,ERI,2016,3124700.0,0.554,0.177,-0.003,-0.559,0.477,0.0,0.0,0.0,0.0,gcb,gcb,owid,0.0,1.0,0.0,False,False,False
Eritrea,ERI,2017,3150350.0,0.553,0.176,-0.001,-0.175,0.484,0.0,0.0,0.0,0.0,gcb,gcb,owid,0.0,1.0,0.0,False,False,False
Eritrea,ERI,2018,3192763.0,0.616,0.193,0.063,11.337,0.546,0.0,0.0,0.0,0.0,gcb,gcb,owid,0.0,1.0,0.0,False,False,False
Eritrea,ERI,2019,3240194.0,0.645,0.199,0.028,4.617,0.575,0.0,0.0,0.0,0.0,gcb,gcb,owid,0.0,1.0,0.0,False,False,False
Eritrea,ERI,2020,3291277.0,0.641,0.195,-0.004,-0.569,0.579,0.0,0.0,0.0,0.0,gcb,gcb,owid,0.0,1.0,0.0,False,False,False
Eritrea,ERI,2021,3350185.0,0.682,0.203,0.041,6.354,0.612,0.0,0.0,0.0,0.0,gcb,gcb,owid,0.0,1.0,0.0,False,False,False
Estonia,EST,1992,1540214.0,24.413,15.85,-9.722,-28.482,4.632,17.796,1.605,17.796,1.605,owid,owid,owid,0.7404818374734741,0.19273498938958933,0.06678317313693671,False,False,False
Estonia,EST,1993,1504344.0,19.433,12.918,-4.98,-20.399,4.793,13.589,0.802,13.589,0.802,owid,owid,owid,0.7083507089241035,0.24984361968306923,0.04180567139282736,False,False,False
Estonia,EST,1994,1475716.0,20.039,13.579,0.606,3.117,4.453,14.118,1.118,14.118,1.118,owid,owid,owid,0.7170501295139418,0.22616689522068162,0.05678297526537661,False,False,False
Estonia,EST,1995,1452774.0,18.053,12.427,-1.985,-9.908,3.485,12.916,1.284,12.916,1.284,owid,owid,owid,0.7303364433135426,0.19705965507492226,0.07260390161153521,False,False,False
Estonia,EST,1996,1434655.0,19.033,13.267,0.979,5.425,3.779,13.451,1.42,13.451,1.42,owid,owid,owid,0.7212332439678285,0.20262734584450404,0.07613941018766757,False,False,False
Estonia,EST,1997,1421494.0,18.673,13.136,-0.36,-1.89,3.668,13.191,1.391,13.191,1.391,owid,owid,owid,0.7227945205479452,0.20098630136986304,0.07621917808219178,False,False,False
Estonia,EST,1998,1411206.0,16.933,11.999,-1.74,-9.319,3.637,11.5,1.332,11.5,1.332,owid,owid,owid,0.6982816200133584,0.22083915234683343,0.08087922763980812,False,False,False
Estonia,EST,1999,1403578.0,15.93,11.349,-1.004,-5.927,3.315,10.921,1.277,10.921,1.277,owid,owid,owid,0.7039902017662606,0.213691742409592,0.08231805582414749,False,False,False
Estonia,EST,2000,1397001.0,15.471,11.074,-0.459,-2.879,2.716,10.851,1.482,10.851,1.482,owid,owid,owid,0.7210445876802446,0.18047710811349593,0.09847830420625955,False,False,False
Estonia,EST,2001,1388174.0,15.87,11.432,0.399,2.579,3.166,10.679,1.594,10.679,1.594,owid,owid,owid,0.6916898762873244,0.20506509488956537,0.1032450288231103,False,False,False
Estonia,EST,2002,1379438.0,15.358,11.134,-0.512,-3.226,3.217,10.382,1.347,10.382,1.347,owid,owid,owid,0.6946340157901779,0.21524153619697578,0.09012444801284625,False,False,False
Estonia,EST,2003,1370849.0,17.251,12.584,1.893,12.324,3.158,12.172,1.528,12.172,1.528,owid,owid,owid,0.7220310831652628,0.18732945782417842,0.09063945901055878,False,False,False
Estonia,EST,2004,1362682.0,17.322,12.712,0.071,0.414,3.167,12.012,1.727,12.012,1.727,owid,owid,owid,0.7105169762214599,0.18732994203241454,0.10215308174612565,False,False,False
Estonia,EST,2005,1354847.0,17.09,12.614,-0.232,-1.341,3.196,11.745,1.727,11.745,1.727,owid,owid,owid,0.7046436285097192,0.19174466042716584,0.10361171106311497,False,False,False
Estonia,EST,2006,1346885.0,16.438,12.205,-0.652,-3.813,3.206,11.047,1.717,11.047,1.717,owid,owid,owid,0.6917345021916093,0.20075140889167187,0.10751408891671885,False,False,False
Estonia,EST,2007,1340709.0,19.93,14.866,3.492,21.245,3.31,14.258,1.711,14.258,1.711,owid,owid,owid,0.7395611805591578,0.17168940297733287,0.08874941646350953,False,False,False
Estonia,EST,2008,1337078.0,17.815,13.324,-2.116,-10.615,3.187,12.322,1.656,12.322,1.656,owid,owid,owid,0.7178561025342266,0.18566851150597144,0.09647538595980193,False,False,False
Estonia,EST,2009,1334528.0,14.405,10.794,-3.41,-19.14,2.901,10.022,1.199,10.022,1.199,owid,owid,owid,0.7096728508709814,0.2054241608837275,0.08490298824529104,False,False,False
Estonia,EST,2010,1331450.0,18.965,14.244,4.56,31.654,3.053,14.262,1.301,14.262,1.301,owid,owid,owid,0.7661151697464547,0.16399871078642028,0.06988611946712506,False,False,False
Estonia,EST,2011,1327366.0,18.948,14.275,-0.017,-0.088,3.145,14.182,1.164,14.182,1.164,owid,owid,owid,0.7669677140230381,0.17008274295603262,0.06294954302092909,False,False,False
Estonia,EST,2012,1322615.0,17.761,13.429,-1.187,-6.262,3.228,12.602,1.254,12.602,1.254,owid,owid,owid,0.7376492624678062,0.18894872395223603,0.07340201357995786,False,False,False
Estonia,EST,2013,1317920.0,19.634,14.898,1.872,10.542,3.206,14.532,1.194,14.532,1.194,owid,owid,owid,0.7675892668497782,0.16934291147263894,0.06306782167758293,False,False,False
Estonia,EST,2014,1314457.0,18.784,14.29,-0.85,-4.329,3.23,14.072,1.008,14.072,1.008,owid,owid,owid,0.7685417804478427,0.17640633533588204,0.055051884216275264,False,False,False
Estonia,EST,2015,1314580.0,15.78,12.004,-3.004,-15.994,3.333,11.271,0.903,11.271,0.903,owid,owid,owid,0.7268330431418069,0.21493519055910235,0.05823176629909073,False,False,False
Estonia,EST,2016,1315850.0,17.433,13.248,1.653,10.477,3.427,12.763,0.991,12.763,0.991,owid,owid,owid,0.7428554798905768,0.19946452476572957,0.05767999534369361,False,False,False
Estonia,EST,2017,1317430.0,18.616,14.131,1.183,6.787,3.435,13.877,0.912,13.877,0.912,owid,owid,owid,0.7614683933274803,0.18848770851624233,0.05004389815627744,False,False,False
Estonia,EST,2018,1321972.0,17.801,13.465,-0.815,-4.38,3.397,13.063,0.958,13.063,0.958,owid,owid,owid,0.7499712940636124,0.19502813181765988,0.05500057411872775,False,False,False
Estonia,EST,2019,1326822.0,12.288,9.261,-5.513,-30.968,3.255,7.776,0.882,7.776,0.882,owid,owid,owid,0.6527323092420046,0.2732309242004533,0.0740367665575422,False,False,False
Estonia,EST,2020,1329675.0,9.198,6.918,-3.09,-25.145,3.029,5.277,0.806,5.277,0.806,owid,owid,owid,0.579126426690079,0.3324187884108867,0.08845478489903423,False,False,False
Estonia,EST,2021,1331750.0,10.391,7.802,1.193,12.966,2.929,6.458,0.916,6.458,0.916,owid,owid,owid,0.6268077259050762,0.2842861302533242,0.08890614384159953,False,False,False
Eswatini,SWZ,1992,943426.0,0.832,0.882,-0.04,-4.622,0.567,0.265,0.0,0.265,0.0,owid,gcb,owid,0.3185096153846154,0.6814903846153846,0.0,False,False,False
Eswatini,SWZ,1993,971327.0,0.707,0.728,-0.125,-14.978,0.575,0.132,0.0,0.132,0.0,owid,gcb,owid,0.1867043847241867,0.8132956152758133,0.0,False,False,False
Eswatini,SWZ,1994,971221.0,1.077,1.109,0.37,52.332,0.594,0.484,0.0,0.484,0.0,owid,gcb,owid,0.44897959183673475,0.5510204081632654,0.0,False,False,False
Eswatini,SWZ,1995,970439.0,1.059,1.091,-0.018,-1.701,0.606,0.453,0.0,0.453,0.0,owid,gcb,owid,0.4277620396600567,0.5722379603399433,0.0,False,False,False
Eswatini,SWZ,1996,989847.0,0.788,0.796,-0.271,-25.606,0.447,0.341,0.0,0.341,0.0,owid,gcb,owid,0.43274111675126903,0.567258883248731,0.0,False,False,False
Eswatini,SWZ,1997,1006647.0,1.14,1.132,0.352,44.651,0.575,0.564,0.0,0.564,0.0,owid,gcb,owid,0.49517120280948207,0.5048287971905181,0.0,False,False,False
Eswatini,SWZ,1998,1019657.0,1.161,1.139,0.022,1.929,0.597,0.564,0.0,0.564,0.0,owid,gcb,owid,0.4857881136950904,0.5142118863049095,0.0,False,False,False
Eswatini,SWZ,1999,1030785.0,1.242,1.205,0.081,6.94,0.658,0.585,0.0,0.585,0.0,owid,gcb,owid,0.47063555913113436,0.5293644408688657,0.0,False,False,False
Eswatini,SWZ,2000,1041428.0,1.205,1.158,-0.037,-2.95,0.672,0.533,0.0,0.533,0.0,owid,gcb,owid,0.44232365145228214,0.5576763485477179,0.0,False,False,False
Eswatini,SWZ,2001,1051066.0,1.099,1.046,-0.106,-8.815,0.592,0.507,0.0,0.507,0.0,owid,gcb,owid,0.4613284804367607,0.5386715195632393,0.0,False,False,False
Eswatini,SWZ,2002,1059456.0,1.081,1.02,-0.018,-1.667,0.594,0.487,0.0,0.487,0.0,owid,gcb,owid,0.45050878815911194,0.5494912118408881,0.0,False,False,False
Eswatini,SWZ,2003,1066706.0,1.004,0.941,-0.077,-7.119,0.606,0.398,0.0,0.398,0.0,owid,gcb,owid,0.3964143426294821,0.603585657370518,0.0,False,False,False
Eswatini,SWZ,2004,1073170.0,1.004,0.935,0.0,0.0,0.61,0.393,0.0,0.393,0.0,owid,gcb,owid,0.3918245264207378,0.6081754735792622,0.0,False,False,False
Eswatini,SWZ,2005,1079022.0,1.015,0.941,0.011,1.095,0.634,0.381,0.0,0.381,0.0,owid,gcb,owid,0.37536945812807876,0.6246305418719211,0.0,False,False,False
Eswatini,SWZ,2006,1084442.0,1.015,0.936,0.0,0.0,0.629,0.386,0.0,0.386,0.0,owid,gcb,owid,0.38029556650246304,0.6197044334975369,0.0,False,False,False
Eswatini,SWZ,2007,1090713.0,1.044,0.957,0.029,2.888,0.641,0.403,0.0,0.403,0.0,owid,gcb,owid,0.38601532567049807,0.6139846743295019,0.0,False,False,False
Eswatini,SWZ,2008,1098098.0,1.019,0.928,-0.026,-2.456,0.606,0.413,0.0,0.413,0.0,owid,gcb,owid,0.4052993130520118,0.5947006869479883,0.0,False,False,False
Eswatini,SWZ,2009,1105158.0,1.055,0.955,0.037,3.597,0.674,0.381,0.0,0.381,0.0,owid,gcb,owid,0.3611374407582938,0.6388625592417061,0.0,False,False,False
Eswatini,SWZ,2010,1111651.0,0.997,0.897,-0.059,-5.556,0.628,0.369,0.0,0.369,0.0,owid,gcb,owid,0.3701103309929789,0.629889669007021,0.0,False,False,False
Eswatini,SWZ,2011,1117845.0,0.96,0.859,-0.037,-3.676,0.63,0.33,0.0,0.33,0.0,owid,gcb,owid,0.34375000000000006,0.65625,0.0,False,False,False
Eswatini,SWZ,2012,1123870.0,1.11,0.988,0.15,15.649,0.652,0.458,0.0,0.458,0.0,owid,gcb,owid,0.4126126126126126,0.5873873873873874,0.0,False,False,False
Eswatini,SWZ,2013,1130000.0,1.315,1.164,0.205,18.482,0.718,0.597,0.0,0.597,0.0,owid,gcb,owid,0.45399239543726233,0.5460076045627377,0.0,False,False,False
Eswatini,SWZ,2014,1136305.0,0.762,0.671,-0.553,-42.061,0.714,0.048,0.0,0.048,0.0,owid,gcb,owid,0.06299212598425197,0.9370078740157479,0.0,False,False,False
Eswatini,SWZ,2015,1142822.0,0.85,0.744,0.088,11.538,0.729,0.121,0.0,0.121,0.0,owid,gcb,owid,0.1423529411764706,0.8576470588235294,0.0,False,False,False
Eswatini,SWZ,2016,1149516.0,1.022,0.889,0.172,20.259,0.806,0.216,0.0,0.216,0.0,owid,gcb,owid,0.21135029354207435,0.7886497064579256,0.0,False,False,False
Eswatini,SWZ,2017,1158198.0,0.971,0.838,-0.051,-5.018,0.828,0.143,0.0,0.143,0.0,owid,gcb,owid,0.14727085478887744,0.8527291452111225,0.0,False,False,False
Eswatini,SWZ,2018,1168933.0,1.015,0.868,0.044,4.528,0.872,0.143,0.0,0.143,0.0,owid,gcb,owid,0.14088669950738916,0.8591133004926109,0.0,False,False,False
Eswatini,SWZ,2019,1179885.0,1.099,0.932,0.084,8.303,0.923,0.176,0.0,0.176,0.0,owid,gcb,owid,0.16014558689717925,0.8398544131028208,0.0,False,False,False
Eswatini,SWZ,2020,1192734.0,0.989,0.829,-0.11,-10.0,0.847,0.142,0.0,0.142,0.0,owid,gcb,owid,0.1435793731041456,0.8564206268958544,0.0,False,False,False
Eswatini,SWZ,2021,1206598.0,0.989,0.82,0.0,0.0,0.828,0.161,0.0,0.161,0.0,owid,gcb,owid,0.16279069767441862,0.8372093023255813,0.0,False,False,False
Ethiopia,ETH,1992,51853756.0,2.937,0.057,-0.022,-0.735,2.814,0.0,0.0,0.0,0.0,gcb,gcb,owid,0.0,1.0,0.0,False,False,False
Ethiopia,ETH,1993,53708892.0,2.994,0.056,0.057,1.937,2.851,0.0,0.0,0.0,0.0,gcb,gcb,owid,0.0,1.0,0.0,False,False,False
Ethiopia,ETH,1994,55611514.0,2.197,0.04,-0.796,-26.604,2.008,0.0,0.0,0.0,0.0,gcb,gcb,owid,0.0,1.0,0.0,False,False,False
Ethiopia,ETH,1995,57537340.0,2.506,0.044,0.309,14.052,2.257,0.0,0.0,0.0,0.0,gcb,gcb,owid,0.0,1.0,0.0,False,False,False
Ethiopia,ETH,1996,59467640.0,2.794,0.047,0.288,11.502,2.514,0.0,0.0,0.0,0.0,gcb,gcb,owid,0.0,1.0,0.0,False,False,False
Ethiopia,ETH,1997,61404541.0,2.98,0.049,0.186,6.656,2.675,0.0,0.0,0.0,0.0,gcb,gcb,owid,0.0,1.0,0.0,False,False,False
Ethiopia,ETH,1998,63363523.0,3.147,0.05,0.167,5.613,2.843,0.0,0.0,0.0,0.0,gcb,gcb,owid,0.0,1.0,0.0,False,False,False
Ethiopia,ETH,1999,65374561.0,3.094,0.047,-0.053,-1.689,2.836,0.0,0.0,0.0,0.0,gcb,gcb,owid,0.0,1.0,0.0,False,False,False
Ethiopia,ETH,2000,67411496.0,3.463,0.051,0.369,11.912,3.107,0.0,0.0,0.0,0.0,gcb,gcb,owid,0.0,1.0,0.0,False,False,False
Ethiopia,ETH,2001,69487767.0,4.265,0.061,0.802,23.152,3.902,0.0,0.0,0.0,0.0,gcb,gcb,owid,0.0,1.0,0.0,False,False,False
Ethiopia,ETH,2002,71635521.0,4.432,0.062,0.167,3.918,4.071,0.0,0.0,0.0,0.0,gcb,gcb,owid,0.0,1.0,0.0,False,False,False
Ethiopia,ETH,2003,73832664.0,4.87,0.066,0.439,9.896,4.419,0.0,0.0,0.0,0.0,gcb,gcb,owid,0.0,1.0,0.0,False,False,False
Ethiopia,ETH,2004,76077211.0,5.159,0.068,0.288,5.92,4.635,0.0,0.0,0.0,0.0,gcb,gcb,owid,0.0,1.0,0.0,False,False,False
Ethiopia,ETH,2005,78367476.0,4.956,0.063,-0.202,-3.924,4.335,0.0,0.0,0.0,0.0,gcb,gcb,owid,0.0,1.0,0.0,False,False,False
Ethiopia,ETH,2006,80703495.0,5.318,0.066,0.362,7.305,4.639,0.0,0.0,0.0,0.0,gcb,gcb,owid,0.0,1.0,0.0,False,False,False
Ethiopia,ETH,2007,83103218.0,5.84,0.07,0.521,9.804,5.21,0.0,0.0,0.0,0.0,gcb,gcb,owid,0.0,1.0,0.0,False,False,False
Ethiopia,ETH,2008,85543670.0,6.418,0.075,0.578,9.898,5.672,0.04,0.0,0.04,0.0,owid,gcb,owid,0.0070028011204481795,0.9929971988795518,0.0,False,False,False
Ethiopia,ETH,2009,88007641.0,6.453,0.073,0.036,0.559,5.693,0.11,0.0,0.11,0.0,owid,gcb,owid,0.01895571256246769,0.9810442874375322,0.0,False,False,False
Ethiopia,ETH,2010,90538518.0,6.344,0.07,-0.109,-1.693,5.58,0.132,0.0,0.132,0.0,owid,gcb,owid,0.023109243697478993,0.9768907563025211,0.0,False,False,False
Ethiopia,ETH,2011,93149977.0,7.355,0.079,1.011,15.93,6.163,0.396,0.0,0.396,0.0,owid,gcb,owid,0.060375057173349594,0.9396249428266504,0.0,False,False,False
Ethiopia,ETH,2012,95798771.0,7.988,0.083,0.634,8.614,6.108,0.524,0.0,0.524,0.0,owid,gcb,owid,0.07901085645355851,0.9209891435464415,0.0,False,False,False
Ethiopia,ETH,2013,98438752.0,9.744,0.099,1.755,21.973,7.317,0.678,0.0,0.678,0.0,owid,gcb,owid,0.08480300187617261,0.9151969981238274,0.0,False,False,False
Ethiopia,ETH,2014,101115615.0,11.543,0.114,1.799,18.468,8.496,0.946,0.0,0.946,0.0,owid,gcb,owid,0.10019063757678458,0.8998093624232154,0.0,False,False,False
Ethiopia,ETH,2015,103867140.0,12.564,0.121,1.02,8.84,8.668,0.99,0.0,0.99,0.0,owid,gcb,owid,0.10250569476082005,0.89749430523918,0.0,False,False,False
Ethiopia,ETH,2016,106718163.0,14.323,0.134,1.76,14.006,9.784,1.245,0.0,1.245,0.0,owid,gcb,owid,0.11288421434400218,0.8871157856559979,0.0,False,False,False
Ethiopia,ETH,2017,109666482.0,14.603,0.133,0.279,1.951,9.861,1.212,0.0,1.212,0.0,owid,gcb,owid,0.10945543213221348,0.8905445678677866,0.0,False,False,False
Ethiopia,ETH,2018,112664157.0,16.117,0.143,1.515,10.372,11.036,1.392,0.0,1.392,0.0,owid,gcb,owid,0.11200514966205342,0.8879948503379466,0.0,False,False,False
Ethiopia,ETH,2019,115737384.0,17.177,0.148,1.06,6.576,12.311,1.495,0.0,1.495,0.0,owid,gcb,owid,0.10828625235404897,0.891713747645951,0.0,False,False,False
Ethiopia,ETH,2020,118917670.0,16.735,0.141,-0.442,-2.574,11.237,1.7,0.0,1.7,0.0,owid,gcb,owid,0.1314060446780552,0.8685939553219448,0.0,False,False,False
Ethiopia,ETH,2021,122138588.0,17.906,0.147,1.171,6.995,11.917,2.308,0.0,2.308,0.0,owid,gcb,owid,0.16224956063268892,0.8377504393673111,0.0,False,False,False
Faroe Islands,FRO,1992,46043.0,0.649,14.085,-0.011,-1.667,0.649,0.0,0.0,0.0,0.0,gcb,gcb,owid,0.0,1.0,0.0,False,False,False
Faroe Islands,FRO,1993,45160.0,0.583,12.9,-0.066,-10.169,0.583,0.0,0.0,0.0,0.0,gcb,gcb,owid,0.0,1.0,0.0,False,False,False
Faroe Islands,FRO,1994,44195.0,0.575,13.016,-0.007,-1.258,0.575,0.0,0.0,0.0,0.0,gcb,gcb,owid,0.0,1.0,0.0,False,False,False
Faroe Islands,FRO,1995,43863.0,0.572,13.031,-0.004,-0.637,0.572,0.0,0.0,0.0,0.0,gcb,gcb,owid,0.0,1.0,0.0,False,False,False
Faroe Islands,FRO,1996,44203.0,0.597,13.511,0.026,4.487,0.597,0.0,0.0,0.0,0.0,gcb,gcb,owid,0.0,1.0,0.0,False,False,False
Faroe Islands,FRO,1997,44568.0,0.586,13.154,-0.011,-1.84,0.586,0.0,0.0,0.0,0.0,gcb,gcb,owid,0.0,1.0,0.0,False,False,False
Faroe Islands,FRO,1998,44920.0,0.623,13.866,0.037,6.25,0.623,0.0,0.0,0.0,0.0,gcb,gcb,owid,0.0,1.0,0.0,False,False,False
Faroe Islands,FRO,1999,45242.0,0.634,14.011,0.011,1.765,0.634,0.0,0.0,0.0,0.0,gcb,gcb,owid,0.0,1.0,0.0,False,False,False
Faroe Islands,FRO,2000,45687.0,0.689,15.077,0.055,8.671,0.689,0.0,0.0,0.0,0.0,gcb,gcb,owid,0.0,1.0,0.0,False,False,False
Faroe Islands,FRO,2001,46262.0,0.762,16.474,0.073,10.638,0.762,0.0,0.0,0.0,0.0,gcb,gcb,owid,0.0,1.0,0.0,False,False,False
Faroe Islands,FRO,2002,46852.0,0.729,15.563,-0.033,-4.327,0.729,0.0,0.0,0.0,0.0,gcb,gcb,owid,0.0,1.0,0.0,False,False,False
Faroe Islands,FRO,2003,47448.0,0.733,15.444,0.004,0.503,0.733,0.0,0.0,0.0,0.0,gcb,gcb,owid,0.0,1.0,0.0,False,False,False
Faroe Islands,FRO,2004,48041.0,0.747,15.559,0.015,2.0,0.747,0.0,0.0,0.0,0.0,gcb,gcb,owid,0.0,1.0,0.0,False,False,False
Faroe Islands,FRO,2005,48386.0,0.722,14.918,-0.026,-3.431,0.722,0.0,0.0,0.0,0.0,gcb,gcb,owid,0.0,1.0,0.0,False,False,False
Faroe Islands,FRO,2006,48456.0,0.678,13.989,-0.044,-6.091,0.678,0.0,0.0,0.0,0.0,gcb,gcb,owid,0.0,1.0,0.0,False,False,False
Faroe Islands,FRO,2007,48498.0,0.692,14.279,0.015,2.162,0.692,0.0,0.0,0.0,0.0,gcb,gcb,owid,0.0,1.0,0.0,False,False,False
Faroe Islands,FRO,2008,48528.0,0.634,13.062,-0.059,-8.466,0.634,0.0,0.0,0.0,0.0,gcb,gcb,owid,0.0,1.0,0.0,False,False,False
Faroe Islands,FRO,2009,48512.0,0.575,11.858,-0.059,-9.249,0.575,0.0,0.0,0.0,0.0,gcb,gcb,owid,0.0,1.0,0.0,False,False,False
Faroe Islands,FRO,2010,48191.0,0.627,13.001,0.051,8.917,0.627,0.0,0.0,0.0,0.0,gcb,gcb,owid,0.0,1.0,0.0,False,False,False
Faroe Islands,FRO,2011,47957.0,0.564,11.766,-0.062,-9.942,0.564,0.0,0.0,0.0,0.0,gcb,gcb,owid,0.0,1.0,0.0,False,False,False
Faroe Islands,FRO,2012,48113.0,0.594,12.337,0.029,5.195,0.594,0.0,0.0,0.0,0.0,gcb,gcb,owid,0.0,1.0,0.0,False,False,False
Faroe Islands,FRO,2013,48297.0,0.649,13.428,0.055,9.259,0.649,0.0,0.0,0.0,0.0,gcb,gcb,owid,0.0,1.0,0.0,False,False,False
Faroe Islands,FRO,2014,48515.0,0.597,12.31,-0.051,-7.91,0.597,0.0,0.0,0.0,0.0,gcb,gcb,owid,0.0,1.0,0.0,False,False,False
Faroe Islands,FRO,2015,48916.0,0.608,12.434,0.011,1.84,0.608,0.0,0.0,0.0,0.0,gcb,gcb,owid,0.0,1.0,0.0,False,False,False
Faroe Islands,FRO,2016,49554.0,0.627,12.644,0.018,3.012,0.627,0.0,0.0,0.0,0.0,gcb,gcb,owid,0.0,1.0,0.0,False,False,False
Faroe Islands,FRO,2017,50268.0,0.703,13.995,0.077,12.281,0.703,0.0,0.0,0.0,0.0,gcb,gcb,owid,0.0,1.0,0.0,False,False,False
Faroe Islands,FRO,2018,51062.0,0.725,14.208,0.022,3.125,0.725,0.0,0.0,0.0,0.0,gcb,gcb,owid,0.0,1.0,0.0,False,False,False
Faroe Islands,FRO,2019,51868.0,0.74,14.269,0.015,2.02,0.74,0.0,0.0,0.0,0.0,gcb,gcb,owid,0.0,1.0,0.0,False,False,False
Faroe Islands,FRO,2020,52615.0,0.758,14.415,0.018,2.475,0.758,0.0,0.0,0.0,0.0,gcb,gcb,owid,0.0,1.0,0.0,False,False,False
Faroe Islands,FRO,2021,53324.0,0.784,14.704,0.026,3.382,0.784,0.0,0.0,0.0,0.0,gcb,gcb,owid,0.0,1.0,0.0,False,False,False
Fiji,FJI,1992,785349.0,0.73,0.93,0.075,11.492,0.645,0.051,0.0,0.051,0.0,owid,gcb,owid,0.07327586206896551,0.9267241379310345,0.0,False,False,False
Fiji,FJI,1993,790380.0,0.729,0.922,-0.002,-0.228,0.645,0.051,0.0,0.051,0.0,owid,gcb,owid,0.07327586206896551,0.9267241379310345,0.0,False,False,False
Fiji,FJI,1994,794779.0,0.723,0.91,-0.006,-0.764,0.633,0.052,0.0,0.052,0.0,owid,gcb,owid,0.07591240875912408,0.9240875912408758,0.0,False,False,False
Fiji,FJI,1995,798750.0,0.737,0.922,0.014,1.884,0.649,0.051,0.0,0.051,0.0,owid,gcb,owid,0.07285714285714284,0.927142857142857,0.0,False,False,False
Fiji,FJI,1996,803788.0,0.792,0.986,0.056,7.568,0.7,0.059,0.0,0.059,0.0,owid,gcb,owid,0.077733860342556,0.9222661396574441,0.0,False,False,False
Fiji,FJI,1997,812145.0,0.764,0.941,-0.028,-3.554,0.667,0.059,0.0,0.059,0.0,owid,gcb,owid,0.081267217630854,0.9187327823691461,0.0,False,False,False
Fiji,FJI,1998,822259.0,0.743,0.904,-0.021,-2.746,0.655,0.052,0.0,0.052,0.0,owid,gcb,owid,0.07355021216407354,0.9264497878359264,0.0,False,False,False
Fiji,FJI,1999,831835.0,0.756,0.909,0.013,1.771,0.671,0.048,0.0,0.048,0.0,owid,gcb,owid,0.06675938803894298,0.933240611961057,0.0,False,False,False
Fiji,FJI,2000,840913.0,0.815,0.969,0.058,7.718,0.732,0.044,0.0,0.044,0.0,owid,gcb,owid,0.056701030927835044,0.9432989690721649,0.0,False,False,False
Fiji,FJI,2001,849606.0,1.004,1.182,0.189,23.205,0.964,0.04,0.0,0.04,0.0,owid,gcb,owid,0.0398406374501992,0.9601593625498007,0.0,False,False,False
Fiji,FJI,2002,858057.0,0.835,0.974,-0.169,-16.788,0.791,0.044,0.0,0.044,0.0,owid,gcb,owid,0.052694610778443104,0.9473053892215568,0.0,False,False,False
Fiji,FJI,2003,866297.0,0.993,1.146,0.158,18.86,0.949,0.044,0.0,0.044,0.0,owid,gcb,owid,0.04431017119838872,0.9556898288016112,0.0,False,False,False
Fiji,FJI,2004,874369.0,1.301,1.487,0.308,30.982,1.301,0.0,0.0,0.0,0.0,owid,gcb,owid,0.0,1.0,0.0,False,False,False
Fiji,FJI,2005,882384.0,1.022,1.159,-0.278,-21.4,1.022,0.0,0.0,0.0,0.0,owid,gcb,owid,0.0,1.0,0.0,False,False,False
Fiji,FJI,2006,890370.0,1.15,1.292,0.128,12.545,1.15,0.0,0.0,0.0,0.0,owid,gcb,owid,0.0,1.0,0.0,False,False,False
Fiji,FJI,2007,897843.0,1.085,1.208,-0.066,-5.732,1.085,0.0,0.0,0.0,0.0,owid,gcb,owid,0.0,1.0,0.0,False,False,False
Fiji,FJI,2008,903403.0,0.791,0.876,-0.293,-27.027,0.791,0.0,0.0,0.0,0.0,owid,gcb,owid,0.0,1.0,0.0,False,False,False
Fiji,FJI,2009,907248.0,0.703,0.775,-0.088,-11.111,0.703,0.0,0.0,0.0,0.0,owid,gcb,owid,0.0,1.0,0.0,False,False,False
Fiji,FJI,2010,910427.0,1.03,1.131,0.326,46.354,1.026,0.0,0.004,0.0,0.004,owid,owid,owid,0.0,0.996116504854369,0.003883495145631068,False,False,False
Fiji,FJI,2011,912991.0,0.931,1.019,-0.099,-9.609,0.931,0.0,0.0,0.0,0.0,owid,owid,owid,0.0,1.0,0.0,False,False,False
Fiji,FJI,2012,914920.0,0.909,0.993,-0.022,-2.362,0.909,0.0,0.0,0.0,0.0,owid,gcb,owid,0.0,1.0,0.0,False,False,False
Fiji,FJI,2013,916359.0,1.037,1.132,0.128,14.113,1.037,0.0,0.0,0.0,0.0,owid,gcb,owid,0.0,1.0,0.0,False,False,False
Fiji,FJI,2014,917589.0,1.18,1.286,0.143,13.781,1.18,0.0,0.0,0.0,0.0,owid,owid,owid,0.0,1.0,0.0,False,False,False
Fiji,FJI,2015,918585.0,1.462,1.592,0.282,23.913,1.462,0.0,0.0,0.0,0.0,owid,owid,owid,0.0,1.0,0.0,False,False,False
Fiji,FJI,2016,919167.0,1.345,1.463,-0.117,-8.02,1.345,0.0,0.0,0.0,0.0,owid,gcb,owid,0.0,1.0,0.0,False,False,False
Fiji,FJI,2017,918762.0,1.455,1.583,0.11,8.174,1.455,0.0,0.0,0.0,0.0,owid,gcb,owid,0.0,1.0,0.0,False,False,False
Fiji,FJI,2018,917185.0,1.48,1.614,0.026,1.763,1.48,0.0,0.0,0.0,0.0,owid,gcb,owid,0.0,1.0,0.0,False,False,False
Fiji,FJI,2019,914906.0,1.509,1.65,0.029,1.973,1.509,0.0,0.0,0.0,0.0,gcb,gcb,owid,0.0,1.0,0.0,False,False,False
Fiji,FJI,2020,914971.0,1.37,1.498,-0.139,-9.223,1.37,0.0,0.0,0.0,0.0,gcb,gcb,owid,0.0,1.0,0.0,False,False,False
Fiji,FJI,2021,916718.0,1.088,1.187,-0.282,-20.574,1.088,0.0,0.0,0.0,0.0,gcb,gcb,owid,0.0,1.0,0.0,False,False,False
Finland,FIN,1992,5042145.0,54.272,10.764,-0.923,-1.672,26.656,20.68,5.577,20.68,5.577,owid,owid,owid,0.3908302307561469,0.5037703399920624,0.10539942925179067,False,False,False
Finland,FIN,1993,5066594.0,56.32,11.116,2.048,3.774,25.606,23.403,5.824,23.403,5.824,owid,owid,owid,0.42680502617037186,0.4669815621979465,0.10621341163168165,False,False,False
Finland,FIN,1994,5088454.0,61.739,12.133,5.419,9.622,26.409,27.595,6.297,27.595,6.297,owid,owid,owid,0.45762093497620276,0.4379529361038789,0.10442612891991841,False,False,False
Finland,FIN,1995,5107919.0,58.122,11.379,-3.617,-5.859,25.593,24.659,6.512,24.659,6.512,owid,owid,owid,0.4344126559086745,0.45086674652949055,0.11472059756183496,False,False,False
Finland,FIN,1996,5124715.0,64.04,12.496,5.918,10.182,26.033,29.759,6.791,29.759,6.791,owid,owid,owid,0.47551251937427097,0.4159755844238851,0.10851189620184395,False,False,False
Finland,FIN,1997,5139927.0,62.703,12.199,-1.337,-2.088,26.018,28.499,6.649,28.499,6.649,owid,owid,owid,0.46592878396494786,0.42536703397312237,0.10870418206192983,False,False,False
Finland,FIN,1998,5153545.0,59.358,11.518,-3.345,-5.335,26.573,23.72,7.594,23.72,7.594,owid,owid,owid,0.4097638502599893,0.4590495275277696,0.1311866222122411,False,False,False
Finland,FIN,1999,5165516.0,58.874,11.398,-0.484,-0.815,26.725,23.038,7.573,23.038,7.573,owid,owid,owid,0.40180689270266495,0.4661120413004046,0.13208106599693037,False,False,False
Finland,FIN,2000,5176197.0,57.017,11.015,-1.857,-3.154,25.823,21.987,7.718,21.987,7.718,owid,owid,owid,0.39596239734908506,0.46504466215242757,0.13899294049848723,False,False,False
Finland,FIN,2001,5187970.0,62.52,12.051,5.503,9.652,26.445,26.127,8.392,26.127,8.392,owid,owid,owid,0.42856439866150514,0.4337805918246834,0.13765500951381143,False,False,False
Finland,FIN,2002,5200548.0,65.049,12.508,2.529,4.045,26.807,28.307,8.342,28.307,8.342,owid,owid,owid,0.44608862834089763,0.42245020171457387,0.1314611699445285,False,False,False
Finland,FIN,2003,5212958.0,72.658,13.938,7.609,11.697,26.925,35.017,9.231,35.017,9.231,owid,owid,owid,0.49199837016846276,0.3783035701740829,0.12969805965745437,False,False,False
Finland,FIN,2004,5228147.0,68.946,13.187,-3.712,-5.109,26.914,31.641,8.871,31.641,8.871,owid,owid,owid,0.46927001453445255,0.399163527422656,0.13156645804289147,False,False,False
Finland,FIN,2005,5246078.0,57.064,10.877,-11.882,-17.234,26.361,21.039,8.127,21.039,8.127,owid,owid,owid,0.3788967529310065,0.474742017396942,0.14636122967205142,False,False,False
Finland,FIN,2006,5266248.0,68.374,12.983,11.31,19.82,26.452,31.585,8.688,31.585,8.688,owid,owid,owid,0.4733608092918696,0.39643312101910827,0.1302060696890221,False,False,False
Finland,FIN,2007,5288715.0,66.764,12.624,-1.61,-2.355,26.645,30.348,8.119,30.348,8.119,owid,owid,owid,0.46608920014743827,0.4092179628947045,0.12469283695785724,False,False,False
Finland,FIN,2008,5313379.0,58.625,11.033,-8.139,-12.191,24.94,23.675,8.36,23.675,8.36,owid,owid,owid,0.41553312856516017,0.4377358490566038,0.14673102237823604,False,False,False
Finland,FIN,2009,5338854.0,55.921,10.474,-2.704,-4.612,24.196,22.899,7.504,22.899,7.504,owid,owid,owid,0.4194032857744648,0.44315829960255687,0.13743841462297846,False,False,False
Finland,FIN,2010,5363347.0,64.092,11.95,8.171,14.612,25.13,29.144,8.276,29.144,8.276,owid,owid,owid,0.4659312549960032,0.4017585931254996,0.1323101518784972,False,False,False
Finland,FIN,2011,5388236.0,56.646,10.513,-7.446,-11.618,23.764,24.082,7.255,24.082,7.255,owid,owid,owid,0.4370519591295983,0.43128073900655156,0.13166730186385,False,False,False
Finland,FIN,2012,5413978.0,51.154,9.449,-5.492,-9.695,23.67,19.595,6.464,19.595,6.464,owid,owid,owid,0.3940356733495546,0.47597981057330735,0.1299845160771381,False,False,False
Finland,FIN,2013,5439057.0,51.719,9.509,0.565,1.105,22.84,21.359,6.065,21.359,6.065,owid,owid,owid,0.42493633614515364,0.45440076396625817,0.12066289988858828,False,False,False
Finland,FIN,2014,5461686.0,47.622,8.719,-4.097,-7.922,21.542,19.326,5.394,19.326,5.394,owid,owid,owid,0.41775106999265055,0.4656521551165103,0.11659677489083914,False,False,False
Finland,FIN,2015,5479719.0,44.192,8.065,-3.43,-7.203,21.384,16.843,4.726,16.843,4.726,owid,owid,owid,0.3921262775591926,0.49784648336553905,0.1100272390752683,False,False,False
Finland,FIN,2016,5495468.0,47.252,8.598,3.06,6.924,22.939,18.66,4.208,18.66,4.208,owid,owid,owid,0.4073613203222215,0.5007749907219421,0.09186368895583645,False,False,False
Finland,FIN,2017,5508398.0,44.657,8.107,-2.595,-5.492,22.213,17.088,3.887,17.088,3.887,owid,owid,owid,0.39566546262850794,0.514332685005094,0.09000185236639807,False,False,False
Finland,FIN,2018,5515730.0,45.736,8.292,1.079,2.416,22.044,17.924,4.415,17.924,4.415,owid,owid,owid,0.4038483203028186,0.4966766554761958,0.0994750242209855,False,False,False
Finland,FIN,2019,5521754.0,42.444,7.687,-3.292,-7.198,21.648,15.257,4.314,15.257,4.314,owid,owid,owid,0.37014483611926535,0.5251946917683592,0.10466047211237536,False,False,False
Finland,FIN,2020,5529616.0,37.72,6.821,-4.724,-11.13,20.261,11.853,4.382,11.853,4.382,owid,owid,owid,0.3247753178430513,0.5551567295046033,0.12006795265234547,False,False,False
Finland,FIN,2021,5541069.0,37.82,6.825,0.1,0.265,19.468,12.711,4.356,12.711,4.356,owid,owid,owid,0.3479129601751745,0.5328589024223347,0.11922813740249075,False,False,False
France,FRA,1992,57554867.0,408.433,7.096,-10.686,-2.55,244.389,78.038,67.822,78.038,67.822,owid,owid,owid,0.19996976289497218,0.6262386322578661,0.1737916048471617,False,False,False
France,FRA,1993,57801261.0,388.89,6.728,-19.543,-4.785,240.498,63.127,67.969,63.127,67.969,owid,owid,owid,0.16988164502117903,0.6472063596290575,0.18291199534976343,False,False,False
France,FRA,1994,57999868.0,381.903,6.585,-6.987,-1.797,234.585,61.809,67.514,61.809,67.514,owid,owid,owid,0.1698478736383921,0.6446272134715367,0.1855249128900711,False,False,False
France,FRA,1995,58192207.0,386.959,6.65,5.056,1.324,237.37,62.977,68.705,62.977,68.705,owid,owid,owid,0.17064532911351246,0.6431884937623967,0.18616617712409092,False,False,False
France,FRA,1996,58380638.0,403.352,6.909,16.393,4.236,244.422,65.333,75.83,65.333,75.83,owid,owid,owid,0.16943864517551255,0.6338991402673859,0.19666221455710156,False,False,False
France,FRA,1997,58568662.0,396.023,6.762,-7.329,-1.817,242.028,61.29,75.104,61.29,75.104,owid,owid,owid,0.1619620423759718,0.6395716950917231,0.19846626253230523,False,False,False
France,FRA,1998,58778817.0,414.357,7.049,18.334,4.629,248.068,71.294,76.864,71.294,76.864,owid,owid,owid,0.17993266469136301,0.6260770368426101,0.19399029846602697,False,False,False
France,FRA,1999,59084209.0,413.07,6.991,-1.287,-0.311,248.521,66.41,80.748,66.41,80.748,owid,owid,owid,0.16783807075937818,0.628087414292899,0.2040745149477228,False,False,False
France,FRA,2000,59483716.0,407.445,6.85,-5.626,-1.362,239.763,65.75,84.307,65.75,84.307,owid,owid,owid,0.16866759016982194,0.6150607972910573,0.2162716125391206,False,False,False
France,FRA,2001,59905131.0,411.592,6.871,4.147,1.018,249.573,56.1,88.43,56.1,88.43,owid,owid,owid,0.14234857384998337,0.6332684602756132,0.2243829658744034,False,False,False
France,FRA,2002,60327247.0,407.027,6.747,-4.565,-1.109,243.247,58.586,87.94,58.586,87.94,owid,owid,owid,0.15030799978448994,0.6240734991905545,0.22561850102495554,False,False,False
France,FRA,2003,60741119.0,412.989,6.799,5.962,1.465,245.064,59.198,91.624,59.198,91.624,owid,owid,owid,0.14953294635324313,0.6190266895015232,0.23144036414523372,False,False,False
France,FRA,2004,61175244.0,414.073,6.769,1.084,0.262,244.922,58.225,93.182,58.225,93.182,owid,owid,owid,0.14691077362494293,0.6179764791372824,0.23511274723777467,False,False,False
France,FRA,2005,61625031.0,416.343,6.756,2.27,0.548,241.908,62.032,94.862,62.032,94.862,owid,owid,owid,0.1555458598502515,0.606586727248108,0.23786741290164037,False,False,False
France,FRA,2006,62049831.0,406.669,6.554,-9.674,-2.324,236.777,59.484,92.274,59.484,92.274,owid,owid,owid,0.1530981764834571,0.6094097056893202,0.2374921178272228,False,False,False
France,FRA,2007,62432438.0,396.461,6.35,-10.208,-2.51,227.452,61.349,89.101,61.349,89.101,owid,owid,owid,0.1623410302141825,0.6018809109239962,0.23577805886182132,False,False,False
France,FRA,2008,62780187.0,389.794,6.209,-6.667,-1.682,223.518,56.167,92.016,56.167,92.016,owid,owid,owid,0.15110801423724982,0.6013381723482045,0.24755381341454555,False,False,False
France,FRA,2009,63106460.0,371.404,5.885,-18.39,-4.718,219.508,45.161,90.665,45.161,90.665,owid,owid,owid,0.12709450826546292,0.6177511862079058,0.2551543055266313,False,False,False
France,FRA,2010,63417366.0,377.079,5.946,5.675,1.528,215.854,49.071,96.134,49.071,96.134,owid,owid,owid,0.13590853572407832,0.5978358107677693,0.2662556535081524,False,False,False
France,FRA,2011,63733776.0,355.127,5.572,-21.953,-5.822,208.907,42.169,87.85,42.169,87.85,owid,owid,owid,0.12441948980013334,0.6163793866507733,0.25920112354909325,False,False,False
France,FRA,2012,64058465.0,358.1,5.59,2.973,0.837,205.354,46.931,90.837,46.931,90.837,owid,owid,owid,0.13677642354614392,0.5984868355861763,0.26473674086767973,False,False,False
France,FRA,2013,64387736.0,360.013,5.591,1.913,0.534,204.287,49.664,91.386,49.664,91.386,owid,owid,owid,0.1438131448411262,0.5915583907892871,0.2646284643695868,False,False,False
France,FRA,2014,64692495.0,327.809,5.067,-32.205,-8.945,197.641,39.548,76.454,39.548,76.454,owid,owid,owid,0.12609240442158762,0.6301463766129006,0.24376121896551176,False,False,False
France,FRA,2015,64916337.0,332.131,5.116,4.322,1.319,199.231,38.024,81.392,38.024,81.392,owid,owid,owid,0.11932954021220976,0.6252404698616337,0.2554299899261565,False,False,False
France,FRA,2016,65086853.0,335.496,5.155,3.365,1.013,196.896,36.016,89.261,36.016,89.261,owid,owid,owid,0.1117908701225739,0.6111499101414457,0.27705921973598036,False,False,False
France,FRA,2017,65284775.0,338.368,5.183,2.872,0.856,195.911,39.997,89.406,39.997,89.406,owid,owid,owid,0.12294890475048721,0.6022212385572093,0.2748298566923034,False,False,False
France,FRA,2018,65519537.0,323.102,4.931,-15.266,-4.512,189.446,35.126,84.89,35.126,84.89,owid,owid,owid,0.1135066664081535,0.6121785550406835,0.274314778551163,False,False,False
France,FRA,2019,65729460.0,316.321,4.812,-6.781,-2.099,187.285,29.426,86.387,29.426,86.387,owid,owid,owid,0.09708411140951112,0.6179024605903042,0.2850134280001848,False,False,False
France,FRA,2020,65905273.0,281.515,4.272,-34.805,-11.003,165.543,23.854,80.065,23.854,80.065,owid,owid,owid,0.08852454149379134,0.6143463642368869,0.2971290942693218,False,False,False
France,FRA,2021,66083547.0,307.272,4.65,25.756,9.149,179.122,30.472,85.402,30.472,85.402,owid,owid,owid,0.10329631588224925,0.6072014535790315,0.28950223053871915,False,False,False
French Polynesia,PYF,1992,211570.0,0.498,2.355,-0.029,-5.556,0.498,0.0,0.0,0.0,0.0,gcb,gcb,owid,0.0,1.0,0.0,False,False,False
French Polynesia,PYF,1993,215229.0,0.52,2.417,0.022,4.412,0.52,0.0,0.0,0.0,0.0,gcb,gcb,owid,0.0,1.0,0.0,False,False,False
French Polynesia,PYF,1994,218747.0,0.535,2.445,0.015,2.817,0.535,0.0,0.0,0.0,0.0,gcb,gcb,owid,0.0,1.0,0.0,False,False,False
French Polynesia,PYF,1995,222128.0,0.524,2.359,-0.011,-2.055,0.524,0.0,0.0,0.0,0.0,gcb,gcb,owid,0.0,1.0,0.0,False,False,False
French Polynesia,PYF,1996,225500.0,0.524,2.324,0.0,0.0,0.524,0.0,0.0,0.0,0.0,gcb,gcb,owid,0.0,1.0,0.0,False,False,False
French Polynesia,PYF,1997,229132.0,0.542,2.367,0.018,3.497,0.542,0.0,0.0,0.0,0.0,gcb,gcb,owid,0.0,1.0,0.0,False,False,False
French Polynesia,PYF,1998,232898.0,0.535,2.297,-0.007,-1.351,0.535,0.0,0.0,0.0,0.0,gcb,gcb,owid,0.0,1.0,0.0,False,False,False
French Polynesia,PYF,1999,236606.0,0.594,2.509,0.059,10.959,0.594,0.0,0.0,0.0,0.0,gcb,gcb,owid,0.0,1.0,0.0,False,False,False
French Polynesia,PYF,2000,240346.0,0.685,2.851,0.092,15.432,0.685,0.0,0.0,0.0,0.0,gcb,gcb,owid,0.0,1.0,0.0,False,False,False
French Polynesia,PYF,2001,244107.0,0.769,3.152,0.084,12.299,0.769,0.0,0.0,0.0,0.0,gcb,gcb,owid,0.0,1.0,0.0,False,False,False
French Polynesia,PYF,2002,247785.0,0.806,3.253,0.037,4.762,0.806,0.0,0.0,0.0,0.0,gcb,gcb,owid,0.0,1.0,0.0,False,False,False
French Polynesia,PYF,2003,251650.0,0.835,3.32,0.029,3.636,0.835,0.0,0.0,0.0,0.0,gcb,gcb,owid,0.0,1.0,0.0,False,False,False
French Polynesia,PYF,2004,255663.0,0.843,3.296,0.007,0.877,0.843,0.0,0.0,0.0,0.0,gcb,gcb,owid,0.0,1.0,0.0,False,False,False
French Polynesia,PYF,2005,259517.0,0.832,3.205,-0.011,-1.304,0.832,0.0,0.0,0.0,0.0,gcb,gcb,owid,0.0,1.0,0.0,False,False,False
French Polynesia,PYF,2006,263234.0,0.839,3.187,0.007,0.881,0.839,0.0,0.0,0.0,0.0,gcb,gcb,owid,0.0,1.0,0.0,False,False,False
French Polynesia,PYF,2007,266448.0,0.857,3.218,0.018,2.183,0.857,0.0,0.0,0.0,0.0,gcb,gcb,owid,0.0,1.0,0.0,False,False,False
French Polynesia,PYF,2008,268390.0,0.868,3.235,0.011,1.282,0.868,0.0,0.0,0.0,0.0,gcb,gcb,owid,0.0,1.0,0.0,False,False,False
French Polynesia,PYF,2009,269494.0,0.861,3.195,-0.007,-0.844,0.861,0.0,0.0,0.0,0.0,gcb,gcb,owid,0.0,1.0,0.0,False,False,False
French Polynesia,PYF,2010,270590.0,0.923,3.412,0.062,7.234,0.923,0.0,0.0,0.0,0.0,gcb,gcb,owid,0.0,1.0,0.0,False,False,False
French Polynesia,PYF,2011,271734.0,0.883,3.25,-0.04,-4.365,0.883,0.0,0.0,0.0,0.0,gcb,gcb,owid,0.0,1.0,0.0,False,False,False
French Polynesia,PYF,2012,273092.0,0.876,3.207,-0.007,-0.83,0.876,0.0,0.0,0.0,0.0,gcb,gcb,owid,0.0,1.0,0.0,False,False,False
French Polynesia,PYF,2013,274736.0,0.883,3.214,0.007,0.837,0.883,0.0,0.0,0.0,0.0,gcb,gcb,owid,0.0,1.0,0.0,False,False,False
French Polynesia,PYF,2014,276391.0,0.85,3.076,-0.033,-3.734,0.85,0.0,0.0,0.0,0.0,gcb,gcb,owid,0.0,1.0,0.0,False,False,False
French Polynesia,PYF,2015,277877.0,0.846,3.046,-0.004,-0.431,0.846,0.0,0.0,0.0,0.0,gcb,gcb,owid,0.0,1.0,0.0,False,False,False
French Polynesia,PYF,2016,279180.0,0.868,3.11,0.022,2.597,0.868,0.0,0.0,0.0,0.0,gcb,gcb,owid,0.0,1.0,0.0,False,False,False
French Polynesia,PYF,2017,280096.0,0.876,3.126,0.007,0.844,0.876,0.0,0.0,0.0,0.0,gcb,gcb,owid,0.0,1.0,0.0,False,False,False
French Polynesia,PYF,2018,279823.0,0.879,3.143,0.004,0.418,0.879,0.0,0.0,0.0,0.0,gcb,gcb,owid,0.0,1.0,0.0,False,False,False
French Polynesia,PYF,2019,279040.0,0.89,3.191,0.011,1.25,0.89,0.0,0.0,0.0,0.0,gcb,gcb,owid,0.0,1.0,0.0,False,False,False
French Polynesia,PYF,2020,279218.0,0.832,2.979,-0.059,-6.584,0.832,0.0,0.0,0.0,0.0,gcb,gcb,owid,0.0,1.0,0.0,False,False,False
French Polynesia,PYF,2021,279808.0,0.868,3.103,0.037,4.405,0.868,0.0,0.0,0.0,0.0,gcb,gcb,owid,0.0,1.0,0.0,False,False,False
Gabon,GAB,1992,1038386.0,4.917,4.735,0.395,8.741,1.037,0.0,0.198,0.0,0.198,gcb,owid,owid,0.0,0.8396761133603239,0.16032388663967614,False,False,False
Gabon,GAB,1993,1066404.0,4.975,4.665,0.058,1.175,1.081,0.0,0.205,0.0,0.205,gcb,owid,owid,0.0,0.8405909797822706,0.15940902021772937,False,False,False
Gabon,GAB,1994,1094724.0,4.542,4.149,-0.433,-8.703,0.707,0.0,0.194,0.0,0.194,gcb,owid,owid,0.0,0.7846836847946725,0.2153163152053274,False,False,False
Gabon,GAB,1995,1123212.0,5.22,4.648,0.679,14.943,0.862,0.0,0.257,0.0,0.257,gcb,owid,owid,0.0,0.7703306523681859,0.22966934763181412,False,False,False
Gabon,GAB,1996,1152018.0,5.886,5.109,0.665,12.743,1.015,0.0,0.242,0.0,0.242,gcb,owid,owid,0.0,0.807478122513922,0.19252187748607796,False,False,False
Gabon,GAB,1997,1181445.0,5.527,4.678,-0.359,-6.095,1.022,0.0,0.249,0.0,0.249,gcb,owid,owid,0.0,0.8040912667191189,0.1959087332808812,False,False,False
Gabon,GAB,1998,1211744.0,6.453,5.325,0.926,16.754,1.221,0.0,0.231,0.0,0.231,gcb,owid,owid,0.0,0.8409090909090908,0.1590909090909091,False,False,False
Gabon,GAB,1999,1243023.0,6.014,4.838,-0.439,-6.802,1.06,0.0,0.231,0.0,0.231,gcb,owid,owid,0.0,0.8210689388071262,0.17893106119287372,False,False,False
Gabon,GAB,2000,1275578.0,6.128,4.804,0.114,1.898,1.041,0.0,0.234,0.0,0.234,gcb,owid,owid,0.0,0.8164705882352942,0.1835294117647059,False,False,False
Gabon,GAB,2001,1309594.0,6.48,4.948,0.352,5.741,1.257,0.0,0.245,0.0,0.245,gcb,owid,owid,0.0,0.8368841544607191,0.163115845539281,False,False,False
Gabon,GAB,2002,1345142.0,6.25,4.647,-0.23,-3.545,1.183,0.0,0.256,0.0,0.256,gcb,owid,owid,0.0,0.8220986796386379,0.17790132036136205,False,False,False
Gabon,GAB,2003,1382354.0,6.746,4.88,0.496,7.932,1.159,0.0,0.271,0.0,0.271,gcb,owid,owid,0.0,0.8104895104895105,0.18951048951048952,False,False,False
Gabon,GAB,2004,1421620.0,6.386,4.492,-0.36,-5.332,1.212,0.0,0.267,0.0,0.267,gcb,owid,owid,0.0,0.81947261663286,0.18052738336713997,False,False,False
Gabon,GAB,2005,1463503.0,6.223,4.252,-0.163,-2.556,1.4,0.0,0.278,0.0,0.278,gcb,owid,owid,0.0,0.834326579261025,0.16567342073897498,False,False,False
Gabon,GAB,2006,1508338.0,5.543,3.675,-0.681,-10.936,1.444,0.0,0.289,0.0,0.289,gcb,owid,owid,0.0,0.8332371609924986,0.16676283900750144,False,False,False
Gabon,GAB,2007,1556242.0,5.038,3.237,-0.505,-9.11,1.576,0.0,0.311,0.0,0.311,gcb,owid,owid,0.0,0.8351881293057764,0.16481187069422362,False,False,False
Gabon,GAB,2008,1607182.0,5.379,3.347,0.341,6.774,1.612,0.0,0.348,0.0,0.348,gcb,owid,owid,0.0,0.8224489795918368,0.17755102040816326,False,False,False
Gabon,GAB,2009,1661567.0,5.304,3.192,-0.074,-1.384,1.559,0.0,0.462,0.0,0.462,gcb,owid,owid,0.0,0.7714002968827314,0.2285997031172687,False,False,False
Gabon,GAB,2010,1719883.0,5.528,3.214,0.224,4.22,1.656,0.0,0.619,0.0,0.619,gcb,owid,owid,0.0,0.727912087912088,0.2720879120879121,False,False,False
Gabon,GAB,2011,1781987.0,5.447,3.057,-0.081,-1.473,1.817,0.0,0.696,0.0,0.696,gcb,owid,owid,0.0,0.7230401910067649,0.2769598089932352,False,False,False
Gabon,GAB,2012,1846893.0,5.016,2.716,-0.431,-7.907,1.699,0.0,0.714,0.0,0.714,gcb,owid,owid,0.0,0.7041027766266058,0.2958972233733941,False,False,False
Gabon,GAB,2013,1913061.0,5.19,2.713,0.174,3.472,1.85,0.0,0.703,0.0,0.703,gcb,owid,owid,0.0,0.7246376811594203,0.2753623188405797,False,False,False
Gabon,GAB,2014,1978400.0,5.663,2.863,0.473,9.116,1.795,0.0,1.019,0.0,1.019,gcb,owid,owid,0.0,0.6378820184790334,0.3621179815209666,False,False,False
Gabon,GAB,2015,2040990.0,5.772,2.828,0.109,1.917,1.744,0.0,1.019,0.0,1.019,gcb,owid,owid,0.0,0.6311979732175172,0.3688020267824828,False,False,False
Gabon,GAB,2016,2100310.0,5.613,2.672,-0.159,-2.755,1.649,0.0,1.022,0.0,1.022,gcb,owid,owid,0.0,0.6173717708723324,0.38262822912766753,False,False,False
Gabon,GAB,2017,2156902.0,5.501,2.55,-0.113,-2.004,1.627,0.0,0.905,0.0,0.905,gcb,owid,owid,0.0,0.6425750394944708,0.35742496050552924,False,False,False
Gabon,GAB,2018,2212320.0,5.563,2.515,0.063,1.143,1.85,0.0,0.982,0.0,0.982,gcb,owid,owid,0.0,0.6532485875706215,0.34675141242937857,False,False,False
Gabon,GAB,2019,2267711.0,5.607,2.473,0.044,0.789,1.797,0.0,0.862,0.0,0.862,gcb,owid,owid,0.0,0.6758179766829635,0.3241820233170365,False,False,False
Gabon,GAB,2020,2322538.0,5.636,2.427,0.029,0.514,1.74,0.0,0.931,0.0,0.931,gcb,owid,owid,0.0,0.6514414077124672,0.3485585922875327,False,False,False
Gabon,GAB,2021,2376729.0,5.545,2.333,-0.091,-1.614,1.974,0.0,0.842,0.0,0.842,gcb,owid,owid,0.0,0.7009943181818182,0.2990056818181818,False,False,False
Gambia,GMB,1992,1145583.0,0.198,0.173,0.0,0.0,0.198,0.0,0.0,0.0,0.0,gcb,gcb,owid,0.0,1.0,0.0,False,False,False
Gambia,GMB,1993,1188372.0,0.209,0.176,0.011,5.556,0.209,0.0,0.0,0.0,0.0,gcb,gcb,owid,0.0,1.0,0.0,False,False,False
Gambia,GMB,1994,1227233.0,0.209,0.17,0.0,0.0,0.209,0.0,0.0,0.0,0.0,gcb,gcb,owid,0.0,1.0,0.0,False,False,False
Gambia,GMB,1995,1264320.0,0.216,0.171,0.007,3.509,0.216,0.0,0.0,0.0,0.0,gcb,gcb,owid,0.0,1.0,0.0,False,False,False
Gambia,GMB,1996,1301421.0,0.22,0.169,0.004,1.695,0.22,0.0,0.0,0.0,0.0,gcb,gcb,owid,0.0,1.0,0.0,False,False,False
Gambia,GMB,1997,1338898.0,0.224,0.167,0.004,1.667,0.224,0.0,0.0,0.0,0.0,gcb,gcb,owid,0.0,1.0,0.0,False,False,False
Gambia,GMB,1998,1376994.0,0.242,0.176,0.018,8.197,0.242,0.0,0.0,0.0,0.0,gcb,gcb,owid,0.0,1.0,0.0,False,False,False
Gambia,GMB,1999,1415786.0,0.275,0.194,0.033,13.636,0.275,0.0,0.0,0.0,0.0,gcb,gcb,owid,0.0,1.0,0.0,False,False,False
Gambia,GMB,2000,1455095.0,0.275,0.189,0.0,0.0,0.275,0.0,0.0,0.0,0.0,gcb,gcb,owid,0.0,1.0,0.0,False,False,False
Gambia,GMB,2001,1495023.0,0.3,0.201,0.026,9.333,0.3,0.0,0.0,0.0,0.0,gcb,gcb,owid,0.0,1.0,0.0,False,False,False
Gambia,GMB,2002,1535700.0,0.3,0.196,0.0,0.0,0.3,0.0,0.0,0.0,0.0,gcb,gcb,owid,0.0,1.0,0.0,False,False,False
Gambia,GMB,2003,1577619.0,0.3,0.19,0.0,0.0,0.3,0.0,0.0,0.0,0.0,gcb,gcb,owid,0.0,1.0,0.0,False,False,False
Gambia,GMB,2004,1621309.0,0.319,0.197,0.018,6.098,0.319,0.0,0.0,0.0,0.0,gcb,gcb,owid,0.0,1.0,0.0,False,False,False
Gambia,GMB,2005,1667035.0,0.319,0.191,0.0,0.0,0.319,0.0,0.0,0.0,0.0,gcb,gcb,owid,0.0,1.0,0.0,False,False,False
Gambia,GMB,2006,1715285.0,0.348,0.203,0.029,9.195,0.348,0.0,0.0,0.0,0.0,gcb,gcb,owid,0.0,1.0,0.0,False,False,False
Gambia,GMB,2007,1765778.0,0.348,0.197,0.0,0.0,0.348,0.0,0.0,0.0,0.0,gcb,gcb,owid,0.0,1.0,0.0,False,False,False
Gambia,GMB,2008,1817859.0,0.363,0.2,0.015,4.211,0.363,0.0,0.0,0.0,0.0,gcb,gcb,owid,0.0,1.0,0.0,False,False,False
Gambia,GMB,2009,1871428.0,0.374,0.2,0.011,3.03,0.374,0.0,0.0,0.0,0.0,gcb,gcb,owid,0.0,1.0,0.0,False,False,False
Gambia,GMB,2010,1926634.0,0.432,0.224,0.059,15.686,0.432,0.0,0.0,0.0,0.0,gcb,gcb,owid,0.0,1.0,0.0,False,False,False
Gambia,GMB,2011,1983785.0,0.443,0.223,0.011,2.542,0.443,0.0,0.0,0.0,0.0,gcb,gcb,owid,0.0,1.0,0.0,False,False,False
Gambia,GMB,2012,2043097.0,0.451,0.221,0.007,1.653,0.451,0.0,0.0,0.0,0.0,gcb,gcb,owid,0.0,1.0,0.0,False,False,False
Gambia,GMB,2013,2103825.0,0.429,0.204,-0.022,-4.878,0.429,0.0,0.0,0.0,0.0,gcb,gcb,owid,0.0,1.0,0.0,False,False,False
Gambia,GMB,2014,2164535.0,0.506,0.234,0.077,17.949,0.506,0.0,0.0,0.0,0.0,gcb,gcb,owid,0.0,1.0,0.0,False,False,False
Gambia,GMB,2015,2224530.0,0.583,0.262,0.077,15.217,0.583,0.0,0.0,0.0,0.0,gcb,gcb,owid,0.0,1.0,0.0,False,False,False
Gambia,GMB,2016,2283775.0,0.59,0.258,0.007,1.258,0.59,0.0,0.0,0.0,0.0,gcb,gcb,owid,0.0,1.0,0.0,False,False,False
Gambia,GMB,2017,2342191.0,0.597,0.255,0.007,1.242,0.597,0.0,0.0,0.0,0.0,gcb,gcb,owid,0.0,1.0,0.0,False,False,False
Gambia,GMB,2018,2399633.0,0.649,0.27,0.051,8.589,0.649,0.0,0.0,0.0,0.0,gcb,gcb,owid,0.0,1.0,0.0,False,False,False
Gambia,GMB,2019,2456847.0,0.711,0.289,0.062,9.605,0.711,0.0,0.0,0.0,0.0,gcb,gcb,owid,0.0,1.0,0.0,False,False,False
Gambia,GMB,2020,2515744.0,0.7,0.278,-0.011,-1.546,0.7,0.0,0.0,0.0,0.0,gcb,gcb,owid,0.0,1.0,0.0,False,False,False
Gambia,GMB,2021,2576015.0,0.725,0.282,0.026,3.665,0.725,0.0,0.0,0.0,0.0,gcb,gcb,owid,0.0,1.0,0.0,False,False,False
Georgia,GEO,1992,5294186.0,14.127,2.668,-0.475,-3.252,3.924,0.967,9.057,0.967,9.057,owid,owid,owid,0.06932893604817894,0.2813306567249785,0.6493404072268426,False,False,False
Georgia,GEO,1993,5178784.0,9.884,1.909,-4.243,-30.035,2.261,0.638,6.896,0.638,6.896,owid,owid,owid,0.06513527309851966,0.23083205717202657,0.7040326697294538,False,False,False
Georgia,GEO,1994,5046267.0,5.897,1.169,-3.986,-40.332,0.953,0.337,4.573,0.337,4.573,owid,owid,owid,0.057479106259594064,0.16254477230086983,0.7799761214395361,False,False,False
Georgia,GEO,1995,4925742.0,2.266,0.46,-3.632,-61.582,0.396,0.158,1.689,0.158,1.689,owid,owid,owid,0.07044137316094515,0.17654926437806506,0.7530093624609897,False,False,False
Georgia,GEO,1996,4812774.0,4.046,0.841,1.78,78.565,2.401,0.161,1.45,0.161,1.45,owid,owid,owid,0.0401296111665005,0.5984546360917249,0.3614157527417747,False,False,False
Georgia,GEO,1997,4695359.0,4.412,0.94,0.366,9.055,2.596,0.029,1.75,0.029,1.75,owid,owid,owid,0.006628571428571429,0.5933714285714285,0.4,False,False,False
Georgia,GEO,1998,4576447.0,4.864,1.063,0.452,10.234,2.963,0.077,1.745,0.077,1.745,owid,owid,owid,0.016091954022988506,0.619226750261233,0.3646812957157785,False,False,False
Georgia,GEO,1999,4455581.0,4.246,0.953,-0.618,-12.701,2.47,0.062,1.579,0.062,1.579,owid,owid,owid,0.015081488688883484,0.6008270493797131,0.3840914619314036,False,False,False
Georgia,GEO,2000,4328361.0,4.497,1.039,0.252,5.927,2.121,0.059,2.18,0.059,2.18,owid,owid,owid,0.013532110091743118,0.48646788990825685,0.5,False,False,False
Georgia,GEO,2001,4209641.0,3.723,0.884,-0.775,-17.221,1.676,0.055,1.859,0.055,1.859,owid,owid,owid,0.015320334261838441,0.4668523676880223,0.5178272980501393,False,False,False
Georgia,GEO,2002,4127854.0,3.347,0.811,-0.376,-10.11,1.601,0.055,1.554,0.055,1.554,owid,owid,owid,0.017133956386292837,0.4987538940809969,0.4841121495327103,False,False,False
Georgia,GEO,2003,4085489.0,3.731,0.913,0.384,11.474,1.715,0.114,1.766,0.114,1.766,owid,owid,owid,0.03171070931849791,0.47705146036161333,0.4912378303198887,False,False,False
Georgia,GEO,2004,4056076.0,4.278,1.055,0.547,14.676,1.55,0.172,2.382,0.172,2.382,owid,owid,owid,0.04191033138401559,0.3776803118908382,0.5804093567251463,False,False,False
Georgia,GEO,2005,4026135.0,5.046,1.253,0.768,17.942,1.865,0.18,2.792,0.18,2.792,owid,owid,owid,0.03721314864585487,0.38556956791399627,0.5772172834401489,False,False,False
Georgia,GEO,2006,3996584.0,6.273,1.57,1.227,24.323,2.096,0.18,3.642,0.18,3.642,owid,owid,owid,0.03041568097330179,0.35417370733355863,0.6154106116931396,False,False,False
Georgia,GEO,2007,3967592.0,6.609,1.666,0.337,5.365,2.521,0.337,3.287,0.337,3.287,owid,owid,owid,0.05484133441822621,0.41025223759153784,0.534906427990236,False,False,False
Georgia,GEO,2008,3941192.0,5.747,1.458,-0.863,-13.051,2.195,0.454,2.477,0.454,2.477,owid,owid,owid,0.0885680842762388,0.4282091299258681,0.48322278579789313,False,False,False
Georgia,GEO,2009,3918935.0,6.171,1.575,0.424,7.376,2.86,0.51,2.486,0.51,2.486,owid,owid,owid,0.08709016393442623,0.4883879781420765,0.42452185792349734,False,False,False
Georgia,GEO,2010,3895932.0,6.29,1.614,0.119,1.934,2.759,0.799,2.323,0.799,2.323,owid,owid,owid,0.13586124808706002,0.46913790171739495,0.39500085019554493,False,False,False
Georgia,GEO,2011,3868724.0,7.814,2.02,1.524,24.234,2.711,1.059,3.451,1.059,3.451,owid,owid,owid,0.14665558786871624,0.3754327655449384,0.4779116465863454,False,False,False
Georgia,GEO,2012,3839208.0,8.294,2.16,0.479,6.135,2.727,1.177,3.772,1.177,3.772,owid,owid,owid,0.15333507034914018,0.35526315789473684,0.49140177175612293,False,False,False
Georgia,GEO,2013,3809128.0,8.028,2.108,-0.266,-3.202,2.661,1.206,3.53,1.206,3.53,owid,owid,owid,0.16303906989319994,0.3597404353116128,0.4772204947951872,False,False,False
Georgia,GEO,2014,3792921.0,9.058,2.388,1.03,12.831,2.836,1.161,4.313,1.161,4.313,owid,owid,owid,0.1397111913357401,0.3412755716004814,0.5190132370637787,False,False,False
Georgia,GEO,2015,3791570.0,9.791,2.582,0.732,8.087,3.217,1.081,4.749,1.081,4.749,owid,owid,owid,0.11948712280313915,0.35558748756493863,0.5249253896319221,False,False,False
Georgia,GEO,2016,3792061.0,10.043,2.648,0.252,2.577,3.877,1.033,4.463,1.033,4.463,owid,owid,owid,0.1102101781713432,0.41363490878053977,0.47615491304811686,False,False,False
Georgia,GEO,2017,3792860.0,10.06,2.652,0.017,0.168,3.525,1.158,4.701,1.158,4.701,owid,owid,owid,0.1234015345268542,0.3756393861892583,0.5009590792838874,False,False,False
Georgia,GEO,2018,3794881.0,9.888,2.606,-0.171,-1.704,3.422,1.209,4.679,1.209,4.679,owid,owid,owid,0.12986036519871105,0.36756176154672393,0.5025778732545649,False,False,False
Georgia,GEO,2019,3796722.0,10.517,2.77,0.629,6.359,3.577,0.975,5.304,0.975,5.304,owid,owid,owid,0.09892451298701299,0.36292613636363635,0.5381493506493507,False,False,False
Georgia,GEO,2020,3795680.0,10.378,2.734,-0.139,-1.323,3.459,0.861,5.324,0.861,5.324,owid,owid,owid,0.0892783077561178,0.35866860223973457,0.5520530900041476,False,False,False
Georgia,GEO,2021,3788450.0,10.75,2.838,0.372,3.582,3.686,0.861,5.518,0.861,5.518,owid,owid,owid,0.08554396423248882,0.36621957277694983,0.5482364629905614,False,False,False
Germany,DEU,1992,80934901.0,969.464,11.978,-47.465,-4.667,357.981,454.311,129.3,454.311,129.3,owid,owid,owid,0.48249241709785134,0.38018695995717894,0.13732062294496983,False,False,False
Germany,DEU,1993,81486771.0,959.386,11.774,-10.079,-1.04,364.629,430.776,136.252,430.776,136.252,owid,owid,owid,0.46237617492274524,0.3913768693843336,0.14624695569292134,False,False,False
Germany,DEU,1994,81773613.0,943.228,11.535,-16.158,-1.684,353.812,418.185,142.15,418.185,142.15,owid,owid,owid,0.45745924889541834,0.3870405963154722,0.15550015478910942,False,False,False
Germany,DEU,1995,82019890.0,939.934,11.46,-3.294,-0.349,351.7,406.046,152.97,406.046,152.97,owid,owid,owid,0.44585359211872855,0.38617966523043407,0.16796674265083736,False,False,False
Germany,DEU,1996,82263195.0,959.69,11.666,19.757,2.102,361.057,400.613,169.956,400.613,169.956,owid,owid,owid,0.43001483427899173,0.3875557358854304,0.18242942983557778,False,False,False
Germany,DEU,1997,82389631.0,931.508,11.306,-28.182,-2.937,353.069,386.864,162.876,386.864,162.876,owid,owid,owid,0.428511457019148,0.3910782900923673,0.18041025288848472,False,False,False
Germany,DEU,1998,82011933.0,923.499,11.261,-8.009,-0.86,351.914,377.48,165.377,377.48,165.377,owid,owid,owid,0.42187330613084245,0.3933006322288049,0.1848260616403527,False,False,False
Germany,DEU,1999,81678279.0,895.442,10.963,-28.057,-3.038,340.846,360.052,165.627,360.052,165.627,owid,owid,owid,0.41551253570295144,0.39334814344652486,0.19113932085052363,False,False,False
Germany,DEU,2000,81797255.0,898.976,10.99,3.534,0.395,330.774,373.461,166.421,373.461,166.421,owid,owid,owid,0.42894208504851516,0.37991353645986475,0.1911443784916201,False,False,False
Germany,DEU,2001,81933882.0,915.255,11.171,16.279,1.811,338.871,376.52,173.799,376.52,173.799,owid,owid,owid,0.4234415591718306,0.3811007771117534,0.1954576637164161,False,False,False
Germany,DEU,2002,82068328.0,898.834,10.952,-16.42,-1.794,324.413,375.786,173.61,375.786,173.61,owid,owid,owid,0.4300550806869693,0.3712630563429765,0.19868186297005408,False,False,False
Germany,DEU,2003,82111619.0,894.501,10.894,-4.333,-0.482,313.847,378.305,176.587,378.305,176.587,owid,owid,owid,0.4354645066009469,0.3612673081328224,0.2032681852662307,False,False,False
Germany,DEU,2004,82092706.0,876.57,10.678,-17.931,-2.005,301.208,374.908,174.327,374.908,174.327,owid,owid,owid,0.44083848065067266,0.35417776382426575,0.20498375552506165,False,False,False
Germany,DEU,2005,82046733.0,867.88,10.578,-8.689,-0.991,305.188,361.975,175.904,361.975,175.904,owid,owid,owid,0.42935496229837017,0.3619973264283859,0.208647711273244,False,False,False
Germany,DEU,2006,81701971.0,886.434,10.85,18.554,2.138,313.191,367.653,180.197,367.653,180.197,owid,owid,owid,0.42698663594416525,0.3637352925122032,0.20927807154363148,False,False,False
Germany,DEU,2007,81298546.0,846.153,10.408,-40.281,-4.544,268.924,376.715,173.851,376.715,173.851,owid,owid,owid,0.45969444410548027,0.3281601971958169,0.21214535869870288,False,False,False
Germany,DEU,2008,81110780.0,856.643,10.561,10.49,1.24,296.43,353.581,180.995,353.581,180.995,owid,owid,owid,0.42548549589292983,0.35671222590450613,0.21780227820256412,False,False,False
Germany,DEU,2009,80935276.0,789.984,9.761,-66.659,-7.781,282.438,316.28,168.399,316.28,168.399,owid,owid,owid,0.4122969507910788,0.36818112491314886,0.21952192429577236,False,False,False
Germany,DEU,2010,80830916.0,826.705,10.228,36.721,4.648,277.154,341.311,184.875,341.311,184.875,owid,owid,owid,0.4248649388801753,0.3450021161650111,0.23013294495481368,False,False,False
Germany,DEU,2011,80857877.0,804.542,9.95,-22.163,-2.681,270.809,339.624,169.399,339.624,169.399,owid,owid,owid,0.43550918659403565,0.3472658213563947,0.21722499204956966,False,False,False
Germany,DEU,2012,80916391.0,814.093,10.061,9.551,1.187,271.945,350.039,167.84,350.039,167.84,owid,owid,owid,0.44318607689814443,0.34431088445020663,0.212503038651649,False,False,False
Germany,DEU,2013,81041581.0,831.746,10.263,17.653,2.168,280.396,357.254,170.269,357.254,170.269,owid,owid,owid,0.44219036809383117,0.34705954433550884,0.2107500875706599,False,False,False
Germany,DEU,2014,81376078.0,792.584,9.74,-39.162,-4.708,271.603,344.722,151.989,344.722,151.989,owid,owid,owid,0.4486733288733512,0.353505207506306,0.1978214636203427,False,False,False
Germany,DEU,2015,82077546.0,800.823,9.757,8.239,1.04,278.861,341.117,157.112,341.117,157.112,owid,owid,owid,0.4389671723995934,0.358852899921502,0.2021799276789046,False,False,False
Germany,DEU,2016,82760102.0,797.988,9.642,-2.834,-0.354,275.704,329.436,169.169,329.436,169.169,owid,owid,owid,0.4254580535677617,0.3560645685378835,0.21847737789435487,False,False,False
Germany,DEU,2017,83104010.0,784.595,9.441,-13.393,-1.678,275.506,312.692,172.045,312.692,172.045,owid,owid,owid,0.41130533263706476,0.3623920246552747,0.22630264270766057,False,False,False
Germany,DEU,2018,83368507.0,758.771,9.101,-25.824,-3.291,268.094,296.871,169.76,296.871,169.76,owid,owid,owid,0.40405730035047127,0.3648902650651605,0.2310524345843683,False,False,False
Germany,DEU,2019,83559184.0,708.649,8.481,-50.122,-6.606,271.933,240.114,172.762,240.114,172.762,owid,owid,owid,0.3506291535304005,0.39709320409048365,0.25227764237911593,False,False,False
Germany,DEU,2020,83628711.0,647.177,7.739,-61.472,-8.675,254.465,198.53,170.963,198.53,170.963,owid,owid,owid,0.31817846714041653,0.4078239240461698,0.27399760881341373,False,False,False
Germany,DEU,2021,83697080.0,677.998,8.101,30.821,4.762,240.525,232.139,181.31,232.139,181.31,owid,owid,owid,0.354966711214819,0.3677898509726687,0.2772434378125125,False,False,False
Ghana,GHA,1992,16184863.0,3.243,0.2,-0.659,-16.895,3.235,0.007,0.0,0.007,0.0,owid,gcb,owid,0.00215916101172116,0.9978408389882788,0.0,False,False,False
Ghana,GHA,1993,16589521.0,3.818,0.23,0.575,17.74,3.811,0.007,0.0,0.007,0.0,owid,gcb,owid,0.0018334206390780514,0.9981665793609219,0.0,False,False,False
Ghana,GHA,1994,16993190.0,4.54,0.267,0.722,18.906,4.532,0.007,0.0,0.007,0.0,owid,gcb,owid,0.001542189909671734,0.9984578100903283,0.0,False,False,False
Ghana,GHA,1995,17399023.0,4.624,0.266,0.084,1.856,4.617,0.007,0.0,0.007,0.0,owid,gcb,owid,0.0015138408304498272,0.9984861591695502,0.0,False,False,False
Ghana,GHA,1996,17810184.0,4.858,0.273,0.234,5.071,4.851,0.007,0.0,0.007,0.0,owid,gcb,owid,0.0014409221902017292,0.9985590778097984,0.0,False,False,False
Ghana,GHA,1997,18238961.0,5.514,0.302,0.656,13.499,5.507,0.007,0.0,0.007,0.0,owid,gcb,owid,0.0012694958287994198,0.9987305041712007,0.0,False,False,False
Ghana,GHA,1998,18688041.0,5.584,0.299,0.07,1.262,5.584,0.0,0.0,0.0,0.0,gcb,gcb,owid,0.0,1.0,0.0,False,False,False
Ghana,GHA,1999,19149875.0,5.613,0.293,0.029,0.525,5.613,0.0,0.0,0.0,0.0,gcb,gcb,owid,0.0,1.0,0.0,False,False,False
Ghana,GHA,2000,19637085.0,5.313,0.271,-0.3,-5.352,5.313,0.0,0.0,0.0,0.0,gcb,gcb,owid,0.0,1.0,0.0,False,False,False
Ghana,GHA,2001,20167073.0,5.969,0.296,0.656,12.345,5.969,0.0,0.0,0.0,0.0,gcb,gcb,owid,0.0,1.0,0.0,False,False,False
Ghana,GHA,2002,20729392.0,6.483,0.313,0.515,8.622,6.471,0.0,0.0,0.0,0.0,gcb,gcb,owid,0.0,1.0,0.0,False,False,False
Ghana,GHA,2003,21296710.0,6.685,0.314,0.201,3.105,6.679,0.0,0.0,0.0,0.0,gcb,gcb,owid,0.0,1.0,0.0,False,False,False
Ghana,GHA,2004,21868298.0,6.451,0.295,-0.234,-3.5,6.397,0.0,0.0,0.0,0.0,gcb,gcb,owid,0.0,1.0,0.0,False,False,False
Ghana,GHA,2005,22449446.0,6.113,0.272,-0.338,-5.233,6.09,0.0,0.0,0.0,0.0,gcb,gcb,owid,0.0,1.0,0.0,False,False,False
Ghana,GHA,2006,23040704.0,8.523,0.37,2.41,39.426,8.453,0.0,0.0,0.0,0.0,gcb,gcb,owid,0.0,1.0,0.0,False,False,False
Ghana,GHA,2007,23642284.0,8.982,0.38,0.459,5.382,8.922,0.0,0.0,0.0,0.0,gcb,gcb,owid,0.0,1.0,0.0,False,False,False
Ghana,GHA,2008,24249945.0,8.324,0.343,-0.658,-7.321,8.233,0.0,0.0,0.0,0.0,gcb,gcb,owid,0.0,1.0,0.0,False,False,False
Ghana,GHA,2009,24862667.0,6.868,0.276,-1.457,-17.499,6.793,0.0,0.011,0.0,0.011,gcb,owid,owid,0.0,0.9983833039388594,0.0016166960611405054,False,False,False
Ghana,GHA,2010,25475000.0,8.943,0.351,2.075,30.212,8.09,0.0,0.81,0.0,0.81,gcb,owid,owid,0.0,0.9089887640449438,0.09101123595505618,False,False,False
Ghana,GHA,2011,26095091.0,10.329,0.396,1.386,15.499,8.68,0.0,1.583,0.0,1.583,gcb,owid,owid,0.0,0.845756601383611,0.15424339861638897,False,False,False
Ghana,GHA,2012,26734273.0,12.641,0.473,2.312,22.385,11.75,0.0,0.802,0.0,0.802,gcb,owid,owid,0.0,0.9361057998725303,0.06389420012746973,False,False,False
Ghana,GHA,2013,27386193.0,12.61,0.46,-0.031,-0.242,11.831,0.0,0.601,0.0,0.601,gcb,owid,owid,0.0,0.9516570141570142,0.048342985842985846,False,False,False
Ghana,GHA,2014,28041592.0,13.257,0.473,0.647,5.128,11.737,0.0,1.278,0.0,1.278,gcb,owid,owid,0.0,0.9018056089127929,0.09819439108720707,False,False,False
Ghana,GHA,2015,28696071.0,14.568,0.508,1.312,9.894,11.857,0.0,2.44,0.0,2.44,gcb,owid,owid,0.0,0.8293348254878646,0.17066517451213542,False,False,False
Ghana,GHA,2016,29356736.0,13.914,0.474,-0.654,-4.492,12.37,0.0,1.425,0.0,1.425,gcb,owid,owid,0.0,0.8967017035157665,0.10329829648423342,False,False,False
Ghana,GHA,2017,30008364.0,12.437,0.414,-1.476,-10.611,9.448,0.0,2.36,0.0,2.36,gcb,owid,owid,0.0,0.8001355013550135,0.19986449864498645,False,False,False
Ghana,GHA,2018,30637592.0,15.19,0.496,2.752,22.13,11.438,0.0,3.379,0.0,3.379,gcb,owid,owid,0.0,0.7719511372072619,0.22804886279273806,False,False,False
Ghana,GHA,2019,31258943.0,16.415,0.525,1.226,8.068,12.018,0.0,4.104,0.0,4.104,gcb,owid,owid,0.0,0.7454410122813547,0.2545589877186453,False,False,False
Ghana,GHA,2020,31887802.0,19.164,0.601,2.749,16.746,12.255,0.0,6.208,0.0,6.208,gcb,owid,owid,0.0,0.6637599523371066,0.33624004766289334,False,False,False
Ghana,GHA,2021,32518662.0,20.556,0.632,1.392,7.264,12.822,0.0,6.568,0.0,6.568,gcb,owid,owid,0.0,0.6612686952037132,0.3387313047962867,False,False,False
Greece,GRC,1992,10359895.0,84.974,8.202,1.568,1.88,37.253,40.495,0.413,40.495,0.413,owid,owid,owid,0.5180972607822316,0.4766187740689091,0.005283965148859406,False,False,False
Greece,GRC,1993,10412752.0,84.283,8.094,-0.691,-0.813,37.041,40.164,0.318,40.164,0.318,owid,owid,owid,0.5180914051313804,0.4778065864324136,0.0041020084362060295,False,False,False
Greece,GRC,1994,10466266.0,86.429,8.258,2.146,2.546,37.366,42.134,0.2,42.134,0.2,owid,owid,owid,0.5286574654956085,0.46883312421580925,0.0025094102885821834,False,False,False
Greece,GRC,1995,10519233.0,86.962,8.267,0.533,0.617,39.132,40.427,0.194,40.427,0.194,owid,owid,owid,0.5069025616591225,0.4906649279650922,0.002432510375785237,False,False,False
Greece,GRC,1996,10570083.0,89.114,8.431,2.152,2.474,42.474,39.23,0.208,39.23,0.208,owid,owid,owid,0.4789286063092099,0.5185320832112511,0.002539310479539018,False,False,False
Greece,GRC,1997,10622327.0,93.801,8.831,4.687,5.26,43.466,42.629,0.428,42.629,0.428,owid,owid,owid,0.49268980502294185,0.5023635333957445,0.004946661581313639,False,False,False
Greece,GRC,1998,10675411.0,98.621,9.238,4.82,5.139,45.109,44.556,1.645,44.556,1.645,owid,owid,owid,0.4879640784141934,0.4940203701675611,0.01801555141824554,False,False,False
Greece,GRC,1999,10727953.0,97.934,9.129,-0.687,-0.697,44.716,43.084,2.848,43.084,2.848,owid,owid,owid,0.4752890300944312,0.49329273673991697,0.031418233165651746,False,False,False
Greece,GRC,2000,10782638.0,102.973,9.55,5.038,5.145,45.632,45.851,3.982,45.851,3.982,owid,owid,owid,0.48029120620122556,0.4779971717383334,0.041711622060441,False,False,False
Greece,GRC,2001,10843166.0,105.361,9.717,2.389,2.32,46.859,47.02,3.923,47.02,3.923,owid,owid,owid,0.4807672644731192,0.47912108136847914,0.04011165415840166,False,False,False
Greece,GRC,2002,10890287.0,105.0,9.642,-0.361,-0.343,47.893,45.544,4.24,45.544,4.24,owid,owid,owid,0.4662714866345199,0.4903201367773376,0.043408376588142554,False,False,False
Greece,GRC,2003,10918467.0,109.067,9.989,4.066,3.873,51.337,45.616,4.757,45.616,4.757,owid,owid,owid,0.4484908071969324,0.5047389637203815,0.04677022908268606,False,False,False
Greece,GRC,2004,10947369.0,109.485,10.001,0.418,0.384,49.781,47.094,5.245,47.094,5.245,owid,owid,owid,0.46116333725029374,0.4874755189972581,0.0513611437524481,False,False,False
Greece,GRC,2005,10981340.0,113.889,10.371,4.404,4.022,53.966,46.604,5.385,46.604,5.385,owid,owid,owid,0.43984710490302487,0.5093294323061678,0.05082346279080742,False,False,False
Greece,GRC,2006,11016107.0,112.419,10.205,-1.469,-1.29,55.698,42.794,6.284,42.794,6.284,owid,owid,owid,0.40843322898373674,0.5315912040925403,0.05997556692372299,False,False,False
Greece,GRC,2007,11045737.0,114.545,10.37,2.126,1.891,54.066,45.193,7.808,45.193,7.808,owid,owid,owid,0.422100180260958,0.5049735212530472,0.07292629848599474,False,False,False
Greece,GRC,2008,11076874.0,111.08,10.028,-3.465,-3.025,52.721,43.285,8.109,43.285,8.109,owid,owid,owid,0.41574220813523505,0.5063727608894011,0.07788503097536378,False,False,False
Greece,GRC,2009,11108067.0,104.319,9.391,-6.761,-6.086,50.115,42.243,6.623,42.243,6.623,owid,owid,owid,0.4267788767541245,0.506309291682242,0.06691183156363342,False,False,False
Greece,GRC,2010,11124666.0,97.354,8.751,-6.965,-6.677,43.995,41.26,7.166,41.26,7.166,owid,owid,owid,0.44643533396089635,0.4760281754146785,0.07753649062442519,False,False,False
Greece,GRC,2011,11108838.0,94.505,8.507,-2.849,-2.926,40.495,42.08,8.811,42.08,8.811,owid,owid,owid,0.4604644037379905,0.4431203904317948,0.09641520583021469,False,False,False
Greece,GRC,2012,11048291.0,91.393,8.272,-3.113,-3.294,36.295,43.257,8.094,43.257,8.094,owid,owid,owid,0.4935422038655501,0.4141090295050545,0.09234876662939553,False,False,False
Greece,GRC,2013,10967534.0,81.713,7.45,-9.679,-10.591,32.909,37.291,7.336,37.291,7.336,owid,owid,owid,0.48095078415187786,0.42443510111432114,0.09461411473380109,False,False,False
Greece,GRC,2014,10893169.0,78.636,7.219,-3.078,-3.766,33.482,35.227,5.559,35.227,5.559,owid,owid,owid,0.4743227231108956,0.450826735606183,0.07485054128292132,False,False,False
Greece,GRC,2015,10820902.0,74.927,6.924,-3.709,-4.717,34.977,29.949,6.035,29.949,6.035,owid,owid,owid,0.4220487309930807,0.49290455320528176,0.08504671580163753,False,False,False
Greece,GRC,2016,10775506.0,71.36,6.622,-3.567,-4.761,35.568,23.594,7.912,23.594,7.912,owid,owid,owid,0.3517607418671915,0.5302799892655873,0.11795926886722129,False,False,False
Greece,GRC,2017,10753532.0,74.842,6.96,3.482,4.88,35.028,26.019,9.536,26.019,9.536,owid,owid,owid,0.3686298400464701,0.4962668064548121,0.13510335349871783,False,False,False
Greece,GRC,2018,10730846.0,71.778,6.689,-3.064,-4.094,33.833,24.851,9.072,24.851,9.072,owid,owid,owid,0.3667719463958911,0.49933585217545307,0.13389220142865577,False,False,False
Greece,GRC,2019,10718581.0,65.736,6.133,-6.042,-8.417,33.915,17.879,9.998,17.879,9.998,owid,owid,owid,0.28934166235111347,0.5488574572760229,0.1618008803728638,False,False,False
Greece,GRC,2020,10699370.0,55.577,5.194,-10.159,-15.455,31.009,10.147,11.043,10.147,11.043,owid,owid,owid,0.19439069713979196,0.5940535259296156,0.21155577693059252,False,False,False
Greece,GRC,2021,10579561.0,57.528,5.438,1.951,3.51,32.277,9.259,12.363,9.259,12.363,owid,owid,owid,0.17178426315887121,0.598842279077534,0.22937345776359486,False,False,False
Greenland,GRL,1992,55769.0,0.595,10.674,-0.014,-2.314,0.595,0.0,0.0,0.0,0.0,gcb,gcb,owid,0.0,1.0,0.0,False,False,False
Greenland,GRL,1993,55780.0,0.545,9.778,-0.05,-8.382,0.545,0.0,0.0,0.0,0.0,gcb,gcb,owid,0.0,1.0,0.0,False,False,False
Greenland,GRL,1994,55766.0,0.495,8.884,-0.05,-9.168,0.495,0.0,0.0,0.0,0.0,gcb,gcb,owid,0.0,1.0,0.0,False,False,False
Greenland,GRL,1995,55857.0,0.534,9.557,0.038,7.751,0.534,0.0,0.0,0.0,0.0,gcb,gcb,owid,0.0,1.0,0.0,False,False,False
Greenland,GRL,1996,56020.0,0.596,10.648,0.063,11.746,0.596,0.0,0.0,0.0,0.0,gcb,gcb,owid,0.0,1.0,0.0,False,False,False
Greenland,GRL,1997,56115.0,0.617,11.001,0.021,3.487,0.617,0.0,0.0,0.0,0.0,gcb,gcb,owid,0.0,1.0,0.0,False,False,False
Greenland,GRL,1998,56175.0,0.596,10.619,-0.021,-3.37,0.596,0.0,0.0,0.0,0.0,gcb,gcb,owid,0.0,1.0,0.0,False,False,False
Greenland,GRL,1999,56148.0,0.594,10.581,-0.002,-0.402,0.594,0.0,0.0,0.0,0.0,gcb,gcb,owid,0.0,1.0,0.0,False,False,False
Greenland,GRL,2000,56228.0,0.667,11.866,0.073,12.305,0.667,0.0,0.0,0.0,0.0,gcb,gcb,owid,0.0,1.0,0.0,False,False,False
Greenland,GRL,2001,56433.0,0.618,10.948,-0.049,-7.404,0.618,0.0,0.0,0.0,0.0,gcb,gcb,owid,0.0,1.0,0.0,False,False,False
Greenland,GRL,2002,56617.0,0.579,10.234,-0.038,-6.216,0.579,0.0,0.0,0.0,0.0,gcb,gcb,owid,0.0,1.0,0.0,False,False,False
Greenland,GRL,2003,56781.0,0.649,11.435,0.07,12.065,0.649,0.0,0.0,0.0,0.0,gcb,gcb,owid,0.0,1.0,0.0,False,False,False
Greenland,GRL,2004,56926.0,0.623,10.937,-0.027,-4.112,0.623,0.0,0.0,0.0,0.0,gcb,gcb,owid,0.0,1.0,0.0,False,False,False
Greenland,GRL,2005,56969.0,0.627,11.001,0.004,0.658,0.627,0.0,0.0,0.0,0.0,gcb,gcb,owid,0.0,1.0,0.0,False,False,False
Greenland,GRL,2006,56901.0,0.644,11.313,0.017,2.713,0.644,0.0,0.0,0.0,0.0,gcb,gcb,owid,0.0,1.0,0.0,False,False,False
Greenland,GRL,2007,56807.0,0.635,11.182,-0.008,-1.32,0.635,0.0,0.0,0.0,0.0,gcb,gcb,owid,0.0,1.0,0.0,False,False,False
Greenland,GRL,2008,56683.0,0.654,11.531,0.018,2.897,0.654,0.0,0.0,0.0,0.0,gcb,gcb,owid,0.0,1.0,0.0,False,False,False
Greenland,GRL,2009,56547.0,0.577,10.207,-0.076,-11.69,0.577,0.0,0.0,0.0,0.0,gcb,gcb,owid,0.0,1.0,0.0,False,False,False
Greenland,GRL,2010,56634.0,0.661,11.666,0.084,14.467,0.661,0.0,0.0,0.0,0.0,gcb,gcb,owid,0.0,1.0,0.0,False,False,False
Greenland,GRL,2011,56853.0,0.705,12.402,0.044,6.719,0.705,0.0,0.0,0.0,0.0,gcb,gcb,owid,0.0,1.0,0.0,False,False,False
Greenland,GRL,2012,56797.0,0.547,9.631,-0.158,-22.42,0.547,0.0,0.0,0.0,0.0,gcb,gcb,owid,0.0,1.0,0.0,False,False,False
Greenland,GRL,2013,56532.0,0.562,9.945,0.015,2.775,0.562,0.0,0.0,0.0,0.0,gcb,gcb,owid,0.0,1.0,0.0,False,False,False
Greenland,GRL,2014,56195.0,0.503,8.942,-0.06,-10.618,0.503,0.0,0.0,0.0,0.0,gcb,gcb,owid,0.0,1.0,0.0,False,False,False
Greenland,GRL,2015,56048.0,0.548,9.77,0.045,8.974,0.548,0.0,0.0,0.0,0.0,gcb,gcb,owid,0.0,1.0,0.0,False,False,False
Greenland,GRL,2016,56082.0,0.509,9.08,-0.038,-7.012,0.509,0.0,0.0,0.0,0.0,gcb,gcb,owid,0.0,1.0,0.0,False,False,False
Greenland,GRL,2017,56094.0,0.536,9.554,0.027,5.244,0.536,0.0,0.0,0.0,0.0,gcb,gcb,owid,0.0,1.0,0.0,False,False,False
Greenland,GRL,2018,56100.0,0.524,9.336,-0.012,-2.27,0.524,0.0,0.0,0.0,0.0,gcb,gcb,owid,0.0,1.0,0.0,False,False,False
Greenland,GRL,2019,56109.0,0.526,9.377,0.002,0.456,0.526,0.0,0.0,0.0,0.0,gcb,gcb,owid,0.0,1.0,0.0,False,False,False
Greenland,GRL,2020,56105.0,0.55,9.794,0.023,4.444,0.55,0.0,0.0,0.0,0.0,gcb,gcb,owid,0.0,1.0,0.0,False,False,False
Greenland,GRL,2021,56065.0,0.546,9.745,-0.003,-0.574,0.546,0.0,0.0,0.0,0.0,gcb,gcb,owid,0.0,1.0,0.0,False,False,False
Grenada,GRD,1992,101618.0,0.117,1.154,0.007,6.667,0.117,0.0,0.0,0.0,0.0,gcb,gcb,owid,0.0,1.0,0.0,False,False,False
Grenada,GRD,1993,102398.0,0.125,1.217,0.007,6.25,0.125,0.0,0.0,0.0,0.0,gcb,gcb,owid,0.0,1.0,0.0,False,False,False
Grenada,GRD,1994,103150.0,0.143,1.385,0.018,14.706,0.143,0.0,0.0,0.0,0.0,gcb,gcb,owid,0.0,1.0,0.0,False,False,False
Grenada,GRD,1995,103890.0,0.15,1.446,0.007,5.128,0.15,0.0,0.0,0.0,0.0,gcb,gcb,owid,0.0,1.0,0.0,False,False,False
Grenada,GRD,1996,104599.0,0.154,1.471,0.004,2.439,0.154,0.0,0.0,0.0,0.0,gcb,gcb,owid,0.0,1.0,0.0,False,False,False
Grenada,GRD,1997,105309.0,0.169,1.6,0.015,9.524,0.169,0.0,0.0,0.0,0.0,gcb,gcb,owid,0.0,1.0,0.0,False,False,False
Grenada,GRD,1998,106023.0,0.176,1.659,0.007,4.348,0.176,0.0,0.0,0.0,0.0,gcb,gcb,owid,0.0,1.0,0.0,False,False,False
Grenada,GRD,1999,106744.0,0.191,1.785,0.015,8.333,0.191,0.0,0.0,0.0,0.0,gcb,gcb,owid,0.0,1.0,0.0,False,False,False
Grenada,GRD,2000,107466.0,0.187,1.739,-0.004,-1.923,0.187,0.0,0.0,0.0,0.0,gcb,gcb,owid,0.0,1.0,0.0,False,False,False
Grenada,GRD,2001,107998.0,0.194,1.798,0.007,3.922,0.194,0.0,0.0,0.0,0.0,gcb,gcb,owid,0.0,1.0,0.0,False,False,False
Grenada,GRD,2002,108414.0,0.202,1.859,0.007,3.774,0.202,0.0,0.0,0.0,0.0,gcb,gcb,owid,0.0,1.0,0.0,False,False,False
Grenada,GRD,2003,108895.0,0.213,1.952,0.011,5.455,0.213,0.0,0.0,0.0,0.0,gcb,gcb,owid,0.0,1.0,0.0,False,False,False
Grenada,GRD,2004,109338.0,0.205,1.877,-0.007,-3.448,0.205,0.0,0.0,0.0,0.0,gcb,gcb,owid,0.0,1.0,0.0,False,False,False
Grenada,GRD,2005,109744.0,0.216,1.97,0.011,5.357,0.216,0.0,0.0,0.0,0.0,gcb,gcb,owid,0.0,1.0,0.0,False,False,False
Grenada,GRD,2006,110149.0,0.224,2.029,0.007,3.39,0.224,0.0,0.0,0.0,0.0,gcb,gcb,owid,0.0,1.0,0.0,False,False,False
Grenada,GRD,2007,110532.0,0.238,2.155,0.015,6.557,0.238,0.0,0.0,0.0,0.0,gcb,gcb,owid,0.0,1.0,0.0,False,False,False
Grenada,GRD,2008,110911.0,0.26,2.346,0.022,9.231,0.26,0.0,0.0,0.0,0.0,gcb,gcb,owid,0.0,1.0,0.0,False,False,False
Grenada,GRD,2009,111266.0,0.249,2.239,-0.011,-4.225,0.249,0.0,0.0,0.0,0.0,gcb,gcb,owid,0.0,1.0,0.0,False,False,False
Grenada,GRD,2010,111600.0,0.256,2.298,0.007,2.941,0.256,0.0,0.0,0.0,0.0,gcb,gcb,owid,0.0,1.0,0.0,False,False,False
Grenada,GRD,2011,112093.0,0.249,2.223,-0.007,-2.857,0.249,0.0,0.0,0.0,0.0,gcb,gcb,owid,0.0,1.0,0.0,False,False,False
Grenada,GRD,2012,112792.0,0.267,2.371,0.018,7.353,0.267,0.0,0.0,0.0,0.0,gcb,gcb,owid,0.0,1.0,0.0,False,False,False
Grenada,GRD,2013,113499.0,0.3,2.647,0.033,12.329,0.3,0.0,0.0,0.0,0.0,gcb,gcb,owid,0.0,1.0,0.0,False,False,False
Grenada,GRD,2014,114148.0,0.242,2.119,-0.059,-19.512,0.242,0.0,0.0,0.0,0.0,gcb,gcb,owid,0.0,1.0,0.0,False,False,False
Grenada,GRD,2015,114691.0,0.26,2.268,0.018,7.576,0.26,0.0,0.0,0.0,0.0,gcb,gcb,owid,0.0,1.0,0.0,False,False,False
Grenada,GRD,2016,115147.0,0.275,2.387,0.015,5.634,0.275,0.0,0.0,0.0,0.0,gcb,gcb,owid,0.0,1.0,0.0,False,False,False
Grenada,GRD,2017,115448.0,0.293,2.539,0.018,6.667,0.293,0.0,0.0,0.0,0.0,gcb,gcb,owid,0.0,1.0,0.0,False,False,False
Grenada,GRD,2018,115703.0,0.308,2.66,0.015,5.0,0.308,0.0,0.0,0.0,0.0,gcb,gcb,owid,0.0,1.0,0.0,False,False,False
Grenada,GRD,2019,115995.0,0.333,2.874,0.026,8.333,0.333,0.0,0.0,0.0,0.0,gcb,gcb,owid,0.0,1.0,0.0,False,False,False
Grenada,GRD,2020,116353.0,0.289,2.488,-0.044,-13.187,0.289,0.0,0.0,0.0,0.0,gcb,gcb,owid,0.0,1.0,0.0,False,False,False
Grenada,GRD,2021,116696.0,0.311,2.669,0.022,7.595,0.311,0.0,0.0,0.0,0.0,gcb,gcb,owid,0.0,1.0,0.0,False,False,False
Guatemala,GTM,1992,9522265.0,5.791,0.608,1.035,21.758,5.298,0.0,0.018,0.0,0.018,gcb,owid,owid,0.0,0.9966139954853274,0.003386004514672686,False,False,False
Guatemala,GTM,1993,9779760.0,5.572,0.57,-0.22,-3.796,5.078,0.0,0.018,0.0,0.018,gcb,owid,owid,0.0,0.9964678178963894,0.0035321821036106748,False,False,False
Guatemala,GTM,1994,10043713.0,6.639,0.661,1.067,19.155,6.218,0.0,0.018,0.0,0.018,gcb,owid,owid,0.0,0.9971135343168698,0.0028864656831302116,False,False,False
Guatemala,GTM,1995,10312999.0,7.085,0.687,0.446,6.722,6.562,0.0,0.022,0.0,0.022,gcb,owid,owid,0.0,0.9966585662211421,0.0033414337788578367,False,False,False
Guatemala,GTM,1996,10583528.0,6.54,0.618,-0.545,-7.696,6.082,0.0,0.022,0.0,0.022,gcb,owid,owid,0.0,0.9963958060288335,0.003604193971166448,False,False,False
Guatemala,GTM,1997,10857754.0,7.46,0.687,0.921,14.077,6.932,0.0,0.022,0.0,0.022,gcb,owid,owid,0.0,0.996836353178027,0.003163646821972965,False,False,False
Guatemala,GTM,1998,11139147.0,8.62,0.774,1.16,15.548,7.999,0.0,0.0,0.0,0.0,gcb,gcb,owid,0.0,1.0,0.0,False,False,False
Guatemala,GTM,1999,11422977.0,8.874,0.777,0.254,2.942,8.083,0.04,0.0,0.04,0.0,owid,gcb,owid,0.004924289055767574,0.9950757109442325,0.0,False,False,False
Guatemala,GTM,2000,11697592.0,9.742,0.833,0.868,9.783,8.358,0.571,0.0,0.571,0.0,owid,gcb,owid,0.06394893045133833,0.9360510695486617,0.0,False,False,False
Guatemala,GTM,2001,11969423.0,10.147,0.848,0.405,4.162,8.856,0.531,0.0,0.531,0.0,owid,gcb,owid,0.05656759348034516,0.9434324065196548,0.0,False,False,False
Guatemala,GTM,2002,12246923.0,10.694,0.873,0.546,5.381,8.849,1.033,0.0,1.033,0.0,owid,gcb,owid,0.10453349524387776,0.8954665047561223,0.0,False,False,False
Guatemala,GTM,2003,12525843.0,10.411,0.831,-0.282,-2.638,8.636,0.978,0.0,0.978,0.0,owid,gcb,owid,0.1017266486374038,0.8982733513625962,0.0,False,False,False
Guatemala,GTM,2004,12807409.0,11.056,0.863,0.645,6.19,9.142,1.129,0.0,1.129,0.0,owid,gcb,owid,0.1099211371823581,0.8900788628176419,0.0,False,False,False
Guatemala,GTM,2005,13087637.0,12.038,0.92,0.982,8.886,9.563,1.561,0.0,1.561,0.0,owid,gcb,owid,0.14032722042430779,0.8596727795756922,0.0,False,False,False
Guatemala,GTM,2006,13367455.0,12.176,0.911,0.138,1.143,9.513,1.689,0.0,1.689,0.0,owid,gcb,owid,0.15077664702731655,0.8492233529726835,0.0,False,False,False
Guatemala,GTM,2007,13652042.0,12.117,0.888,-0.059,-0.484,9.955,1.187,0.0,1.187,0.0,owid,gcb,owid,0.10653383593609766,0.8934661640639024,0.0,False,False,False
Guatemala,GTM,2008,13935172.0,10.735,0.77,-1.382,-11.408,8.717,1.183,0.0,1.183,0.0,owid,gcb,owid,0.1194949494949495,0.8805050505050506,0.0,False,False,False
Guatemala,GTM,2009,14215614.0,11.725,0.825,0.99,9.222,10.076,0.769,0.0,0.769,0.0,owid,gcb,owid,0.07090825265099124,0.9290917473490088,0.0,False,False,False
Guatemala,GTM,2010,14500118.0,10.817,0.746,-0.908,-7.741,8.712,1.286,0.0,1.286,0.0,owid,gcb,owid,0.128625725145029,0.871374274854971,0.0,False,False,False
Guatemala,GTM,2011,14792123.0,10.979,0.742,0.162,1.499,8.834,1.29,0.0,1.29,0.0,owid,gcb,owid,0.12741999209798502,0.8725800079020151,0.0,False,False,False
Guatemala,GTM,2012,15089639.0,11.347,0.752,0.368,3.347,8.922,1.513,0.0,1.513,0.0,owid,gcb,owid,0.14499281264973646,0.8550071873502636,0.0,False,False,False
Guatemala,GTM,2013,15387339.0,12.493,0.812,1.147,10.106,9.033,2.59,0.0,2.59,0.0,owid,gcb,owid,0.22283403596317647,0.7771659640368236,0.0,False,False,False
Guatemala,GTM,2014,15681725.0,13.425,0.856,0.931,7.455,9.628,2.8,0.0,2.8,0.0,owid,gcb,owid,0.22529771483746378,0.7747022851625361,0.0,False,False,False
Guatemala,GTM,2015,15971745.0,15.449,0.967,2.024,15.079,10.446,4.016,0.0,4.016,0.0,owid,gcb,owid,0.27769326510856035,0.7223067348914396,0.0,False,False,False
Guatemala,GTM,2016,16268761.0,16.524,1.016,1.075,6.955,10.792,4.715,0.0,4.715,0.0,owid,gcb,owid,0.3040562326691172,0.6959437673308828,0.0,False,False,False
Guatemala,GTM,2017,16567363.0,16.993,1.026,0.469,2.838,11.945,3.913,0.0,3.913,0.0,owid,gcb,owid,0.24675242779669565,0.7532475722033043,0.0,False,False,False
Guatemala,GTM,2018,16845688.0,18.338,1.089,1.346,7.919,12.616,4.619,0.0,4.619,0.0,owid,gcb,owid,0.26800116042935884,0.7319988395706412,0.0,False,False,False
Guatemala,GTM,2019,17103803.0,19.259,1.126,0.92,5.019,13.56,4.51,0.0,4.51,0.0,owid,gcb,owid,0.24958494742667403,0.750415052573326,0.0,False,False,False
Guatemala,GTM,2020,17357331.0,17.157,0.988,-2.102,-10.914,12.886,2.913,0.0,2.913,0.0,owid,gcb,owid,0.18437875814924995,0.81562124185075,0.0,False,False,False
Guatemala,GTM,2021,17598652.0,19.984,1.136,2.827,16.479,14.671,3.726,0.0,3.726,0.0,owid,gcb,owid,0.20253302168831877,0.7974669783116813,0.0,False,False,False
Guinea,GIN,1992,6914370.0,1.015,0.147,0.026,2.593,1.015,0.0,0.0,0.0,0.0,gcb,gcb,owid,0.0,1.0,0.0,False,False,False
Guinea,GIN,1993,7128174.0,1.044,0.146,0.029,2.888,1.044,0.0,0.0,0.0,0.0,gcb,gcb,owid,0.0,1.0,0.0,False,False,False
Guinea,GIN,1994,7345106.0,1.085,0.148,0.04,3.86,1.085,0.0,0.0,0.0,0.0,gcb,gcb,owid,0.0,1.0,0.0,False,False,False
Guinea,GIN,1995,7553252.0,1.121,0.148,0.037,3.378,1.121,0.0,0.0,0.0,0.0,gcb,gcb,owid,0.0,1.0,0.0,False,False,False
Guinea,GIN,1996,7770035.0,1.183,0.152,0.062,5.556,1.183,0.0,0.0,0.0,0.0,gcb,gcb,owid,0.0,1.0,0.0,False,False,False
Guinea,GIN,1997,7931371.0,1.238,0.156,0.055,4.644,1.238,0.0,0.0,0.0,0.0,gcb,gcb,owid,0.0,1.0,0.0,False,False,False
Guinea,GIN,1998,8081993.0,1.312,0.162,0.073,5.917,1.312,0.0,0.0,0.0,0.0,gcb,gcb,owid,0.0,1.0,0.0,False,False,False
Guinea,GIN,1999,8265121.0,1.385,0.168,0.073,5.587,1.385,0.0,0.0,0.0,0.0,gcb,gcb,owid,0.0,1.0,0.0,False,False,False
Guinea,GIN,2000,8428837.0,1.444,0.171,0.059,4.233,1.444,0.0,0.0,0.0,0.0,gcb,gcb,owid,0.0,1.0,0.0,False,False,False
Guinea,GIN,2001,8539963.0,1.517,0.178,0.073,5.076,1.517,0.0,0.0,0.0,0.0,gcb,gcb,owid,0.0,1.0,0.0,False,False,False
Guinea,GIN,2002,8674072.0,1.579,0.182,0.062,4.106,1.579,0.0,0.0,0.0,0.0,gcb,gcb,owid,0.0,1.0,0.0,False,False,False
Guinea,GIN,2003,8870790.0,1.652,0.186,0.073,4.64,1.652,0.0,0.0,0.0,0.0,gcb,gcb,owid,0.0,1.0,0.0,False,False,False
Guinea,GIN,2004,9062724.0,1.722,0.19,0.07,4.213,1.722,0.0,0.0,0.0,0.0,gcb,gcb,owid,0.0,1.0,0.0,False,False,False
Guinea,GIN,2005,9245844.0,1.784,0.193,0.062,3.617,1.784,0.0,0.0,0.0,0.0,gcb,gcb,owid,0.0,1.0,0.0,False,False,False
Guinea,GIN,2006,9441174.0,1.847,0.196,0.062,3.491,1.847,0.0,0.0,0.0,0.0,gcb,gcb,owid,0.0,1.0,0.0,False,False,False
Guinea,GIN,2007,9662278.0,1.927,0.199,0.081,4.365,1.927,0.0,0.0,0.0,0.0,gcb,gcb,owid,0.0,1.0,0.0,False,False,False
Guinea,GIN,2008,9898870.0,1.964,0.198,0.037,1.901,1.964,0.0,0.0,0.0,0.0,gcb,gcb,owid,0.0,1.0,0.0,False,False,False
Guinea,GIN,2009,10143540.0,2.092,0.206,0.128,6.53,2.092,0.0,0.0,0.0,0.0,gcb,gcb,owid,0.0,1.0,0.0,False,False,False
Guinea,GIN,2010,10396090.0,2.459,0.236,0.366,17.513,2.459,0.0,0.0,0.0,0.0,gcb,gcb,owid,0.0,1.0,0.0,False,False,False
Guinea,GIN,2011,10656812.0,2.557,0.24,0.099,4.024,2.557,0.0,0.0,0.0,0.0,gcb,gcb,owid,0.0,1.0,0.0,False,False,False
Guinea,GIN,2012,10921580.0,2.393,0.219,-0.165,-6.447,2.393,0.0,0.0,0.0,0.0,gcb,gcb,owid,0.0,1.0,0.0,False,False,False
Guinea,GIN,2013,11191874.0,2.077,0.186,-0.315,-13.17,2.077,0.0,0.0,0.0,0.0,gcb,gcb,owid,0.0,1.0,0.0,False,False,False
Guinea,GIN,2014,11472921.0,2.371,0.207,0.293,14.109,2.371,0.0,0.0,0.0,0.0,gcb,gcb,owid,0.0,1.0,0.0,False,False,False
Guinea,GIN,2015,11767077.0,2.454,0.209,0.084,3.535,2.454,0.0,0.0,0.0,0.0,gcb,gcb,owid,0.0,1.0,0.0,False,False,False
Guinea,GIN,2016,12073031.0,2.7,0.224,0.245,9.999,2.7,0.0,0.0,0.0,0.0,gcb,gcb,owid,0.0,1.0,0.0,False,False,False
Guinea,GIN,2017,12385668.0,4.847,0.391,2.148,79.548,4.847,0.0,0.0,0.0,0.0,gcb,gcb,owid,0.0,1.0,0.0,False,False,False
Guinea,GIN,2018,12704776.0,3.77,0.297,-1.077,-22.222,3.77,0.0,0.0,0.0,0.0,gcb,gcb,owid,0.0,1.0,0.0,False,False,False
Guinea,GIN,2019,13034349.0,4.104,0.315,0.334,8.856,4.104,0.0,0.0,0.0,0.0,gcb,gcb,owid,0.0,1.0,0.0,False,False,False
Guinea,GIN,2020,13371185.0,4.43,0.331,0.326,7.945,4.43,0.0,0.0,0.0,0.0,gcb,gcb,owid,0.0,1.0,0.0,False,False,False
Guinea,GIN,2021,13710515.0,4.068,0.297,-0.363,-8.187,4.068,0.0,0.0,0.0,0.0,gcb,gcb,owid,0.0,1.0,0.0,False,False,False
Guinea-Bissau,GNB,1992,1024365.0,0.095,0.093,0.0,0.0,0.095,0.0,0.0,0.0,0.0,gcb,gcb,owid,0.0,1.0,0.0,False,False,False
Guinea-Bissau,GNB,1993,1058755.0,0.099,0.093,0.004,3.846,0.099,0.0,0.0,0.0,0.0,gcb,gcb,owid,0.0,1.0,0.0,False,False,False
Guinea-Bissau,GNB,1994,1092037.0,0.099,0.091,0.0,0.0,0.099,0.0,0.0,0.0,0.0,gcb,gcb,owid,0.0,1.0,0.0,False,False,False
Guinea-Bissau,GNB,1995,1119950.0,0.103,0.092,0.004,3.704,0.103,0.0,0.0,0.0,0.0,gcb,gcb,owid,0.0,1.0,0.0,False,False,False
Guinea-Bissau,GNB,1996,1143544.0,0.099,0.087,-0.004,-3.571,0.099,0.0,0.0,0.0,0.0,gcb,gcb,owid,0.0,1.0,0.0,False,False,False
Guinea-Bissau,GNB,1997,1165550.0,0.117,0.101,0.018,18.519,0.117,0.0,0.0,0.0,0.0,gcb,gcb,owid,0.0,1.0,0.0,False,False,False
Guinea-Bissau,GNB,1998,1187478.0,0.088,0.074,-0.029,-25.0,0.088,0.0,0.0,0.0,0.0,gcb,gcb,owid,0.0,1.0,0.0,False,False,False
Guinea-Bissau,GNB,1999,1210211.0,0.099,0.082,0.011,12.5,0.099,0.0,0.0,0.0,0.0,gcb,gcb,owid,0.0,1.0,0.0,False,False,False
Guinea-Bissau,GNB,2000,1234747.0,0.051,0.042,-0.048,-48.148,0.051,0.0,0.0,0.0,0.0,gcb,gcb,owid,0.0,1.0,0.0,False,False,False
Guinea-Bissau,GNB,2001,1261281.0,0.048,0.038,-0.004,-7.143,0.048,0.0,0.0,0.0,0.0,gcb,gcb,owid,0.0,1.0,0.0,False,False,False
Guinea-Bissau,GNB,2002,1289317.0,0.062,0.048,0.015,30.769,0.062,0.0,0.0,0.0,0.0,gcb,gcb,owid,0.0,1.0,0.0,False,False,False
Guinea-Bissau,GNB,2003,1318809.0,0.073,0.056,0.011,17.647,0.073,0.0,0.0,0.0,0.0,gcb,gcb,owid,0.0,1.0,0.0,False,False,False
Guinea-Bissau,GNB,2004,1349569.0,0.044,0.033,-0.029,-40.0,0.044,0.0,0.0,0.0,0.0,gcb,gcb,owid,0.0,1.0,0.0,False,False,False
Guinea-Bissau,GNB,2005,1381590.0,0.092,0.066,0.048,108.333,0.092,0.0,0.0,0.0,0.0,gcb,gcb,owid,0.0,1.0,0.0,False,False,False
Guinea-Bissau,GNB,2006,1415315.0,0.117,0.083,0.026,28.0,0.117,0.0,0.0,0.0,0.0,gcb,gcb,owid,0.0,1.0,0.0,False,False,False
Guinea-Bissau,GNB,2007,1450989.0,0.084,0.058,-0.033,-28.125,0.084,0.0,0.0,0.0,0.0,gcb,gcb,owid,0.0,1.0,0.0,False,False,False
Guinea-Bissau,GNB,2008,1488059.0,0.117,0.079,0.033,39.13,0.117,0.0,0.0,0.0,0.0,gcb,gcb,owid,0.0,1.0,0.0,False,False,False
Guinea-Bissau,GNB,2009,1526384.0,0.099,0.065,-0.018,-15.625,0.099,0.0,0.0,0.0,0.0,gcb,gcb,owid,0.0,1.0,0.0,False,False,False
Guinea-Bissau,GNB,2010,1566352.0,0.103,0.065,0.004,3.704,0.103,0.0,0.0,0.0,0.0,gcb,gcb,owid,0.0,1.0,0.0,False,False,False
Guinea-Bissau,GNB,2011,1608084.0,0.11,0.068,0.007,7.143,0.11,0.0,0.0,0.0,0.0,gcb,gcb,owid,0.0,1.0,0.0,False,False,False
Guinea-Bissau,GNB,2012,1651425.0,0.114,0.069,0.004,3.333,0.114,0.0,0.0,0.0,0.0,gcb,gcb,owid,0.0,1.0,0.0,False,False,False
Guinea-Bissau,GNB,2013,1695980.0,0.143,0.084,0.029,25.806,0.143,0.0,0.0,0.0,0.0,gcb,gcb,owid,0.0,1.0,0.0,False,False,False
Guinea-Bissau,GNB,2014,1741126.0,0.143,0.082,0.0,0.0,0.143,0.0,0.0,0.0,0.0,gcb,gcb,owid,0.0,1.0,0.0,False,False,False
Guinea-Bissau,GNB,2015,1786461.0,0.154,0.086,0.011,7.692,0.154,0.0,0.0,0.0,0.0,gcb,gcb,owid,0.0,1.0,0.0,False,False,False
Guinea-Bissau,GNB,2016,1831898.0,0.169,0.092,0.015,9.524,0.169,0.0,0.0,0.0,0.0,gcb,gcb,owid,0.0,1.0,0.0,False,False,False
Guinea-Bissau,GNB,2017,1877074.0,0.183,0.098,0.015,8.696,0.183,0.0,0.0,0.0,0.0,gcb,gcb,owid,0.0,1.0,0.0,False,False,False
Guinea-Bissau,GNB,2018,1922167.0,0.198,0.103,0.015,8.0,0.198,0.0,0.0,0.0,0.0,gcb,gcb,owid,0.0,1.0,0.0,False,False,False
Guinea-Bissau,GNB,2019,1967704.0,0.256,0.13,0.059,29.63,0.256,0.0,0.0,0.0,0.0,gcb,gcb,owid,0.0,1.0,0.0,False,False,False
Guinea-Bissau,GNB,2020,2013259.0,0.311,0.155,0.055,21.429,0.311,0.0,0.0,0.0,0.0,gcb,gcb,owid,0.0,1.0,0.0,False,False,False
Guinea-Bissau,GNB,2021,2058841.0,0.341,0.166,0.029,9.412,0.341,0.0,0.0,0.0,0.0,gcb,gcb,owid,0.0,1.0,0.0,False,False,False
Guyana,GUY,1992,749919.0,1.041,1.388,-0.066,-5.96,1.041,0.0,0.0,0.0,0.0,gcb,gcb,owid,0.0,1.0,0.0,False,False,False
Guyana,GUY,1993,752969.0,1.044,1.387,0.004,0.352,1.044,0.0,0.0,0.0,0.0,gcb,gcb,owid,0.0,1.0,0.0,False,False,False
Guyana,GUY,1994,755821.0,1.458,1.929,0.414,39.649,1.458,0.0,0.0,0.0,0.0,gcb,gcb,owid,0.0,1.0,0.0,False,False,False
Guyana,GUY,1995,758395.0,1.565,2.063,0.106,7.286,1.565,0.0,0.0,0.0,0.0,gcb,gcb,owid,0.0,1.0,0.0,False,False,False
Guyana,GUY,1996,760535.0,1.656,2.178,0.092,5.855,1.656,0.0,0.0,0.0,0.0,gcb,gcb,owid,0.0,1.0,0.0,False,False,False
Guyana,GUY,1997,762250.0,1.806,2.37,0.15,9.071,1.806,0.0,0.0,0.0,0.0,gcb,gcb,owid,0.0,1.0,0.0,False,False,False
Guyana,GUY,1998,763596.0,1.828,2.394,0.022,1.217,1.828,0.0,0.0,0.0,0.0,gcb,gcb,owid,0.0,1.0,0.0,False,False,False
Guyana,GUY,1999,764490.0,1.836,2.401,0.007,0.401,1.836,0.0,0.0,0.0,0.0,gcb,gcb,owid,0.0,1.0,0.0,False,False,False
Guyana,GUY,2000,764836.0,1.748,2.285,-0.088,-4.79,1.748,0.0,0.0,0.0,0.0,gcb,gcb,owid,0.0,1.0,0.0,False,False,False
Guyana,GUY,2001,764484.0,1.74,2.277,-0.007,-0.419,1.74,0.0,0.0,0.0,0.0,gcb,gcb,owid,0.0,1.0,0.0,False,False,False
Guyana,GUY,2002,763657.0,1.711,2.241,-0.029,-1.684,1.711,0.0,0.0,0.0,0.0,gcb,gcb,owid,0.0,1.0,0.0,False,False,False
Guyana,GUY,2003,763107.0,1.869,2.449,0.158,9.208,1.869,0.0,0.0,0.0,0.0,gcb,gcb,owid,0.0,1.0,0.0,False,False,False
Guyana,GUY,2004,762424.0,1.927,2.528,0.059,3.137,1.927,0.0,0.0,0.0,0.0,gcb,gcb,owid,0.0,1.0,0.0,False,False,False
Guyana,GUY,2005,760922.0,1.616,2.124,-0.311,-16.16,1.616,0.0,0.0,0.0,0.0,gcb,gcb,owid,0.0,1.0,0.0,False,False,False
Guyana,GUY,2006,758976.0,1.51,1.989,-0.106,-6.576,1.51,0.0,0.0,0.0,0.0,gcb,gcb,owid,0.0,1.0,0.0,False,False,False
Guyana,GUY,2007,756874.0,1.781,2.353,0.271,17.961,1.781,0.0,0.0,0.0,0.0,gcb,gcb,owid,0.0,1.0,0.0,False,False,False
Guyana,GUY,2008,754614.0,1.704,2.258,-0.077,-4.321,1.704,0.0,0.0,0.0,0.0,gcb,gcb,owid,0.0,1.0,0.0,False,False,False
Guyana,GUY,2009,752097.0,1.905,2.533,0.202,11.828,1.905,0.0,0.0,0.0,0.0,gcb,gcb,owid,0.0,1.0,0.0,False,False,False
Guyana,GUY,2010,749259.0,1.883,2.514,-0.022,-1.154,1.883,0.0,0.0,0.0,0.0,owid,gcb,owid,0.0,1.0,0.0,False,False,False
Guyana,GUY,2011,746161.0,1.957,2.622,0.073,3.891,1.957,0.0,0.0,0.0,0.0,owid,gcb,owid,0.0,1.0,0.0,False,False,False
Guyana,GUY,2012,746296.0,1.957,2.622,0.0,0.0,1.957,0.0,0.0,0.0,0.0,owid,gcb,owid,0.0,1.0,0.0,False,False,False
Guyana,GUY,2013,750020.0,1.902,2.535,-0.055,-2.809,1.902,0.0,0.0,0.0,0.0,owid,gcb,owid,0.0,1.0,0.0,False,False,False
Guyana,GUY,2014,754231.0,1.975,2.618,0.073,3.854,1.975,0.0,0.0,0.0,0.0,owid,gcb,owid,0.0,1.0,0.0,False,False,False
Guyana,GUY,2015,758783.0,1.964,2.588,-0.011,-0.557,1.964,0.0,0.0,0.0,0.0,owid,gcb,owid,0.0,1.0,0.0,False,False,False
Guyana,GUY,2016,763553.0,2.209,2.893,0.245,12.488,2.194,0.015,0.0,0.015,0.0,owid,gcb,owid,0.006790402897238569,0.9932095971027614,0.0,False,False,False
Guyana,GUY,2017,768483.0,2.158,2.808,-0.051,-2.311,2.158,0.0,0.0,0.0,0.0,owid,gcb,owid,0.0,1.0,0.0,False,False,False
Guyana,GUY,2018,791563.0,2.319,2.93,0.161,7.47,2.319,0.0,0.0,0.0,0.0,owid,owid,owid,0.0,1.0,0.0,False,False,False
Guyana,GUY,2019,807668.0,2.645,3.275,0.326,14.051,2.645,0.0,0.0,0.0,0.0,owid,owid,owid,0.0,1.0,0.0,False,False,False
Guyana,GUY,2020,807486.0,3.1,3.839,0.455,17.203,2.568,0.0,0.004,0.0,0.004,owid,owid,owid,0.0,0.9984447900466563,0.0015552099533437014,False,False,False
Guyana,GUY,2021,815484.0,2.933,3.596,-0.167,-5.402,2.682,0.0,0.004,0.0,0.004,owid,owid,owid,0.0,0.9985107967237528,0.0014892032762472078,False,False,False
Haiti,HTI,1992,7136577.0,0.887,0.124,-0.088,-8.986,0.733,0.07,0.0,0.07,0.0,owid,gcb,owid,0.08717310087173102,0.9128268991282691,0.0,False,False,False
Haiti,HTI,1993,7278182.0,0.683,0.094,-0.204,-22.957,0.641,0.0,0.0,0.0,0.0,gcb,gcb,owid,0.0,1.0,0.0,False,False,False
Haiti,HTI,1994,7419776.0,0.183,0.025,-0.5,-73.181,0.183,0.0,0.0,0.0,0.0,gcb,gcb,owid,0.0,1.0,0.0,False,False,False
Haiti,HTI,1995,7562551.0,0.876,0.116,0.692,378.0,0.876,0.0,0.0,0.0,0.0,gcb,gcb,owid,0.0,1.0,0.0,False,False,False
Haiti,HTI,1996,7707560.0,1.019,0.132,0.143,16.318,1.019,0.0,0.0,0.0,0.0,gcb,gcb,owid,0.0,1.0,0.0,False,False,False
Haiti,HTI,1997,7854304.0,1.348,0.172,0.33,32.374,1.348,0.0,0.0,0.0,0.0,gcb,gcb,owid,0.0,1.0,0.0,False,False,False
Haiti,HTI,1998,8002144.0,1.235,0.154,-0.114,-8.424,1.235,0.0,0.0,0.0,0.0,gcb,gcb,owid,0.0,1.0,0.0,False,False,False
Haiti,HTI,1999,8151301.0,1.271,0.156,0.037,2.967,1.271,0.0,0.0,0.0,0.0,gcb,gcb,owid,0.0,1.0,0.0,False,False,False
Haiti,HTI,2000,8303151.0,1.634,0.197,0.363,28.53,1.634,0.0,0.0,0.0,0.0,gcb,gcb,owid,0.0,1.0,0.0,False,False,False
Haiti,HTI,2001,8455917.0,1.466,0.173,-0.168,-10.264,1.385,0.0,0.0,0.0,0.0,gcb,gcb,owid,0.0,1.0,0.0,False,False,False
Haiti,HTI,2002,8607648.0,1.778,0.207,0.311,21.229,1.663,0.0,0.0,0.0,0.0,gcb,gcb,owid,0.0,1.0,0.0,False,False,False
Haiti,HTI,2003,8759913.0,1.692,0.193,-0.086,-4.818,1.579,0.0,0.0,0.0,0.0,gcb,gcb,owid,0.0,1.0,0.0,False,False,False
Haiti,HTI,2004,8910267.0,1.643,0.184,-0.049,-2.899,1.528,0.0,0.0,0.0,0.0,gcb,gcb,owid,0.0,1.0,0.0,False,False,False
Haiti,HTI,2005,9061274.0,1.715,0.189,0.072,4.367,1.601,0.0,0.0,0.0,0.0,gcb,gcb,owid,0.0,1.0,0.0,False,False,False
Haiti,HTI,2006,9216569.0,1.746,0.189,0.031,1.807,1.634,0.0,0.0,0.0,0.0,gcb,gcb,owid,0.0,1.0,0.0,False,False,False
Haiti,HTI,2007,9373300.0,1.766,0.188,0.021,1.186,1.656,0.0,0.0,0.0,0.0,gcb,gcb,owid,0.0,1.0,0.0,False,False,False
Haiti,HTI,2008,9530782.0,1.754,0.184,-0.013,-0.722,1.641,0.0,0.0,0.0,0.0,gcb,gcb,owid,0.0,1.0,0.0,False,False,False
Haiti,HTI,2009,9689585.0,1.881,0.194,0.127,7.256,1.77,0.0,0.0,0.0,0.0,gcb,gcb,owid,0.0,1.0,0.0,False,False,False
Haiti,HTI,2010,9803299.0,2.129,0.217,0.248,13.21,2.019,0.0,0.0,0.0,0.0,gcb,gcb,owid,0.0,1.0,0.0,False,False,False
Haiti,HTI,2011,9914904.0,2.272,0.229,0.142,6.679,2.253,0.0,0.0,0.0,0.0,gcb,gcb,owid,0.0,1.0,0.0,False,False,False
Haiti,HTI,2012,10069770.0,2.262,0.225,-0.009,-0.414,2.235,0.0,0.0,0.0,0.0,gcb,gcb,owid,0.0,1.0,0.0,False,False,False
Haiti,HTI,2013,10222365.0,2.703,0.264,0.441,19.492,2.667,0.0,0.0,0.0,0.0,gcb,gcb,owid,0.0,1.0,0.0,False,False,False
Haiti,HTI,2014,10373241.0,2.698,0.26,-0.005,-0.177,2.627,0.0,0.0,0.0,0.0,gcb,gcb,owid,0.0,1.0,0.0,False,False,False
Haiti,HTI,2015,10523249.0,2.654,0.252,-0.044,-1.629,2.583,0.0,0.0,0.0,0.0,gcb,gcb,owid,0.0,1.0,0.0,False,False,False
Haiti,HTI,2016,10671462.0,2.977,0.279,0.322,12.147,2.906,0.0,0.0,0.0,0.0,gcb,gcb,owid,0.0,1.0,0.0,False,False,False
Haiti,HTI,2017,10817759.0,3.133,0.29,0.157,5.26,3.026,0.0,0.0,0.0,0.0,gcb,gcb,owid,0.0,1.0,0.0,False,False,False
Haiti,HTI,2018,10962373.0,3.401,0.31,0.267,8.536,3.294,0.0,0.0,0.0,0.0,gcb,gcb,owid,0.0,1.0,0.0,False,False,False
Haiti,HTI,2019,11105165.0,3.119,0.281,-0.282,-8.296,3.012,0.0,0.0,0.0,0.0,gcb,gcb,owid,0.0,1.0,0.0,False,False,False
Haiti,HTI,2020,11243846.0,3.265,0.29,0.147,4.699,3.158,0.0,0.0,0.0,0.0,gcb,gcb,owid,0.0,1.0,0.0,False,False,False
Haiti,HTI,2021,11374592.0,3.507,0.308,0.242,7.406,3.4,0.0,0.0,0.0,0.0,gcb,gcb,owid,0.0,1.0,0.0,False,False,False
Honduras,HND,1992,5271437.0,2.803,0.532,0.276,10.936,2.529,0.004,0.0,0.004,0.0,owid,gcb,owid,0.0015791551519936835,0.9984208448480063,0.0,False,False,False
Honduras,HND,1993,5423253.0,2.941,0.542,0.137,4.904,2.638,0.004,0.0,0.004,0.0,owid,gcb,owid,0.001514004542013626,0.9984859954579863,0.0,False,False,False
Honduras,HND,1994,5579247.0,3.231,0.579,0.29,9.87,2.975,0.004,0.0,0.004,0.0,owid,gcb,owid,0.001342732460557234,0.9986572675394427,0.0,False,False,False
Honduras,HND,1995,5739636.0,3.836,0.668,0.605,18.731,3.539,0.004,0.0,0.004,0.0,owid,gcb,owid,0.0011289867344058708,0.9988710132655941,0.0,False,False,False
Honduras,HND,1996,5903962.0,3.876,0.656,0.039,1.024,3.488,0.004,0.0,0.004,0.0,owid,gcb,owid,0.001145475372279496,0.9988545246277205,0.0,False,False,False
Honduras,HND,1997,6071458.0,4.01,0.661,0.135,3.479,3.591,0.004,0.0,0.004,0.0,owid,gcb,owid,0.0011126564673157161,0.9988873435326843,0.0,False,False,False
Honduras,HND,1998,6234436.0,4.811,0.772,0.8,19.955,4.452,0.004,0.0,0.004,0.0,owid,gcb,owid,0.0008976660682226213,0.9991023339317775,0.0,False,False,False
Honduras,HND,1999,6400470.0,4.705,0.735,-0.106,-2.204,4.173,0.147,0.0,0.147,0.0,owid,gcb,owid,0.034027777777777775,0.9659722222222221,0.0,False,False,False
Honduras,HND,2000,6577781.0,5.032,0.765,0.327,6.95,4.18,0.352,0.0,0.352,0.0,owid,gcb,owid,0.07766990291262135,0.9223300970873786,0.0,False,False,False
Honduras,HND,2001,6757992.0,5.665,0.838,0.633,12.588,4.833,0.322,0.0,0.322,0.0,owid,gcb,owid,0.06246362754607177,0.9375363724539282,0.0,False,False,False
Honduras,HND,2002,6938866.0,5.945,0.857,0.28,4.95,5.108,0.37,0.0,0.37,0.0,owid,gcb,owid,0.06754289886820007,0.9324571011317999,0.0,False,False,False
Honduras,HND,2003,7119213.0,6.687,0.939,0.741,12.472,5.763,0.443,0.0,0.443,0.0,owid,gcb,owid,0.07138253303254916,0.928617466967451,0.0,False,False,False
Honduras,HND,2004,7299003.0,7.194,0.986,0.507,7.588,6.21,0.462,0.0,0.462,0.0,owid,gcb,owid,0.06924460431654676,0.9307553956834532,0.0,False,False,False
Honduras,HND,2005,7478362.0,6.835,0.914,-0.359,-4.994,6.225,0.095,0.0,0.095,0.0,owid,gcb,owid,0.015031645569620255,0.9849683544303798,0.0,False,False,False
Honduras,HND,2006,7656832.0,7.698,1.005,0.863,12.632,6.903,0.176,0.0,0.176,0.0,owid,gcb,owid,0.024862268682017234,0.9751377313179828,0.0,False,False,False
Honduras,HND,2007,7834806.0,8.216,1.049,0.518,6.732,7.386,0.187,0.0,0.187,0.0,owid,gcb,owid,0.024692988247722168,0.9753070117522777,0.0,False,False,False
Honduras,HND,2008,8012590.0,8.533,1.065,0.316,3.852,7.573,0.311,0.0,0.311,0.0,owid,gcb,owid,0.03944698122780314,0.9605530187721969,0.0,False,False,False
Honduras,HND,2009,8189904.0,8.03,0.981,-0.502,-5.889,7.126,0.268,0.0,0.268,0.0,owid,gcb,owid,0.03624560454422505,0.963754395455775,0.0,False,False,False
Honduras,HND,2010,8365881.0,8.107,0.969,0.076,0.948,7.222,0.278,0.0,0.278,0.0,owid,gcb,owid,0.03706666666666667,0.9629333333333334,0.0,False,False,False
Honduras,HND,2011,8540587.0,8.857,1.037,0.75,9.253,7.856,0.333,0.0,0.333,0.0,owid,gcb,owid,0.040664305776041035,0.9593356942239589,0.0,False,False,False
Honduras,HND,2012,8715081.0,9.108,1.045,0.252,2.842,7.962,0.381,0.0,0.381,0.0,owid,gcb,owid,0.045667026249550526,0.9543329737504495,0.0,False,False,False
Honduras,HND,2013,8889276.0,9.328,1.049,0.22,2.414,8.266,0.37,0.0,0.37,0.0,owid,gcb,owid,0.042843909217230206,0.9571560907827699,0.0,False,False,False
Honduras,HND,2014,9063127.0,9.503,1.049,0.175,1.876,8.449,0.392,0.0,0.392,0.0,owid,gcb,owid,0.04433887569279494,0.9556611243072052,0.0,False,False,False
Honduras,HND,2015,9237306.0,10.898,1.18,1.395,14.675,9.838,0.337,0.0,0.337,0.0,owid,gcb,owid,0.033120393120393124,0.966879606879607,0.0,False,False,False
Honduras,HND,2016,9412380.0,9.939,1.056,-0.959,-8.8,9.006,0.15,0.0,0.15,0.0,owid,gcb,owid,0.0163826998689384,0.9836173001310615,0.0,False,False,False
Honduras,HND,2017,9588144.0,10.198,1.064,0.259,2.608,9.284,0.004,0.0,0.004,0.0,owid,gcb,owid,0.0004306632213608958,0.9995693367786391,0.0,False,False,False
Honduras,HND,2018,9765209.0,9.876,1.011,-0.322,-3.155,9.043,0.0,0.0,0.0,0.0,gcb,gcb,owid,0.0,1.0,0.0,False,False,False
Honduras,HND,2019,9943637.0,10.963,1.102,1.086,11.0,10.197,0.0,0.0,0.0,0.0,gcb,gcb,owid,0.0,1.0,0.0,False,False,False
Honduras,HND,2020,10119638.0,9.977,0.986,-0.986,-8.992,9.343,0.0,0.0,0.0,0.0,gcb,gcb,owid,0.0,1.0,0.0,False,False,False
Honduras,HND,2021,10289881.0,11.06,1.075,1.083,10.855,10.358,0.0,0.0,0.0,0.0,gcb,gcb,owid,0.0,1.0,0.0,False,False,False
Hong Kong,HKG,1992,5759558.0,32.922,5.716,4.459,15.666,11.542,20.713,0.0,20.713,0.0,owid,gcb,owid,0.6421640055805301,0.35783599441946984,0.0,False,False,False
Hong Kong,HKG,1993,5902506.0,34.778,5.892,1.856,5.637,10.093,23.989,0.0,23.989,0.0,owid,gcb,owid,0.7038612757467285,0.29613872425327153,0.0,False,False,False
Hong Kong,HKG,1994,6042259.0,31.079,5.144,-3.699,-10.635,13.161,17.137,0.0,17.137,0.0,owid,gcb,owid,0.5656148920720839,0.434385107927916,0.0,False,False,False
Hong Kong,HKG,1995,6177105.0,31.271,5.062,0.191,0.616,11.967,18.474,0.055,18.474,0.055,owid,owid,owid,0.6057843651626442,0.39241211962224554,0.0018035152151101783,False,False,False
Hong Kong,HKG,1996,6302469.0,28.909,4.587,-2.362,-7.554,11.213,13.731,3.144,13.731,3.144,owid,owid,owid,0.4888564511535175,0.39920962688692674,0.11193392195955568,False,False,False
Hong Kong,HKG,1997,6416674.0,30.497,4.753,1.588,5.495,13.223,11.582,4.913,11.582,4.913,owid,owid,owid,0.38973012988761024,0.44494918904367725,0.16532068106871256,False,False,False
Hong Kong,HKG,1998,6521331.0,38.925,5.969,8.428,27.636,19.383,14.312,4.609,14.312,4.609,owid,owid,owid,0.37364243943191305,0.5060307017543859,0.12032685881370091,False,False,False
Hong Kong,HKG,1999,6616524.0,42.549,6.431,3.624,9.31,25.21,11.698,5.082,11.698,5.082,owid,owid,owid,0.27859014050964515,0.6003810431055013,0.12102881638485352,False,False,False
Hong Kong,HKG,2000,6704665.0,39.765,5.931,-2.784,-6.542,20.718,14.464,4.583,14.464,4.583,owid,owid,owid,0.3637369546083239,0.5210109392682006,0.11525210612347542,False,False,False
Hong Kong,HKG,2001,6774243.0,37.289,5.504,-2.477,-6.229,17.455,15.14,4.694,15.14,4.694,owid,owid,owid,0.4060178604950522,0.46810051221539856,0.12588162728954919,False,False,False
Hong Kong,HKG,2002,6821412.0,39.003,5.718,1.715,4.599,14.77,19.661,4.573,19.661,4.573,owid,owid,owid,0.5040765049738489,0.3786791098348887,0.11724438519126246,False,False,False
Hong Kong,HKG,2003,6858906.0,42.733,6.23,3.73,9.563,14.753,25.06,2.92,25.06,2.92,owid,owid,owid,0.5864320314511032,0.3452367023143706,0.068331266234526,False,False,False
Hong Kong,HKG,2004,6888164.0,41.158,5.975,-1.575,-3.687,13.768,23.169,4.221,23.169,4.221,owid,owid,owid,0.5629282278050439,0.33451576850187087,0.10255600369308518,False,False,False
Hong Kong,HKG,2005,6908483.0,43.334,6.273,2.176,5.288,13.65,25.467,4.218,25.467,4.218,owid,owid,owid,0.5876773970231914,0.31498788508134307,0.09733471789546558,False,False,False
Hong Kong,HKG,2006,6931089.0,41.915,6.047,-1.419,-3.275,11.823,25.239,4.459,25.239,4.459,owid,owid,owid,0.6078610823438741,0.2847474771802221,0.10739144047590375,False,False,False
Hong Kong,HKG,2007,6971344.0,43.572,6.25,1.658,3.955,11.732,27.605,3.851,27.605,3.851,owid,owid,owid,0.6391821802352505,0.27164953227748445,0.08916828748726498,False,False,False
Hong Kong,HKG,2008,7020689.0,42.794,6.095,-0.778,-1.786,11.714,25.963,4.573,25.963,4.573,owid,owid,owid,0.614508875739645,0.2772544378698225,0.10823668639053255,False,False,False
Hong Kong,HKG,2009,7064464.0,41.583,5.886,-1.211,-2.83,8.863,27.117,5.174,27.117,5.174,owid,owid,owid,0.6589152937746027,0.2153618117315449,0.12572289449385235,False,False,False
Hong Kong,HKG,2010,7101614.0,40.063,5.641,-1.52,-3.656,9.438,23.589,6.478,23.589,6.478,owid,owid,owid,0.5971142893304644,0.23890646753575498,0.1639792431337805,False,False,False
Hong Kong,HKG,2011,7142969.0,43.15,6.041,3.087,7.705,9.237,28.063,5.269,28.063,5.269,owid,owid,owid,0.6592355939768376,0.21698888862787477,0.12377551739528767,False,False,False
Hong Kong,HKG,2012,7201059.0,42.738,5.935,-0.411,-0.953,9.6,27.623,4.884,27.623,4.884,owid,owid,owid,0.6560191892084452,0.22799059538794025,0.11599021540361461,False,False,False
Hong Kong,HKG,2013,7264330.0,44.31,6.1,1.572,3.678,9.428,29.45,4.756,29.45,4.756,owid,owid,owid,0.6749323921712426,0.21607003712701106,0.10899757070174634,False,False,False
Hong Kong,HKG,2014,7319502.0,45.492,6.215,1.181,2.666,9.267,30.853,4.646,30.853,4.646,owid,owid,owid,0.6892060939105571,0.2070097842112317,0.10378412187821112,False,False,False
Hong Kong,HKG,2015,7366411.0,42.404,5.756,-3.088,-6.789,10.212,25.373,6.082,25.373,6.082,owid,owid,owid,0.6089471284229726,0.2450860393116855,0.14596683226534188,False,False,False
Hong Kong,HKG,2016,7408006.0,43.366,5.854,0.962,2.269,11.053,25.375,6.236,25.375,6.236,owid,owid,owid,0.5947637352334522,0.25907087942996443,0.14616538533658355,False,False,False
Hong Kong,HKG,2017,7444889.0,42.431,5.699,-0.935,-2.155,11.838,23.772,6.218,23.772,6.218,owid,owid,owid,0.5683274361671606,0.2830161614229702,0.14865640240986897,False,False,False
Hong Kong,HKG,2018,7471190.0,42.597,5.702,0.166,0.391,11.5,24.411,6.06,24.411,6.06,owid,owid,owid,0.5816158776297919,0.2739987133973458,0.1443854089728622,False,False,False
Hong Kong,HKG,2019,7485817.0,41.897,5.597,-0.7,-1.644,11.621,23.378,6.287,23.378,6.287,owid,owid,owid,0.5662452162960809,0.28147556072276314,0.15227922298115584,False,False,False
Hong Kong,HKG,2020,7490240.0,33.513,4.474,-8.384,-20.01,11.051,12.447,9.431,12.447,9.431,owid,owid,owid,0.3779950803243342,0.33560083816696534,0.28640408150870056,False,False,False
Hong Kong,HKG,2021,7484604.0,33.637,4.494,0.124,0.37,9.889,13.832,9.424,13.832,9.424,owid,owid,owid,0.41731784582893355,0.29835570976014486,0.28432644441092175,False,False,False
Hungary,HUN,1992,10371477.0,62.281,6.005,-7.544,-10.804,21.748,20.751,17.622,20.751,17.622,owid,owid,owid,0.34515393955523027,0.3617371633871692,0.2931088970576005,False,False,False
Hungary,HUN,1993,10356869.0,62.991,6.082,0.711,1.141,21.508,20.066,19.158,20.066,19.158,owid,owid,owid,0.3304024237634196,0.35414608443654083,0.31545149180003956,False,False,False
Hungary,HUN,1994,10339936.0,61.88,5.985,-1.111,-1.764,21.2,18.693,19.453,18.693,19.453,owid,owid,owid,0.31498331816803155,0.35722710881946546,0.32778957301250294,False,False,False
Hungary,HUN,1995,10322792.0,61.464,5.954,-0.416,-0.673,19.802,18.394,20.935,18.394,20.935,owid,owid,owid,0.3110720265173936,0.3348835636129949,0.3540444098696115,False,False,False
Hungary,HUN,1996,10302238.0,63.083,6.123,1.619,2.634,18.5,18.914,23.508,18.914,23.508,owid,owid,owid,0.3104625586815929,0.30366698401234365,0.3858704573060635,False,False,False
Hungary,HUN,1997,10278600.0,61.676,6.0,-1.407,-2.231,18.726,18.413,22.352,18.413,22.352,owid,owid,owid,0.3095090013615505,0.31477030139012624,0.3757206972483233,False,False,False
Hungary,HUN,1998,10251717.0,61.255,5.975,-0.421,-0.682,19.339,17.356,22.341,17.356,22.341,owid,owid,owid,0.2939901077308761,0.3275797818280371,0.3784301104410868,False,False,False
Hungary,HUN,1999,10219797.0,61.575,6.025,0.32,0.522,19.196,17.586,22.604,17.586,22.604,owid,owid,owid,0.29613040110463745,0.3232411679520426,0.38062843094332,False,False,False
Hungary,HUN,2000,10190598.0,58.244,5.716,-3.331,-5.409,17.502,16.473,22.045,16.473,22.045,owid,owid,owid,0.29405569439485896,0.3124241342377722,0.39352017136736883,False,False,False
Hungary,HUN,2001,10166693.0,59.828,5.885,1.583,2.718,17.279,15.905,24.461,15.905,24.461,owid,owid,owid,0.27591291525717754,0.2997484604041981,0.42433862433862435,False,False,False
Hungary,HUN,2002,10138461.0,58.842,5.804,-0.986,-1.648,16.361,15.662,24.582,15.662,24.582,owid,owid,owid,0.27668933839766807,0.28903807084179844,0.4342725907605335,False,False,False
Hungary,HUN,2003,10108970.0,61.611,6.095,2.769,4.706,16.133,16.198,26.969,16.198,26.969,owid,owid,owid,0.27315345699831367,0.27205733558178746,0.4547892074198988,False,False,False
Hungary,HUN,2004,10085788.0,59.985,5.947,-1.626,-2.64,15.68,15.513,26.557,15.513,26.557,owid,owid,owid,0.2686233766233766,0.2715151515151515,0.45986147186147186,False,False,False
Hungary,HUN,2005,10065703.0,60.142,5.975,0.157,0.262,16.481,13.643,27.768,13.643,27.768,owid,owid,owid,0.23566295861258896,0.28468527603123056,0.4796517653561805,False,False,False
Hungary,HUN,2006,10049946.0,59.529,5.923,-0.614,-1.02,17.222,13.669,26.298,13.669,26.298,owid,owid,owid,0.23901449579464584,0.3011418279739111,0.45984367623144307,False,False,False
Hungary,HUN,2007,10034084.0,58.449,5.825,-1.08,-1.814,17.592,13.627,24.884,13.627,24.884,owid,owid,owid,0.24289253694098356,0.31356611945885243,0.44354134360016395,False,False,False
Hungary,HUN,2008,10016653.0,57.184,5.709,-1.264,-2.163,17.336,13.118,24.401,13.118,24.401,owid,owid,owid,0.23913954972199433,0.31603317837936373,0.44482727189864185,False,False,False
Hungary,HUN,2009,10001381.0,51.458,5.145,-5.727,-10.015,17.26,11.237,21.214,11.237,21.214,owid,owid,owid,0.22604654905352942,0.3472068556255155,0.4267465953209551,False,False,False
Hungary,HUN,2010,9979128.0,51.993,5.21,0.535,1.04,16.067,11.721,22.697,11.721,22.697,owid,owid,owid,0.2321679706843617,0.3182529464197286,0.44957908289590964,False,False,False
Hungary,HUN,2011,9946675.0,50.156,5.042,-1.837,-3.533,15.14,12.022,21.661,12.022,21.661,owid,owid,owid,0.24623640497306598,0.31009974806955737,0.44366384695737665,False,False,False
Hungary,HUN,2012,9916621.0,46.72,4.711,-3.436,-6.85,14.471,11.538,19.326,11.538,19.326,owid,owid,owid,0.25450534906804895,0.31920149994485497,0.4262931509870961,False,False,False
Hungary,HUN,2013,9889344.0,43.487,4.397,-3.234,-6.921,13.982,10.26,18.031,10.26,18.031,owid,owid,owid,0.2427081115605706,0.3307548553450193,0.42653703309441016,False,False,False
Hungary,HUN,2014,9862843.0,43.639,4.425,0.152,0.35,15.335,10.289,16.782,10.289,16.782,owid,owid,owid,0.24263075979814172,0.3616233551855869,0.3957458850162712,False,False,False
Hungary,HUN,2015,9839211.0,46.567,4.733,2.928,6.71,16.673,10.624,17.895,10.624,17.895,owid,owid,owid,0.23508585590369982,0.3689369799964596,0.39597716409984074,False,False,False
Hungary,HUN,2016,9810529.0,47.039,4.795,0.472,1.014,16.713,9.879,19.041,9.879,19.041,owid,owid,owid,0.21648806784563804,0.36624810992045237,0.41726382223390973,False,False,False
Hungary,HUN,2017,9785608.0,49.424,5.051,2.384,5.069,17.631,10.177,20.107,10.177,20.107,owid,owid,owid,0.21239695293749347,0.36796410309923827,0.4196389439632683,False,False,False
Hungary,HUN,2018,9774395.0,49.366,5.051,-0.057,-0.116,18.712,9.577,19.467,9.577,19.467,owid,owid,owid,0.20054024625177988,0.3918251109808192,0.4076346427674009,False,False,False
Hungary,HUN,2019,9770346.0,49.159,5.031,-0.207,-0.42,19.52,8.324,19.598,8.324,19.598,owid,owid,owid,0.1754563466970195,0.4114497702457738,0.4130938830572067,False,False,False
Hungary,HUN,2020,9749459.0,47.105,4.832,-2.054,-4.178,17.463,7.511,20.554,7.511,20.554,owid,owid,owid,0.16497539975399755,0.38356615709014236,0.4514584431558601,False,False,False
Hungary,HUN,2021,9707848.0,48.326,4.978,1.221,2.592,18.887,6.06,21.796,6.06,21.796,owid,owid,owid,0.12964508054681986,0.40406050103758856,0.46629441841559166,False,False,False
Iceland,ISL,1992,261087.0,2.249,8.615,0.146,6.954,1.886,0.243,0.0,0.243,0.0,owid,owid,owid,0.1141380930014091,0.8858619069985908,0.0,False,False,False
Iceland,ISL,1993,263760.0,2.4,9.1,0.151,6.705,1.971,0.298,0.0,0.298,0.0,owid,owid,owid,0.13133539003966505,0.8686646099603349,0.0,False,False,False
Iceland,ISL,1994,266063.0,2.349,8.83,-0.051,-2.119,1.943,0.293,0.0,0.293,0.0,owid,owid,owid,0.13103756708407868,0.8689624329159212,0.0,False,False,False
Iceland,ISL,1995,267516.0,2.469,9.229,0.12,5.094,2.045,0.296,0.0,0.296,0.0,owid,owid,owid,0.12644169158479282,0.8735583084152072,0.0,False,False,False
Iceland,ISL,1996,268967.0,2.523,9.38,0.054,2.189,2.112,0.281,0.0,0.281,0.0,owid,owid,owid,0.11742582532386127,0.8825741746761387,0.0,False,False,False
Iceland,ISL,1997,271194.0,2.618,9.655,0.095,3.78,2.178,0.32,0.0,0.32,0.0,owid,owid,owid,0.1281024819855885,0.8718975180144116,0.0,False,False,False
Iceland,ISL,1998,274121.0,2.638,9.625,0.02,0.76,2.209,0.284,0.0,0.284,0.0,owid,owid,owid,0.11391897312474929,0.8860810268752508,0.0,False,False,False
Iceland,ISL,1999,277450.0,2.841,10.239,0.203,7.682,2.304,0.358,0.0,0.358,0.0,owid,owid,owid,0.13448534936138243,0.8655146506386175,0.0,False,False,False
Iceland,ISL,2000,281293.0,2.933,10.426,0.092,3.231,2.243,0.466,0.0,0.466,0.0,owid,owid,owid,0.17201919527500922,0.8279808047249907,0.0,False,False,False
Iceland,ISL,2001,285058.0,2.865,10.051,-0.068,-2.31,2.155,0.502,0.0,0.502,0.0,owid,owid,owid,0.18893488897252542,0.8110651110274745,0.0,False,False,False
Iceland,ISL,2002,287609.0,2.992,10.403,0.127,4.433,2.287,0.513,0.0,0.513,0.0,owid,owid,owid,0.18321428571428572,0.8167857142857143,0.0,False,False,False
Iceland,ISL,2003,289616.0,2.985,10.308,-0.007,-0.219,2.299,0.51,0.0,0.51,0.0,owid,owid,owid,0.18155927376290495,0.818440726237095,0.0,False,False,False
Iceland,ISL,2004,292172.0,3.107,10.635,0.122,4.078,2.398,0.526,0.0,0.526,0.0,owid,owid,owid,0.17989056087551297,0.820109439124487,0.0,False,False,False
Iceland,ISL,2005,296852.0,2.976,10.026,-0.131,-4.21,2.309,0.484,0.0,0.484,0.0,owid,owid,owid,0.17329036877909057,0.8267096312209095,0.0,False,False,False
Iceland,ISL,2006,303883.0,3.154,10.38,0.178,5.981,2.44,0.515,0.0,0.515,0.0,owid,owid,owid,0.17428087986463622,0.8257191201353637,0.0,False,False,False
Iceland,ISL,2007,311662.0,3.494,11.212,0.34,10.777,2.674,0.596,0.0,0.596,0.0,owid,owid,owid,0.18226299694189602,0.8177370030581039,0.0,False,False,False
Iceland,ISL,2008,317519.0,3.811,12.004,0.317,9.077,2.911,0.639,0.0,0.639,0.0,owid,owid,owid,0.18000000000000002,0.8200000000000001,0.0,False,False,False
Iceland,ISL,2009,318619.0,3.73,11.708,-0.081,-2.126,2.898,0.622,0.0,0.622,0.0,owid,owid,owid,0.17670454545454545,0.8232954545454546,0.0,False,False,False
Iceland,ISL,2010,318163.0,3.627,11.399,-0.104,-2.783,2.79,0.626,0.0,0.626,0.0,owid,owid,owid,0.1832552693208431,0.816744730679157,0.0,False,False,False
Iceland,ISL,2011,319139.0,3.503,10.978,-0.123,-3.396,2.654,0.639,0.0,0.639,0.0,owid,owid,owid,0.1940479805648345,0.8059520194351655,0.0,False,False,False
Iceland,ISL,2012,320851.0,3.499,10.906,-0.004,-0.123,2.657,0.659,0.0,0.659,0.0,owid,owid,owid,0.19873341375150785,0.8012665862484922,0.0,False,False,False
Iceland,ISL,2013,323891.0,3.489,10.772,-0.01,-0.296,2.644,0.661,0.0,0.661,0.0,owid,owid,owid,0.2,0.8,0.0,False,False,False
Iceland,ISL,2014,327517.0,3.445,10.519,-0.044,-1.247,2.625,0.625,0.0,0.625,0.0,owid,owid,owid,0.19230769230769232,0.8076923076923077,0.0,False,False,False
Iceland,ISL,2015,330962.0,3.541,10.699,0.096,2.779,2.706,0.661,0.0,0.661,0.0,owid,owid,owid,0.19631719631719632,0.8036828036828036,0.0,False,False,False
Iceland,ISL,2016,335571.0,3.494,10.411,-0.047,-1.337,2.673,0.66,0.0,0.66,0.0,owid,owid,owid,0.19801980198019803,0.8019801980198019,0.0,False,False,False
Iceland,ISL,2017,343537.0,3.611,10.511,0.117,3.357,2.758,0.693,0.001,0.693,0.001,owid,owid,owid,0.2007531865585168,0.7989571263035922,0.00028968713789107763,False,False,False
Iceland,ISL,2018,352860.0,3.665,10.388,0.054,1.507,2.783,0.715,0.001,0.715,0.001,owid,owid,owid,0.20434409831380396,0.7953701057444985,0.0002857959416976279,False,False,False
Iceland,ISL,2019,360709.0,3.553,9.849,-0.113,-3.075,2.691,0.684,0.003,0.684,0.003,owid,owid,owid,0.2024866785079929,0.7966252220248667,0.0008880994671403197,False,False,False
Iceland,ISL,2020,366626.0,3.339,9.107,-0.214,-6.016,2.481,0.668,0.003,0.668,0.003,owid,owid,owid,0.21192893401015228,0.7871192893401014,0.0009517766497461928,False,False,False
Iceland,ISL,2021,372647.0,3.491,9.367,0.152,4.544,2.587,0.726,0.001,0.726,0.001,owid,owid,owid,0.21907060953530474,0.7806276403138201,0.00030175015087507544,False,False,False
India,IND,1992,902957075.0,655.424,0.726,40.035,6.506,188.056,411.39,27.257,411.39,27.257,owid,owid,owid,0.6564353449720203,0.3000719639127306,0.04349269111524917,False,False,False
India,IND,1993,922118380.0,677.262,0.734,21.839,3.332,186.878,433.085,26.996,433.085,26.996,owid,owid,owid,0.669416454520302,0.28885601715100956,0.04172752832868853,False,False,False
India,IND,1994,941163772.0,714.043,0.759,36.781,5.431,198.955,455.699,28.997,455.699,28.997,owid,owid,owid,0.6665667131328705,0.29101837048435536,0.042414916382774254,False,False,False
India,IND,1995,960301046.0,760.48,0.792,46.437,6.503,216.281,471.741,39.051,471.741,39.051,owid,owid,owid,0.6488220577576117,0.297468067167946,0.053709875074442325,False,False,False
India,IND,1996,979678460.0,823.602,0.841,63.122,8.3,243.161,504.479,39.747,504.479,39.747,owid,owid,owid,0.6407001893605051,0.3088201862616477,0.05047962437784724,False,False,False
India,IND,1997,999133764.0,857.976,0.859,34.374,4.174,244.203,527.685,46.024,527.685,46.024,owid,owid,owid,0.6451610931249327,0.298568794686959,0.05627011218810826,False,False,False
India,IND,1998,1018665080.0,875.783,0.86,17.808,2.076,262.892,524.136,47.595,524.136,47.595,owid,owid,owid,0.6279913206321895,0.3149829324137964,0.05702574695401396,False,False,False
India,IND,1999,1038225822.0,961.194,0.926,85.41,9.752,301.469,560.465,52.619,560.465,52.619,owid,owid,owid,0.612829436894308,0.3296353519150886,0.057535211190603494,False,False,False
India,IND,2000,1057922731.0,987.065,0.933,25.871,2.692,313.441,572.903,52.791,572.903,52.791,owid,owid,owid,0.6100326364154248,0.33375499795024144,0.05621236563433372,False,False,False
India,IND,2001,1077898579.0,1001.198,0.929,14.133,1.432,317.363,582.111,53.128,582.111,53.128,owid,owid,owid,0.6110747195575907,0.33315382499721813,0.05577145544519117,False,False,False
India,IND,2002,1097600380.0,1032.75,0.941,31.552,3.151,325.889,598.539,57.609,598.539,57.609,owid,owid,owid,0.6094872189133403,0.33185002194418334,0.0586627591424763,False,False,False
India,IND,2003,1116803000.0,1068.398,0.957,35.648,3.452,331.333,625.833,58.565,625.833,58.565,owid,owid,owid,0.6161404938906069,0.32620152382865153,0.05765798228074165,False,False,False
India,IND,2004,1135991509.0,1134.611,0.999,66.213,6.197,348.992,669.993,58.316,669.993,58.316,owid,owid,owid,0.6219181083095625,0.32395031657818935,0.0541315751122481,False,False,False
India,IND,2005,1154676321.0,1195.393,1.035,60.782,5.357,353.15,721.496,59.357,721.496,59.357,owid,owid,owid,0.6362381757367486,0.31141892922681863,0.052342895036432885,False,False,False
India,IND,2006,1172878888.0,1293.321,1.103,97.928,8.192,370.544,773.551,82.58,773.551,82.58,owid,owid,owid,0.6306079442395093,0.3020718609248578,0.06732019483563291,False,False,False
India,IND,2007,1190676028.0,1393.485,1.17,100.164,7.745,392.818,842.536,87.956,842.536,87.956,owid,owid,owid,0.6366883043277842,0.2968450325320598,0.06646666314015615,False,False,False
India,IND,2008,1207930960.0,1490.366,1.234,96.881,6.952,414.204,910.753,90.277,910.753,90.277,owid,owid,owid,0.6435352740253555,0.29267527490153566,0.06378945107310875,False,False,False
India,IND,2009,1225524764.0,1613.328,1.316,122.961,8.25,433.771,983.947,112.463,983.947,112.463,owid,owid,owid,0.6430265439186605,0.2834769220111869,0.07349653407015248,False,False,False
India,IND,2010,1243481565.0,1678.53,1.35,65.202,4.041,440.692,1015.983,134.121,1015.983,134.121,owid,owid,owid,0.6386632855501271,0.2770260925976681,0.08431062185220481,False,False,False
India,IND,2011,1261224956.0,1765.695,1.4,87.165,5.193,461.37,1074.385,135.977,1074.385,135.977,owid,owid,owid,0.64267777371014,0.2759832317620288,0.08133899452783101,False,False,False
India,IND,2012,1278674501.0,1926.986,1.507,161.292,9.135,491.148,1206.452,125.558,1206.452,125.558,owid,owid,owid,0.6617374906618078,0.2693940953005719,0.06886841403762044,False,False,False
India,IND,2013,1295829507.0,1995.337,1.54,68.351,3.547,498.314,1276.383,109.554,1276.383,109.554,owid,owid,owid,0.6773954213106428,0.2644626432465738,0.05814193544278336,False,False,False
India,IND,2014,1312277184.0,2148.052,1.637,152.715,7.654,513.84,1407.057,107.801,1407.057,107.801,owid,owid,owid,0.6935763726291445,0.2532856048559224,0.05313802251493323,False,False,False
India,IND,2015,1328024494.0,2231.817,1.681,83.766,3.9,557.523,1449.587,103.062,1449.587,103.062,owid,owid,owid,0.6869520588842994,0.26420737266914734,0.04884056844655317,False,False,False
India,IND,2016,1343944296.0,2352.54,1.75,120.723,5.409,616.112,1499.401,109.989,1499.401,109.989,owid,owid,owid,0.6737360829152255,0.2768418091738403,0.04942210791093426,False,False,False
India,IND,2017,1359657398.0,2425.722,1.784,73.182,3.111,634.116,1551.256,116.479,1551.256,116.479,owid,owid,owid,0.6739167739354112,0.27548090645311096,0.05060231961147789,False,False,False
India,IND,2018,1374659067.0,2595.227,1.888,169.505,6.988,658.715,1668.318,126.74,1668.318,126.74,owid,owid,owid,0.6798990778690613,0.26844985253322134,0.05165106959771748,False,False,False
India,IND,2019,1389030307.0,2611.175,1.88,15.948,0.615,677.884,1661.94,125.233,1661.94,125.233,owid,owid,owid,0.6741994201351125,0.274997292151865,0.050803287713022456,False,False,False
India,IND,2020,1402617694.0,2422.732,1.727,-188.443,-7.217,607.535,1561.799,127.684,1561.799,127.684,owid,owid,owid,0.6799245804778195,0.2644885673512354,0.05558685217094511,False,False,False
India,IND,2021,1414203896.0,2675.778,1.892,253.046,10.445,623.485,1767.297,133.192,1767.297,133.192,owid,owid,owid,0.7002041225464287,0.2470251278341219,0.05277074961944933,False,False,False
Indonesia,IDN,1992,190043742.0,199.298,1.049,24.544,14.045,112.952,12.509,52.374,12.509,52.374,owid,owid,owid,0.07034048415666207,0.635150560913206,0.29450895493013185,False,False,False
Indonesia,IDN,1993,193305169.0,214.963,1.112,15.665,7.86,112.763,21.306,57.66,21.306,57.66,owid,owid,owid,0.11112559915297111,0.5881374231336939,0.3007369777133349,False,False,False
Indonesia,IDN,1994,196591829.0,219.2,1.115,4.237,1.971,108.934,26.648,60.309,26.648,60.309,owid,owid,owid,0.1360348356994451,0.5560949711829538,0.3078701931176011,False,False,False
Indonesia,IDN,1995,199888055.0,222.225,1.112,3.025,1.38,109.715,25.179,64.574,25.179,64.574,owid,owid,owid,0.12623077385846349,0.5500381013495899,0.32373112479194655,False,False,False
Indonesia,IDN,1996,203204353.0,252.856,1.244,30.63,13.784,121.308,27.561,78.992,27.561,78.992,owid,owid,owid,0.12095531925164904,0.5323771948688016,0.34666748587954943,False,False,False
Indonesia,IDN,1997,206536089.0,279.696,1.354,26.84,10.615,140.547,29.389,82.041,29.389,82.041,owid,owid,owid,0.11663366100874285,0.557777098703453,0.325589240287804,False,False,False
Indonesia,IDN,1998,209826791.0,244.315,1.164,-35.38,-12.65,141.036,32.074,48.027,32.074,48.027,owid,owid,owid,0.14504130923364247,0.6377765819378937,0.2171821088284638,False,False,False
Indonesia,IDN,1999,213004667.0,291.771,1.37,47.455,19.424,148.101,37.163,83.652,37.163,83.652,owid,owid,owid,0.1381955703639798,0.5507333144922578,0.31107111514376234,False,False,False
Indonesia,IDN,2000,216077789.0,281.054,1.301,-10.716,-3.673,156.812,50.906,48.592,50.906,48.592,owid,owid,owid,0.19861105692325698,0.6118060161523156,0.18958292692442744,False,False,False
Indonesia,IDN,2001,219097905.0,316.759,1.446,35.705,12.704,164.07,64.629,61.163,64.629,61.163,owid,owid,owid,0.22296472114316468,0.5660279719314708,0.21100730692536446,False,False,False
Indonesia,IDN,2002,222088499.0,308.201,1.388,-8.558,-2.702,156.841,66.665,59.764,66.665,59.764,owid,owid,owid,0.23534084089384685,0.5536802344053376,0.21097892470081545,False,False,False
Indonesia,IDN,2003,225048005.0,339.024,1.506,30.823,10.001,162.445,89.49,62.661,89.49,62.661,owid,owid,owid,0.28446006942237023,0.5163606657427303,0.19917926483489937,False,False,False
Indonesia,IDN,2004,227926649.0,342.709,1.504,3.685,1.087,173.895,82.216,61.886,82.216,61.886,owid,owid,owid,0.2585433195910653,0.546844781554543,0.1946118988543917,False,False,False
Indonesia,IDN,2005,230871648.0,347.361,1.505,4.653,1.358,174.754,94.222,54.451,94.222,54.451,owid,owid,owid,0.2913238536052957,0.5403197630377179,0.16835638335698627,False,False,False
Indonesia,IDN,2006,233951650.0,346.366,1.481,-0.996,-0.287,152.499,111.641,57.426,111.641,57.426,owid,owid,owid,0.34717911719522593,0.47423856999807196,0.17858231280670223,False,False,False
Indonesia,IDN,2007,237062338.0,387.577,1.635,41.211,11.898,166.225,140.066,57.078,140.066,57.078,owid,owid,owid,0.3854649130773401,0.45745509385775884,0.15707999306490097,False,False,False
Indonesia,IDN,2008,240157902.0,365.384,1.521,-22.193,-5.726,158.303,121.845,60.313,121.845,60.313,owid,owid,owid,0.35788240062738463,0.46496661879040474,0.1771509805822106,False,False,False
Indonesia,IDN,2009,243220024.0,398.624,1.639,33.24,9.097,181.26,128.274,64.541,128.274,64.541,owid,owid,owid,0.34290984428256366,0.4845552362494152,0.1725349194680211,False,False,False
Indonesia,IDN,2010,246305327.0,445.37,1.808,46.746,11.727,195.671,152.667,73.73,152.667,73.73,owid,owid,owid,0.36171185685718893,0.46360065202763534,0.17468749111517576,False,False,False
Indonesia,IDN,2011,249470029.0,500.458,2.006,55.088,12.369,211.329,181.281,81.553,181.281,81.553,owid,owid,owid,0.3823178949011205,0.44568850796034276,0.17199359713853674,False,False,False
Indonesia,IDN,2012,252698525.0,515.77,2.041,15.312,3.06,218.777,187.171,80.062,187.171,80.062,owid,owid,owid,0.3851175901730417,0.450149173885311,0.1647332359416473,False,False,False
Indonesia,IDN,2013,255852464.0,493.435,1.929,-22.334,-4.33,234.082,164.219,64.754,164.219,64.754,owid,owid,owid,0.35464253706363175,0.5055166232952889,0.13984083964107935,False,False,False
Indonesia,IDN,2014,258877395.0,498.029,1.924,4.594,0.931,230.761,173.584,62.417,173.584,62.417,owid,owid,owid,0.3718897425240272,0.49438686096983037,0.13372339650614232,False,False,False
Indonesia,IDN,2015,261799249.0,551.16,2.105,53.131,10.668,228.361,197.815,94.252,197.815,94.252,owid,owid,owid,0.38010060949833596,0.4387946075153527,0.18110478298631125,False,False,False
Indonesia,IDN,2016,264627429.0,547.969,2.071,-3.191,-0.579,217.024,206.328,91.187,206.328,91.187,owid,owid,owid,0.4009958428807146,0.42178338279508454,0.17722077432420089,False,False,False
Indonesia,IDN,2017,267346654.0,570.928,2.136,22.959,4.19,231.028,221.093,84.339,221.093,84.339,owid,owid,owid,0.41213324385788314,0.43065279797188977,0.15721395817022704,False,False,False
Indonesia,IDN,2018,269951847.0,607.378,2.25,36.45,6.384,225.517,262.222,84.148,262.222,84.148,owid,owid,owid,0.4585206518070878,0.394338392024998,0.1471409561679143,False,False,False
Indonesia,IDN,2019,272489381.0,665.049,2.441,57.671,9.495,226.218,315.401,87.91,315.401,87.91,owid,owid,owid,0.5010110733580184,0.3593448435258741,0.13964408311610743,False,False,False
Indonesia,IDN,2020,274814861.0,623.304,2.268,-41.745,-6.277,208.254,300.518,81.216,300.518,81.216,owid,owid,owid,0.5093629022963179,0.3529800606114023,0.13765703709227983,False,False,False
Indonesia,IDN,2021,276758056.0,632.946,2.287,9.642,1.547,211.766,303.154,83.759,303.154,83.759,owid,owid,owid,0.506371527980771,0.35372211151552,0.139906360503709,False,False,False
Iran,IRN,1992,61184982.0,228.194,3.73,5.152,2.31,142.941,3.385,52.647,3.385,52.647,owid,owid,owid,0.01701235846069567,0.71839395294839,0.26459368859091437,False,False,False
Iran,IRN,1993,61403548.0,236.993,3.86,8.799,3.856,146.528,4.133,60.69,4.133,60.69,owid,owid,owid,0.019555147598071455,0.6932922011251424,0.287152651276786,False,False,False
Iran,IRN,1994,61520598.0,264.822,4.305,27.829,11.743,157.266,4.173,73.287,4.173,73.287,owid,owid,owid,0.0177781754045142,0.669998210679686,0.3122236139157997,False,False,False
Iran,IRN,1995,62205571.0,270.875,4.355,6.053,2.286,156.607,3.909,81.575,3.909,81.575,owid,owid,owid,0.016146820823574604,0.6468931104419412,0.33696006873448414,False,False,False
Iran,IRN,1996,62881298.0,276.62,4.399,5.745,2.121,160.791,4.089,81.246,4.089,81.246,owid,owid,owid,0.016613441895614443,0.6532873406304088,0.33009921747397675,False,False,False
Iran,IRN,1997,63639637.0,269.263,4.231,-7.357,-2.66,143.211,4.195,90.915,4.195,90.915,owid,owid,owid,0.01760230949014145,0.6009164110590338,0.3814812794508247,False,False,False
Iran,IRN,1998,64519866.0,305.642,4.737,36.379,13.511,174.87,4.884,98.652,4.884,98.652,owid,owid,owid,0.01754272537229801,0.6281114631150191,0.3543458115126829,False,False,False
Iran,IRN,1999,65445389.0,374.452,5.722,68.811,22.513,227.718,4.976,114.287,4.976,114.287,owid,owid,owid,0.014340842870358896,0.6562837734631003,0.32937538366654084,False,False,False
Iran,IRN,2000,66418661.0,367.213,5.529,-7.239,-1.933,210.118,5.328,120.448,5.328,120.448,owid,owid,owid,0.015862146986847042,0.6255485361453316,0.35858931686782136,False,False,False
Iran,IRN,2001,67452005.0,389.912,5.781,22.699,6.181,227.456,4.14,127.655,4.14,127.655,owid,owid,owid,0.011523976272856583,0.633139504134992,0.35533651959215146,False,False,False
Iran,IRN,2002,68011318.0,397.031,5.838,7.119,1.826,217.927,4.664,143.816,4.664,143.816,owid,owid,owid,0.012729014456601538,0.5947675672135084,0.39250341832989,False,False,False
Iran,IRN,2003,68769343.0,410.967,5.976,13.935,3.51,210.79,5.188,158.468,5.188,158.468,owid,owid,owid,0.013855135319912618,0.562938314202849,0.4232065504772384,False,False,False
Iran,IRN,2004,70256316.0,442.119,6.293,31.153,7.58,221.765,4.994,178.9,4.994,178.9,owid,owid,owid,0.012310832497245223,0.5466783677916673,0.4410107997110874,False,False,False
Iran,IRN,2005,71828455.0,466.795,6.499,24.676,5.581,222.5,6.086,200.161,6.086,200.161,owid,owid,owid,0.01419485150916508,0.518954068483278,0.4668510800075569,False,False,False
Iran,IRN,2006,73392747.0,501.015,6.826,34.22,7.331,233.362,5.983,221.538,5.983,221.538,owid,owid,owid,0.012981602706109792,0.5063367492400457,0.48068164805384445,False,False,False
Iran,IRN,2007,74602648.0,507.771,6.806,6.756,1.348,225.176,6.577,236.52,6.577,236.52,owid,owid,owid,0.014045225755061683,0.48086479468173476,0.5050899795632036,False,False,False
Iran,IRN,2008,75514201.0,528.528,6.999,20.757,4.088,233.937,5.859,246.875,5.859,246.875,owid,owid,owid,0.012038933899903629,0.4806881856531414,0.5072728804469548,False,False,False
Iran,IRN,2009,76457831.0,543.406,7.107,14.878,2.815,232.909,4.397,261.064,4.397,261.064,owid,owid,owid,0.008822762204787608,0.46734153339888035,0.5238357043963321,False,False,False
Iran,IRN,2010,77420851.0,561.496,7.253,18.09,3.329,227.529,5.452,277.22,5.452,277.22,owid,owid,owid,0.010685984543346641,0.4459595335955829,0.5433544818610705,False,False,False
Iran,IRN,2011,78383602.0,576.366,7.353,14.87,2.648,223.696,5.529,293.265,5.529,293.265,owid,owid,owid,0.010582020708530307,0.4281345097513828,0.5612834695400869,False,False,False
Iran,IRN,2012,79370583.0,599.278,7.55,22.913,3.975,247.166,4.283,292.274,4.283,292.274,owid,owid,owid,0.007877172751566516,0.4545807332042235,0.53754209404421,False,False,False
Iran,IRN,2013,80414689.0,609.997,7.586,10.718,1.789,253.336,4.269,294.934,4.269,294.934,owid,owid,owid,0.0077261514571822084,0.4584943325267538,0.5337795160160641,False,False,False
Iran,IRN,2014,81502045.0,644.228,7.904,34.231,5.612,247.804,3.664,335.007,3.664,335.007,owid,owid,owid,0.006247495630674794,0.42253122468988447,0.5712212796794407,False,False,False
Iran,IRN,2015,82619365.0,641.959,7.77,-2.269,-0.352,227.053,4.349,356.769,4.349,356.769,owid,owid,owid,0.007394108176023639,0.3860322933296609,0.6065735984943154,False,False,False
Iran,IRN,2016,83812230.0,644.68,7.692,2.722,0.424,200.122,3.455,380.7,3.455,380.7,owid,owid,owid,0.005913291127324882,0.34251219883719536,0.6515745100354797,False,False,False
Iran,IRN,2017,85026761.0,696.407,8.19,51.727,8.024,229.061,4.716,399.502,4.716,399.502,owid,owid,owid,0.007446954659794498,0.36170629375046387,0.6308467515897417,False,False,False
Iran,IRN,2018,86117999.0,664.523,7.716,-31.884,-4.578,206.507,4.463,390.843,4.463,390.843,owid,owid,owid,0.007415924880319967,0.34314147417885627,0.6494426009408238,False,False,False
Iran,IRN,2019,87051649.0,727.269,8.354,62.745,9.442,230.904,5.785,429.312,5.785,429.312,owid,owid,owid,0.008686173143884169,0.3467021821288557,0.6446116447272602,False,False,False
Iran,IRN,2020,87723448.0,745.596,8.499,18.327,2.52,210.025,6.504,465.334,6.504,465.334,owid,owid,owid,0.009538572997801609,0.308016419720677,0.6824450072815214,False,False,False
Iran,IRN,2021,88455490.0,779.525,8.813,33.929,4.551,229.484,7.28,472.847,7.28,472.847,owid,owid,owid,0.010259141980606276,0.32339408492822125,0.6663467730911725,False,False,False
Iraq,IRQ,1992,18300849.0,59.02,3.225,13.515,29.699,53.597,0.0,4.356,0.0,4.356,owid,owid,owid,0.0,0.9248356426759615,0.07516435732403844,False,False,False
Iraq,IRQ,1993,19201195.0,63.263,3.295,4.243,7.189,57.323,0.0,4.895,0.0,4.895,owid,owid,owid,0.0,0.9213250184833971,0.0786749815166029,False,False,False
Iraq,IRQ,1994,20139818.0,76.573,3.802,13.31,21.038,64.098,0.0,6.086,0.0,6.086,owid,owid,owid,0.0,0.9132850792203351,0.08671492077966489,False,False,False
Iraq,IRQ,1995,20825859.0,79.841,3.834,3.269,4.269,67.055,0.0,6.086,0.0,6.086,owid,owid,owid,0.0,0.9167908560178286,0.08320914398217143,False,False,False
Iraq,IRQ,1996,21501321.0,74.823,3.48,-5.018,-6.285,62.328,0.0,6.221,0.0,6.221,owid,owid,owid,0.0,0.9092473996703088,0.09075260032969117,False,False,False
Iraq,IRQ,1997,22176604.0,76.296,3.44,1.473,1.969,60.592,0.0,5.855,0.0,5.855,owid,owid,owid,0.0,0.9118846599545501,0.08811534004544976,False,False,False
Iraq,IRQ,1998,22884402.0,80.984,3.539,4.688,6.144,64.263,0.0,5.514,0.0,5.514,owid,owid,owid,0.0,0.9209768261748141,0.07902317382518595,False,False,False
Iraq,IRQ,1999,23636530.0,82.416,3.487,1.432,1.769,61.962,0.0,5.943,0.0,5.943,owid,owid,owid,0.0,0.9124806715263972,0.08751932847360282,False,False,False
Iraq,IRQ,2000,24424060.0,83.722,3.428,1.305,1.584,61.68,0.0,5.888,0.0,5.888,owid,owid,owid,0.0,0.9128581577077907,0.08714184229220934,False,False,False
Iraq,IRQ,2001,25197842.0,96.802,3.842,13.08,15.624,75.295,0.0,5.159,0.0,5.159,owid,owid,owid,0.0,0.9358764014219305,0.06412359857806944,False,False,False
Iraq,IRQ,2002,26006558.0,97.09,3.733,0.288,0.298,77.658,0.0,4.298,0.0,4.298,owid,owid,owid,0.0,0.9475572258284933,0.05244277417150666,False,False,False
Iraq,IRQ,2003,26802660.0,101.424,3.784,4.334,4.464,85.254,0.0,2.917,0.0,2.917,owid,owid,owid,0.0,0.9669165598666228,0.03308344013337718,False,False,False
Iraq,IRQ,2004,27577876.0,113.016,4.098,11.592,11.429,95.488,0.0,1.869,0.0,1.869,owid,owid,owid,0.0,0.980802613063262,0.019197386936737986,False,False,False
Iraq,IRQ,2005,28407450.0,114.282,4.023,1.266,1.12,87.09,0.0,12.439,0.0,12.439,owid,owid,owid,0.0,0.875021350561143,0.12497864943885702,False,False,False
Iraq,IRQ,2006,28616518.0,98.838,3.454,-15.444,-13.514,71.602,0.0,11.959,0.0,11.959,owid,owid,owid,0.0,0.8568829956558681,0.14311700434413183,False,False,False
Iraq,IRQ,2007,28391606.0,61.361,2.161,-37.477,-37.917,34.661,0.0,12.029,0.0,12.029,owid,owid,owid,0.0,0.7423645320197045,0.2576354679802956,False,False,False
Iraq,IRQ,2008,28971042.0,94.335,3.256,32.974,53.737,62.786,0.0,15.25,0.0,15.25,owid,owid,owid,0.0,0.8045773745450817,0.19542262545491823,False,False,False
Iraq,IRQ,2009,30058207.0,105.211,3.5,10.876,11.529,70.199,0.0,16.701,0.0,16.701,owid,owid,owid,0.0,0.8078135788262369,0.19218642117376294,False,False,False
Iraq,IRQ,2010,31045367.0,113.983,3.672,8.772,8.337,78.472,0.0,14.817,0.0,14.817,owid,owid,owid,0.0,0.8411709847892035,0.1588290152107966,False,False,False
Iraq,IRQ,2011,32161425.0,123.526,3.841,9.542,8.372,84.862,0.0,13.909,0.0,13.909,owid,owid,owid,0.0,0.8591793137661864,0.14082068623381358,False,False,False
Iraq,IRQ,2012,33654843.0,134.04,3.983,10.514,8.512,92.913,0.0,13.153,0.0,13.153,owid,owid,owid,0.0,0.8759923066769747,0.12400769332302529,False,False,False
Iraq,IRQ,2013,35281987.0,141.704,4.016,7.665,5.718,98.726,0.0,13.058,0.0,13.058,owid,owid,owid,0.0,0.8831854290417234,0.11681457095827669,False,False,False
Iraq,IRQ,2014,36550058.0,137.513,3.762,-4.192,-2.958,94.733,0.0,12.633,0.0,12.633,owid,owid,owid,0.0,0.8823370526982471,0.11766294730175288,False,False,False
Iraq,IRQ,2015,37560535.0,142.53,3.795,5.017,3.649,94.841,0.0,12.986,0.0,12.986,owid,owid,owid,0.0,0.8795663423817782,0.12043365761822179,False,False,False
Iraq,IRQ,2016,38469628.0,153.132,3.981,10.602,7.439,97.272,0.0,17.613,0.0,17.613,owid,owid,owid,0.0,0.8466901684292989,0.15330983157070113,False,False,False
Iraq,IRQ,2017,39337358.0,167.472,4.257,14.34,9.365,105.655,0.0,22.618,0.0,22.618,owid,owid,owid,0.0,0.8236729475415715,0.1763270524584285,False,False,False
Iraq,IRQ,2018,40265629.0,186.156,4.623,18.684,11.157,114.291,0.0,28.77,0.0,28.77,owid,owid,owid,0.0,0.7988969740180761,0.20110302598192378,False,False,False
Iraq,IRQ,2019,41192172.0,191.778,4.656,5.621,3.02,114.2,0.0,32.994,0.0,32.994,owid,owid,owid,0.0,0.7758468415832166,0.22415315841678327,False,False,False
Iraq,IRQ,2020,42116602.0,172.098,4.086,-19.68,-10.262,93.022,0.0,35.105,0.0,35.105,owid,owid,owid,0.0,0.7260140329516808,0.2739859670483192,False,False,False
Iraq,IRQ,2021,43071208.0,193.115,4.484,21.017,12.212,111.631,0.0,36.134,0.0,36.134,owid,owid,owid,0.0,0.7554630663553616,0.24453693364463847,False,False,False
Ireland,IRL,1992,3558417.0,33.496,9.413,-0.179,-0.532,13.929,13.765,4.517,13.765,4.517,owid,owid,owid,0.42733848685231746,0.43242991524634433,0.14023159790133805,False,False,False
Ireland,IRL,1993,3576118.0,33.717,9.428,0.221,0.66,13.895,13.196,5.221,13.196,5.221,owid,owid,owid,0.40839316662540237,0.43002599653379553,0.16158083684080218,False,False,False
Ireland,IRL,1994,3590162.0,34.839,9.704,1.122,3.327,15.681,12.557,5.152,12.557,5.152,owid,owid,owid,0.37607067984426473,0.4696316262353998,0.15429769392033543,False,False,False
Ireland,IRL,1995,3610695.0,35.853,9.93,1.014,2.912,15.981,12.668,5.527,12.668,5.527,owid,owid,owid,0.3706694756554307,0.4676088483146067,0.16172167602996254,False,False,False
Ireland,IRL,1996,3638507.0,37.469,10.298,1.616,4.508,16.437,13.074,6.178,13.074,6.178,owid,owid,owid,0.36633136260472415,0.4605620779511895,0.1731065594440864,False,False,False
Ireland,IRL,1997,3672287.0,38.805,10.567,1.335,3.564,18.112,12.21,6.592,12.21,6.592,owid,owid,owid,0.3307688140001084,0.4906539524299723,0.17857723356991925,False,False,False
Ireland,IRL,1998,3711075.0,40.708,10.969,1.904,4.905,20.436,11.893,6.721,11.893,6.721,owid,owid,owid,0.3045582586427657,0.5233290653008963,0.17211267605633804,False,False,False
Ireland,IRL,1999,3752938.0,42.44,11.309,1.732,4.254,23.114,10.289,7.19,10.289,7.19,owid,owid,owid,0.25346734658684994,0.5694085187101225,0.17712413470302765,False,False,False
Ireland,IRL,2000,3802589.0,45.25,11.9,2.809,6.619,23.581,11.107,8.209,11.107,8.209,owid,owid,owid,0.25892253537543414,0.5497121010793294,0.19136536354523623,False,False,False
Ireland,IRL,2001,3862981.0,47.608,12.324,2.358,5.212,24.759,11.659,8.601,11.659,8.601,owid,owid,owid,0.25897954197116774,0.5499677913769742,0.19105266665185813,False,False,False
Ireland,IRL,2002,3928441.0,46.081,11.73,-1.526,-3.206,23.688,11.315,8.633,11.315,8.633,owid,owid,owid,0.259304244202035,0.5428545237876983,0.19784123201026677,False,False,False
Ireland,IRL,2003,3992935.0,45.684,11.441,-0.397,-0.862,23.119,10.843,8.84,10.843,8.84,owid,owid,owid,0.25332928367833274,0.5401383112938647,0.2065324050278024,False,False,False
Ireland,IRL,2004,4066066.0,46.167,11.354,0.483,1.057,24.312,10.207,8.756,10.207,8.756,owid,owid,owid,0.2358636626227614,0.5618024263431542,0.20233391103408432,False,False,False
Ireland,IRL,2005,4155283.0,48.153,11.588,1.986,4.302,25.645,11.16,8.4,11.16,8.4,owid,owid,owid,0.24687534564760535,0.5673045017144122,0.18582015263798254,False,False,False
Ireland,IRL,2006,4268775.0,47.597,11.15,-0.556,-1.154,25.228,10.021,9.429,10.021,9.429,owid,owid,owid,0.22429383589238552,0.5646626975245087,0.21104346658310577,False,False,False
Ireland,IRL,2007,4393518.0,47.658,10.847,0.061,0.128,24.739,9.671,10.208,9.671,10.208,owid,owid,owid,0.21675108700524454,0.5544623246223498,0.22878658837240579,False,False,False
Ireland,IRL,2008,4485992.0,47.361,10.558,-0.297,-0.623,24.314,9.644,10.771,9.644,10.771,owid,owid,owid,0.2156095597934226,0.5435846989648774,0.24080574124170004,False,False,False
Ireland,IRL,2009,4533750.0,42.177,9.303,-5.184,-10.946,21.329,8.605,10.382,8.605,10.382,owid,owid,owid,0.21343883321758111,0.5290455402321659,0.25751562655025295,False,False,False
Ireland,IRL,2010,4559084.0,41.791,9.167,-0.386,-0.916,20.211,8.427,11.365,8.427,11.365,owid,owid,owid,0.210659200559958,0.5052371072169587,0.2841036922230833,False,False,False
Ireland,IRL,2011,4579603.0,38.054,8.31,-3.737,-8.941,18.322,8.311,9.85,8.311,9.85,owid,owid,owid,0.22780473097058906,0.5022065071403119,0.26998876188909904,False,False,False
Ireland,IRL,2012,4600135.0,38.224,8.309,0.17,0.445,17.41,9.622,9.523,9.622,9.523,owid,owid,owid,0.26321980577212417,0.47626863630146354,0.26051155792641223,False,False,False
Ireland,IRL,2013,4624686.0,37.279,8.061,-0.945,-2.473,17.611,8.739,9.067,8.739,9.067,owid,owid,owid,0.24674591297964255,0.49724708473332013,0.25600700228703727,False,False,False
Ireland,IRL,2014,4658236.0,36.85,7.911,-0.429,-1.15,17.324,8.647,8.796,8.647,8.796,owid,owid,owid,0.24871285989587827,0.4982886070123968,0.2529985330917249,False,False,False
Ireland,IRL,2015,4702497.0,38.715,8.233,1.866,5.062,18.202,9.351,8.888,9.351,8.888,owid,owid,owid,0.2566065695233391,0.4994923300677808,0.24390110040888008,False,False,False
Ireland,IRL,2016,4753506.0,40.369,8.492,1.654,4.271,18.822,9.205,9.913,9.205,9.913,owid,owid,owid,0.242619926199262,0.49609910384818134,0.2612809699525567,False,False,False
Ireland,IRL,2017,4810258.0,39.04,8.116,-1.329,-3.291,18.614,7.87,10.152,7.87,10.152,owid,owid,owid,0.2148160279506496,0.5080794846598974,0.277104487389453,False,False,False
Ireland,IRL,2018,4872559.0,38.922,7.988,-0.118,-0.302,19.388,6.354,10.6,6.354,10.6,owid,owid,owid,0.17483902922238734,0.5334874250178857,0.29167354575972704,False,False,False
Ireland,IRL,2019,4933493.0,37.2,7.54,-1.723,-4.426,19.382,4.543,10.841,4.543,10.841,owid,owid,owid,0.13067364666628317,0.5574987056319394,0.3118276477017776,False,False,False
Ireland,IRL,2020,4982602.0,35.053,7.035,-2.147,-5.772,18.003,3.757,10.954,3.757,10.954,owid,owid,owid,0.11484379776242588,0.5503148499113529,0.3348413523262212,False,False,False
Ireland,IRL,2021,5028428.0,37.474,7.452,2.421,6.907,19.215,4.929,10.44,4.929,10.44,owid,owid,owid,0.1425225537820958,0.5556037473976406,0.3018736988202637,False,False,False
Israel,ISR,1992,4957240.0,42.082,8.489,5.934,16.416,27.363,13.37,0.048,13.37,0.048,owid,owid,owid,0.3278487530958044,0.6709742281945024,0.0011770187096932395,False,False,False
Israel,ISR,1993,5086041.0,44.235,8.697,2.152,5.114,27.618,15.112,0.048,15.112,0.048,owid,owid,owid,0.3532656973210529,0.6456122305858151,0.001122072093131984,False,False,False
Israel,ISR,1994,5216697.0,47.475,9.101,3.24,7.325,29.908,16.017,0.044,16.017,0.044,owid,owid,owid,0.3484304640083535,0.6506123692053342,0.0009571667863125151,False,False,False
Israel,ISR,1995,5354734.0,49.866,9.312,2.391,5.036,30.371,17.551,0.044,17.551,0.044,owid,owid,owid,0.3659050160530376,0.6331776675144895,0.0009173164324730018,False,False,False
Israel,ISR,1996,5499555.0,51.936,9.444,2.07,4.152,29.327,20.907,0.029,20.907,0.029,owid,owid,owid,0.41595209199610045,0.5834709428406581,0.0005769651632413505,False,False,False
Israel,ISR,1997,5646476.0,54.866,9.717,2.93,5.641,30.07,23.047,0.029,23.047,0.029,owid,owid,owid,0.43365446129529966,0.5657998720505776,0.0005456666541226056,False,False,False
Israel,ISR,1998,5790143.0,56.01,9.673,1.144,2.085,29.008,24.791,0.022,24.791,0.022,owid,owid,owid,0.4606194608052619,0.538971776815741,0.00040876237899704573,False,False,False
Israel,ISR,1999,5946079.0,54.756,9.209,-1.254,-2.238,28.257,24.208,0.018,24.208,0.018,owid,owid,owid,0.4612541203818379,0.5384029114189356,0.0003429681992264161,False,False,False
Israel,ISR,2000,6111194.0,59.519,9.739,4.763,8.699,29.147,28.202,0.018,28.202,0.018,owid,owid,owid,0.49160667282584064,0.5080795579340038,0.00031376924015549004,False,False,False
Israel,ISR,2001,6259977.0,63.024,10.068,3.504,5.887,30.602,30.583,0.018,30.583,0.018,owid,owid,owid,0.49969772723559297,0.5000081695341732,0.00029410323023381204,False,False,False
Israel,ISR,2002,6387714.0,59.305,9.284,-3.719,-5.9,28.211,29.259,0.015,29.259,0.015,owid,owid,owid,0.5089849525963295,0.49075410976776546,0.0002609376359050187,False,False,False
Israel,ISR,2003,6502821.0,62.415,9.598,3.11,5.244,30.789,29.726,0.015,29.726,0.015,owid,owid,owid,0.4910953246324137,0.5086568643647779,0.0002478110028085247,False,False,False
Israel,ISR,2004,6615084.0,58.679,8.871,-3.735,-5.985,24.511,30.043,2.18,30.043,2.18,owid,owid,owid,0.5295413684915571,0.43203370113159656,0.038424930376846335,False,False,False
Israel,ISR,2005,6728212.0,56.528,8.402,-2.152,-3.667,23.541,27.824,3.004,27.824,3.004,owid,owid,owid,0.5117622174400853,0.4329857087678641,0.05525207379205062,False,False,False
Israel,ISR,2006,6844029.0,62.149,9.081,5.621,9.944,25.708,29.922,4.254,29.922,4.254,owid,owid,owid,0.4996660209738829,0.4292966401709973,0.0710373388551199,False,False,False
Israel,ISR,2007,6962456.0,62.8,9.02,0.651,1.047,25.133,30.307,5.09,30.307,5.09,owid,owid,owid,0.5006938708078639,0.4152155955724434,0.08409053361969271,False,False,False
Israel,ISR,2008,7082621.0,67.98,9.598,5.18,8.249,29.206,29.587,7.017,29.587,7.017,owid,owid,owid,0.44958213037532285,0.44379273666616015,0.10662513295851694,False,False,False
Israel,ISR,2009,7206096.0,63.861,8.862,-4.119,-6.06,27.136,27.088,7.823,27.088,7.823,owid,owid,owid,0.4365722758553999,0.4373458829596918,0.1260818411849082,False,False,False
Israel,ISR,2010,7336735.0,68.287,9.308,4.426,6.931,28.114,28.07,10.08,28.07,10.08,owid,owid,owid,0.4236085959193529,0.4242726065435229,0.15211879753712423,False,False,False
Israel,ISR,2011,7471023.0,68.595,9.181,0.308,0.451,28.0,29.001,9.343,29.001,9.343,owid,owid,owid,0.4371307126492222,0.42204268660315924,0.14082660074761846,False,False,False
Israel,ISR,2012,7607781.0,74.781,9.83,6.186,9.019,35.143,32.571,4.814,32.571,4.814,owid,owid,owid,0.44908173395102585,0.48454390028678584,0.0663743657621884,False,False,False
Israel,ISR,2013,7749369.0,63.095,8.142,-11.686,-15.627,22.916,26.716,11.293,26.716,11.293,owid,owid,owid,0.43850636027903156,0.37613459171112024,0.18535904800984815,False,False,False
Israel,ISR,2014,7897173.0,60.279,7.633,-2.816,-4.464,20.211,25.304,12.472,25.304,12.472,owid,owid,owid,0.43637366996050836,0.3485436390915205,0.21508269094797108,False,False,False
Israel,ISR,2015,8052916.0,62.936,7.815,2.657,4.408,21.83,25.087,13.784,25.087,13.784,owid,owid,owid,0.4132880842160755,0.3596316370405759,0.22708027874334855,False,False,False
Israel,ISR,2016,8210006.0,61.164,7.45,-1.771,-2.814,22.657,20.836,15.688,20.836,15.688,owid,owid,owid,0.35207245568679135,0.38284246633209984,0.2650850779811088,False,False,False
Israel,ISR,2017,8361796.0,58.849,7.038,-2.315,-3.785,21.339,18.833,16.69,18.833,16.69,owid,owid,owid,0.33120537441525094,0.37527698638809753,0.2935176391966516,False,False,False
Israel,ISR,2018,8510067.0,59.986,7.049,1.137,1.932,22.409,18.129,17.671,18.129,17.671,owid,owid,owid,0.31144668350255117,0.384974832070642,0.30357848442680685,False,False,False
Israel,ISR,2019,8657466.0,58.95,6.809,-1.036,-1.727,21.514,18.011,17.619,18.011,17.619,owid,owid,owid,0.31518619627607447,0.376487470250595,0.30832633347333055,False,False,False
Israel,ISR,2020,8800380.0,59.285,6.737,0.335,0.569,18.298,17.096,22.171,17.096,22.171,owid,owid,owid,0.2969860158082168,0.3178667593155563,0.3851472248762269,False,False,False
Israel,ISR,2021,8942925.0,58.95,6.592,-0.335,-0.566,19.856,14.334,23.088,14.334,23.088,owid,owid,owid,0.2502531512971822,0.3466601487482105,0.4030866999546074,False,False,False
Italy,ITA,1992,57124993.0,437.937,7.666,0.195,0.044,259.383,58.065,94.458,58.065,94.458,owid,owid,owid,0.14096662830840048,0.6297140609750769,0.22931931071652273,False,False,False
Italy,ITA,1993,57170762.0,430.268,7.526,-7.669,-1.751,257.502,52.079,96.872,52.079,96.872,owid,owid,owid,0.12813043574533833,0.6335345046044684,0.23833505965019325,False,False,False
Italy,ITA,1994,57420136.0,424.507,7.393,-5.761,-1.339,253.722,54.772,92.794,54.772,92.794,owid,owid,owid,0.1364905005881063,0.6322690935188693,0.23124040589302444,False,False,False
Italy,ITA,1995,57403342.0,448.596,7.815,24.089,5.675,262.51,58.417,102.913,58.417,102.913,owid,owid,owid,0.13782795394488487,0.619361079652699,0.24281096640241598,False,False,False
Italy,ITA,1996,57162098.0,442.843,7.747,-5.753,-1.282,260.195,53.524,106.19,53.524,106.19,owid,owid,owid,0.1274657128092039,0.6196461614302147,0.25288812576058145,False,False,False
Italy,ITA,1997,57189272.0,448.571,7.844,5.728,1.293,261.104,54.146,109.923,54.146,109.923,owid,owid,owid,0.1273505137908569,0.6141123730810752,0.2585371131280679,False,False,False
Italy,ITA,1998,57215190.0,460.824,8.054,12.253,2.732,263.89,54.867,118.555,54.867,118.555,owid,owid,owid,0.12546419947314502,0.6034364481194204,0.2710993524074345,False,False,False
Italy,ITA,1999,57240796.0,465.508,8.132,4.683,1.016,259.063,53.94,129.051,53.94,129.051,owid,owid,owid,0.12202129151642108,0.586043786505721,0.2919349219778579,False,False,False
Italy,ITA,2000,57272200.0,469.598,8.199,4.09,0.879,254.488,56.032,134.813,56.032,134.813,owid,owid,owid,0.12582045345842324,0.5714555175565251,0.30272402898505163,False,False,False
Italy,ITA,2001,57305760.0,469.679,8.196,0.081,0.017,250.667,59.024,135.107,59.024,135.107,owid,owid,owid,0.13269843839225895,0.5635524440307735,0.30374911757696754,False,False,False
Italy,ITA,2002,57420636.0,477.136,8.309,7.457,1.588,256.631,60.016,135.865,60.016,135.865,owid,owid,owid,0.13262852697829008,0.5671252917049713,0.3002461813167386,False,False,False
Italy,ITA,2003,57739697.0,495.094,8.575,17.957,3.764,254.877,65.126,149.024,65.126,149.024,owid,owid,owid,0.13885341355614922,0.543416477089805,0.31773010935404566,False,False,False
Italy,ITA,2004,58176736.0,500.687,8.606,5.593,1.13,247.736,72.217,154.662,72.217,154.662,owid,owid,owid,0.15215911844336988,0.5219725461690001,0.32586833538763,False,False,False
Italy,ITA,2005,58519696.0,501.365,8.567,0.678,0.135,238.292,71.265,165.66,71.265,165.66,owid,owid,owid,0.14996306950298496,0.5014382902968538,0.3485986402001612,False,False,False
Italy,ITA,2006,58754434.0,496.075,8.443,-5.291,-1.055,236.455,70.787,162.585,70.787,162.585,owid,owid,owid,0.15066609624393662,0.5032809949194066,0.3460529088366569,False,False,False
Italy,ITA,2007,59108723.0,489.794,8.286,-6.281,-1.266,229.031,70.675,163.512,70.675,163.512,owid,owid,owid,0.1525739500623896,0.494434585875333,0.3529914640622774,False,False,False
Italy,ITA,2008,59561687.0,478.132,8.028,-11.662,-2.381,218.498,68.139,167.142,68.139,167.142,owid,owid,owid,0.1501589981026006,0.48150751797681246,0.3683334839205869,False,False,False
Italy,ITA,2009,59904016.0,424.032,7.079,-54.1,-11.315,197.832,52.388,154.034,52.388,154.034,owid,owid,owid,0.1295917912995295,0.48937549164634114,0.3810327170541293,False,False,False
Italy,ITA,2010,60164212.0,435.672,7.241,11.64,2.745,193.166,58.218,164.347,58.218,164.347,owid,owid,owid,0.14003766858858252,0.46464179962523844,0.3953205317861791,False,False,False
Italy,ITA,2011,60367882.0,423.897,7.022,-11.775,-2.703,185.899,65.439,153.0,65.439,153.0,owid,owid,owid,0.16184232003917515,0.45976138774985287,0.37839629221097204,False,False,False
Italy,ITA,2012,60531522.0,403.444,6.665,-20.454,-4.825,172.224,66.959,147.714,66.959,147.714,owid,owid,owid,0.17306673352339255,0.4451417302279418,0.3817915362486657,False,False,False
Italy,ITA,2013,60653864.0,369.461,6.091,-33.983,-8.423,158.74,57.782,137.701,57.782,137.701,owid,owid,owid,0.16312323028148937,0.4481357788737604,0.3887409908447504,False,False,False
Italy,ITA,2014,60664169.0,349.389,5.759,-20.072,-5.433,157.626,55.837,121.589,55.837,121.589,owid,owid,owid,0.1666517436099471,0.4704523476952831,0.36289590869476973,False,False,False
Italy,ITA,2015,60575314.0,361.244,5.964,11.855,3.393,161.426,53.063,132.757,53.063,132.757,owid,owid,owid,0.15281097550439748,0.46487504535689395,0.3823139791387086,False,False,False
Italy,ITA,2016,60478103.0,358.133,5.922,-3.111,-0.861,156.02,48.302,140.795,48.302,140.795,owid,owid,owid,0.13995833297113733,0.4520785704558165,0.40796309657304625,False,False,False
Italy,ITA,2017,60390317.0,352.666,5.84,-5.467,-1.527,148.755,41.798,148.761,41.798,148.761,owid,owid,owid,0.12318383562128296,0.4383992408211863,0.4384169235575308,False,False,False
Italy,ITA,2018,60277496.0,349.048,5.791,-3.618,-1.026,152.744,39.213,143.675,39.213,143.675,owid,owid,owid,0.11683331744291367,0.45509367402393097,0.4280730085331554,False,False,False
Italy,ITA,2019,60130136.0,339.638,5.648,-9.41,-2.696,148.491,30.48,146.775,30.48,146.775,owid,owid,owid,0.0935698366211711,0.45584903575178215,0.4505811276270469,False,False,False
Italy,ITA,2020,59912763.0,302.6,5.051,-37.038,-10.905,127.568,22.119,140.818,22.119,140.818,owid,owid,owid,0.07613982547632571,0.43912497203146245,0.4847352024922119,False,False,False
Italy,ITA,2021,59729353.0,335.93,5.624,33.33,11.015,145.904,24.57,152.325,24.57,152.325,owid,owid,owid,0.07611547743332539,0.4519964436073222,0.4718880789593524,False,False,False
Jamaica,JAM,1992,2424698.0,7.709,3.179,-0.042,-0.545,7.295,0.176,0.0,0.176,0.0,owid,gcb,owid,0.02355775665908178,0.9764422433409182,0.0,False,False,False
Jamaica,JAM,1993,2449913.0,8.001,3.266,0.292,3.791,7.628,0.147,0.0,0.147,0.0,owid,gcb,owid,0.01890675241157556,0.9810932475884244,0.0,False,False,False
Jamaica,JAM,1994,2475225.0,8.189,3.308,0.188,2.345,7.826,0.139,0.0,0.139,0.0,owid,gcb,owid,0.017451349654739486,0.9825486503452605,0.0,False,False,False
Jamaica,JAM,1995,2500152.0,9.173,3.669,0.985,12.026,8.764,0.147,0.0,0.147,0.0,owid,gcb,owid,0.016496465043205028,0.983503534956795,0.0,False,False,False
Jamaica,JAM,1996,2524470.0,9.688,3.837,0.514,5.606,9.248,0.169,0.0,0.169,0.0,owid,gcb,owid,0.017946267388765,0.982053732611235,0.0,False,False,False
Jamaica,JAM,1997,2547853.0,10.068,3.952,0.381,3.928,9.651,0.179,0.0,0.179,0.0,owid,gcb,owid,0.018209562563580875,0.9817904374364191,0.0,False,False,False
Jamaica,JAM,1998,2569740.0,9.694,3.772,-0.374,-3.716,9.244,0.187,0.0,0.187,0.0,owid,gcb,owid,0.01982822606298378,0.9801717739370163,0.0,False,False,False
Jamaica,JAM,1999,2589796.0,9.958,3.845,0.264,2.725,9.526,0.191,0.0,0.191,0.0,owid,gcb,owid,0.019656272512092208,0.9803437274879078,0.0,False,False,False
Jamaica,JAM,2000,2607827.0,10.314,3.955,0.356,3.573,9.849,0.191,0.0,0.191,0.0,owid,gcb,owid,0.01902390438247012,0.9809760956175299,0.0,False,False,False
Jamaica,JAM,2001,2624410.0,10.576,4.03,0.262,2.545,10.171,0.139,0.0,0.139,0.0,owid,gcb,owid,0.013482056256062079,0.986517943743938,0.0,False,False,False
Jamaica,JAM,2002,2640582.0,10.203,3.864,-0.374,-3.535,9.691,0.234,0.0,0.234,0.0,owid,gcb,owid,0.02357682619647355,0.9764231738035265,0.0,False,False,False
Jamaica,JAM,2003,2656629.0,10.667,4.015,0.464,4.553,10.127,0.227,0.0,0.227,0.0,owid,gcb,owid,0.02192389414718949,0.9780761058528105,0.0,False,False,False
Jamaica,JAM,2004,2672227.0,10.574,3.957,-0.093,-0.87,10.083,0.176,0.0,0.176,0.0,owid,gcb,owid,0.01715566819378107,0.9828443318062189,0.0,False,False,False
Jamaica,JAM,2005,2687070.0,10.413,3.875,-0.161,-1.526,9.977,0.154,0.0,0.154,0.0,owid,gcb,owid,0.01520086862106406,0.9847991313789359,0.0,False,False,False
Jamaica,JAM,2006,2700973.0,11.574,4.285,1.161,11.147,11.186,0.073,0.0,0.073,0.0,owid,gcb,owid,0.0064837019273470105,0.993516298072653,0.0,False,False,False
Jamaica,JAM,2007,2713808.0,10.749,3.961,-0.824,-7.123,10.384,0.095,0.0,0.095,0.0,owid,gcb,owid,0.00906575054871648,0.9909342494512835,0.0,False,False,False
Jamaica,JAM,2008,2725633.0,10.776,3.954,0.027,0.249,10.347,0.128,0.0,0.128,0.0,owid,gcb,owid,0.012219570405727924,0.987780429594272,0.0,False,False,False
Jamaica,JAM,2009,2737001.0,7.937,2.9,-2.839,-26.341,7.416,0.136,0.0,0.136,0.0,owid,gcb,owid,0.018008474576271187,0.9819915254237288,0.0,False,False,False
Jamaica,JAM,2010,2748573.0,7.677,2.793,-0.26,-3.278,7.236,0.114,0.0,0.114,0.0,owid,gcb,owid,0.015510204081632655,0.9844897959183674,0.0,False,False,False
Jamaica,JAM,2011,2760493.0,8.226,2.98,0.549,7.151,7.713,0.187,0.0,0.187,0.0,owid,gcb,owid,0.023670886075949367,0.9763291139240506,0.0,False,False,False
Jamaica,JAM,2012,2772432.0,7.887,2.845,-0.339,-4.122,7.376,0.172,0.0,0.172,0.0,owid,gcb,owid,0.02278749337572867,0.9772125066242714,0.0,False,False,False
Jamaica,JAM,2013,2783689.0,8.467,3.042,0.58,7.348,7.896,0.209,0.0,0.209,0.0,owid,gcb,owid,0.025786551511412705,0.9742134484885873,0.0,False,False,False
Jamaica,JAM,2014,2793756.0,7.675,2.747,-0.791,-9.346,7.017,0.245,0.0,0.245,0.0,owid,gcb,owid,0.03373726246213164,0.9662627375378683,0.0,False,False,False
Jamaica,JAM,2015,2802536.0,7.966,2.843,0.291,3.788,7.31,0.238,0.0,0.238,0.0,owid,gcb,owid,0.03153153153153153,0.9684684684684685,0.0,False,False,False
Jamaica,JAM,2016,2809919.0,8.134,2.895,0.168,2.108,7.493,0.227,0.018,0.227,0.018,owid,owid,owid,0.029335745670715948,0.968338071853192,0.002326182476092013,False,False,False
Jamaica,JAM,2017,2815765.0,7.768,2.759,-0.366,-4.498,7.017,0.191,0.202,0.191,0.202,owid,owid,owid,0.025775978407557354,0.9469635627530365,0.02726045883940621,False,False,False
Jamaica,JAM,2018,2820103.0,8.061,2.858,0.292,3.764,7.353,0.202,0.187,0.202,0.187,owid,owid,owid,0.026091449237923017,0.9497545853784551,0.024153965383621804,False,False,False
Jamaica,JAM,2019,2823275.0,9.439,3.343,1.379,17.106,8.266,0.275,0.564,0.275,0.564,owid,owid,owid,0.030203185063152116,0.9078528281164195,0.06194398682042833,False,False,False
Jamaica,JAM,2020,2830745.0,6.866,2.425,-2.574,-27.265,4.827,0.275,1.384,0.275,1.384,owid,owid,owid,0.04239901325932778,0.7442183163737279,0.21338267036694414,False,False,False
Jamaica,JAM,2021,2837680.0,7.313,2.577,0.447,6.506,5.207,0.275,1.429,0.275,1.429,owid,owid,owid,0.03979163652148748,0.7534365504268556,0.20677181305165676,False,False,False
Japan,JPN,1992,124383707.0,1175.454,9.45,8.902,0.763,683.298,305.863,127.887,305.863,127.887,owid,owid,owid,0.27381365885798997,0.611699765811317,0.11448657533069304,False,False,False
Japan,JPN,1993,124839955.0,1169.328,9.367,-6.126,-0.521,669.613,311.471,130.679,311.471,130.679,owid,owid,owid,0.2801595304035122,0.6022983315688685,0.11754213802761918,False,False,False
Japan,JPN,1994,125286861.0,1223.158,9.763,53.83,4.604,708.422,319.196,137.127,319.196,137.127,owid,owid,owid,0.27404796758088684,0.6082206834972462,0.11773134892186704,False,False,False
Japan,JPN,1995,125672659.0,1235.873,9.834,12.715,1.04,706.1,328.968,142.071,328.968,142.071,owid,owid,owid,0.2794640225156078,0.5998441985186117,0.1206917789657806,False,False,False
Japan,JPN,1996,125975304.0,1248.69,9.912,12.817,1.037,703.974,337.797,147.814,337.797,147.814,owid,owid,owid,0.28396205399361957,0.591781167381902,0.12425677862447825,False,False,False
Japan,JPN,1997,126265926.0,1240.98,9.828,-7.71,-0.617,688.639,343.384,152.482,343.384,152.482,owid,owid,owid,0.2898966234840714,0.5813728097390892,0.12873056677683925,False,False,False
Japan,JPN,1998,126549182.0,1201.334,9.493,-39.646,-3.195,673.057,321.286,155.8,321.286,155.8,owid,owid,owid,0.27934439456658866,0.5851941888965111,0.1354614165369002,False,False,False
Japan,JPN,1999,126801566.0,1238.121,9.764,36.787,3.062,682.654,339.156,165.305,339.156,165.305,owid,owid,owid,0.28569767882639846,0.5750529645400825,0.1392493566335191,False,False,False
Japan,JPN,2000,127027794.0,1260.203,9.921,22.082,1.784,672.759,365.732,170.07,365.732,170.07,owid,owid,owid,0.3026177412641977,0.5566611863199293,0.1407210724158731,False,False,False
Japan,JPN,2001,127260144.0,1245.935,9.79,-14.268,-1.132,651.363,374.745,169.164,374.745,169.164,owid,owid,owid,0.3135227797522237,0.5449496014296328,0.14152761881814346,False,False,False
Japan,JPN,2002,127484599.0,1275.42,10.005,29.485,2.366,662.164,392.048,173.01,392.048,173.01,owid,owid,owid,0.3194597228537298,0.5395633389883819,0.1409769381578883,False,False,False
Japan,JPN,2003,127671254.0,1283.845,10.056,8.425,0.661,652.177,405.725,178.304,405.725,178.304,owid,owid,owid,0.3282017721965433,0.5275633672705035,0.14423486053295323,False,False,False
Japan,JPN,2004,127815769.0,1279.122,10.008,-4.723,-0.368,640.898,413.614,177.22,413.614,177.22,owid,owid,owid,0.3357986964696866,0.5203226026440817,0.14387870088623175,False,False,False
Japan,JPN,2005,127913331.0,1286.412,10.057,7.291,0.57,637.796,424.188,175.651,424.188,175.651,owid,owid,owid,0.3427407919136094,0.515334488762842,0.14192471932354855,False,False,False
Japan,JPN,2006,127997247.0,1263.44,9.871,-22.972,-1.786,601.046,421.175,192.295,421.175,192.295,owid,owid,owid,0.3467842333900912,0.494885205299889,0.15833056131001977,False,False,False
Japan,JPN,2007,128087683.0,1298.974,10.141,35.533,2.812,603.408,438.589,208.764,438.589,208.764,owid,owid,owid,0.3506577195803195,0.48243269497529906,0.16690958544438148,False,False,False
Japan,JPN,2008,128155992.0,1228.687,9.587,-70.287,-5.411,559.258,420.311,204.133,420.311,204.133,owid,owid,owid,0.3550817688911567,0.47246519816643046,0.17245303294241288,False,False,False
Japan,JPN,2009,128192471.0,1160.253,9.051,-68.434,-5.57,512.779,406.014,201.885,406.014,201.885,owid,owid,owid,0.36229318323372106,0.45756140479245605,0.180145411973823,False,False,False
Japan,JPN,2010,128185273.0,1211.09,9.448,50.838,4.382,517.853,440.141,212.989,440.141,212.989,owid,owid,owid,0.3758730912404365,0.4422378463222779,0.18188906243728561,False,False,False
Japan,JPN,2011,128096430.0,1261.181,9.846,50.09,4.136,548.593,424.824,247.537,424.824,247.537,owid,owid,owid,0.34794431239833773,0.4493150438100043,0.20274064379165802,False,False,False
Japan,JPN,2012,127928283.0,1302.113,10.178,40.932,3.246,560.109,444.259,256.681,444.259,256.681,owid,owid,owid,0.3522932098594107,0.44416117058100046,0.20354561955958886,False,False,False
Japan,JPN,2013,127723642.0,1311.876,10.271,9.763,0.75,537.861,475.299,256.133,475.299,256.133,owid,owid,owid,0.3744596401303718,0.4237484962100949,0.2017918636595333,False,False,False
Japan,JPN,2014,127486601.0,1260.272,9.886,-51.603,-3.934,493.206,466.617,258.215,466.617,258.215,owid,owid,owid,0.3830890333470713,0.40491840156054243,0.21199256509238626,False,False,False
Japan,JPN,2015,127275868.0,1219.982,9.585,-40.29,-3.197,472.952,460.158,246.091,460.158,246.091,owid,owid,owid,0.39022863786580914,0.4010783572944731,0.20869300483971776,False,False,False
Japan,JPN,2016,127159950.0,1199.933,9.436,-20.05,-1.643,456.462,451.654,251.202,451.654,251.202,owid,owid,owid,0.3895859462201053,0.3937332121126386,0.2166808416672561,False,False,False
Japan,JPN,2017,127064686.0,1184.392,9.321,-15.541,-1.295,444.288,453.724,245.323,453.724,245.323,owid,owid,owid,0.396842570200335,0.38858952100652916,0.21456790879313586,False,False,False
Japan,JPN,2018,126913432.0,1138.55,8.971,-45.842,-3.871,427.785,436.723,233.524,436.723,233.524,owid,owid,owid,0.3977324886706398,0.3895924708933801,0.21267504043597998,False,False,False
Japan,JPN,2019,126699421.0,1102.063,8.698,-36.487,-3.205,411.853,427.648,223.805,427.648,223.805,owid,owid,owid,0.4021871408606742,0.3873325270430149,0.21048033209631095,False,False,False
Japan,JPN,2020,126304533.0,1037.285,8.213,-64.778,-5.878,383.172,395.042,222.213,395.042,222.213,owid,owid,owid,0.3948733890628702,0.3830084553895487,0.2221181555475812,False,False,False
Japan,JPN,2021,125679342.0,1058.502,8.422,21.217,2.045,387.738,421.464,211.747,421.464,211.747,owid,owid,owid,0.4128159193064492,0.3797819479719359,0.2074021327216149,False,False,False
Jordan,JOR,1992,4127699.0,12.189,2.953,2.198,21.997,10.45,0.0,0.245,0.0,0.245,gcb,owid,owid,0.0,0.9770920991117346,0.022907900888265546,False,False,False
Jordan,JOR,1993,4348018.0,12.008,2.762,-0.18,-1.48,10.051,0.0,0.289,0.0,0.289,gcb,owid,owid,0.0,0.9720502901353966,0.02794970986460348,False,False,False
Jordan,JOR,1994,4561409.0,13.521,2.964,1.513,12.6,11.15,0.0,0.48,0.0,0.48,gcb,owid,owid,0.0,0.9587274290627686,0.041272570937231294,False,False,False
Jordan,JOR,1995,4752097.0,13.451,2.831,-0.07,-0.52,11.366,0.0,0.432,0.0,0.432,gcb,owid,owid,0.0,0.963383624343109,0.036616375656891,False,False,False
Jordan,JOR,1996,4912518.0,14.074,2.865,0.622,4.627,12.007,0.0,0.418,0.0,0.418,gcb,owid,owid,0.0,0.9663581488933602,0.03364185110663984,False,False,False
Jordan,JOR,1997,5046287.0,14.308,2.835,0.235,1.667,12.326,0.0,0.462,0.0,0.462,gcb,owid,owid,0.0,0.9638723803565843,0.0361276196434157,False,False,False
Jordan,JOR,1998,5164290.0,14.447,2.798,0.139,0.973,12.743,0.0,0.469,0.0,0.469,gcb,owid,owid,0.0,0.9645019679079625,0.03549803209203754,False,False,False
Jordan,JOR,1999,5276450.0,14.467,2.742,0.02,0.138,12.754,0.0,0.465,0.0,0.465,gcb,owid,owid,0.0,0.9648233603146985,0.035176639685301464,False,False,False
Jordan,JOR,2000,5386945.0,15.401,2.859,0.934,6.453,13.736,0.0,0.443,0.0,0.443,gcb,owid,owid,0.0,0.9687566118908245,0.03124338810917554,False,False,False
Jordan,JOR,2001,5498900.0,15.858,2.884,0.457,2.968,13.935,0.0,0.473,0.0,0.473,gcb,owid,owid,0.0,0.9671710161021654,0.032828983897834535,False,False,False
Jordan,JOR,2002,5616077.0,16.707,2.975,0.849,5.355,14.671,0.0,0.429,0.0,0.429,gcb,owid,owid,0.0,0.9715894039735099,0.028410596026490067,False,False,False
Jordan,JOR,2003,5741837.0,17.273,3.008,0.566,3.389,15.217,0.0,0.487,0.0,0.487,gcb,owid,owid,0.0,0.9689887926642894,0.031011207335710646,False,False,False
Jordan,JOR,2004,5882066.0,19.003,3.231,1.73,10.015,14.542,0.0,2.737,0.0,2.737,gcb,owid,owid,0.0,0.8415996296081949,0.1584003703918051,False,False,False
Jordan,JOR,2005,6029597.0,20.79,3.448,1.787,9.404,15.861,0.0,3.166,0.0,3.166,gcb,owid,owid,0.0,0.8336048772796553,0.16639512272034476,False,False,False
Jordan,JOR,2006,6427377.0,20.829,3.241,0.039,0.188,14.534,0.0,4.584,0.0,4.584,gcb,owid,owid,0.0,0.7602259650591066,0.23977403494089336,False,False,False
Jordan,JOR,2007,6827235.0,21.7,3.178,0.871,4.18,14.392,0.0,5.507,0.0,5.507,gcb,owid,owid,0.0,0.723252424744962,0.2767475752550379,False,False,False
Jordan,JOR,2008,6989874.0,20.987,3.003,-0.713,-3.285,12.916,0.0,6.236,0.0,6.236,owid,owid,owid,0.0,0.6743943191311612,0.32560568086883873,False,False,False
Jordan,JOR,2009,7141763.0,21.545,3.017,0.558,2.657,12.872,0.0,7.061,0.0,7.061,owid,owid,owid,0.0,0.6457633070787137,0.3542366929212863,False,False,False
Jordan,JOR,2010,7297046.0,20.838,2.856,-0.707,-3.28,13.973,0.0,5.237,0.0,5.237,owid,owid,owid,0.0,0.7273815720978657,0.2726184279021343,False,False,False
Jordan,JOR,2011,7480431.0,21.409,2.862,0.571,2.741,18.25,0.0,1.997,0.0,1.997,owid,owid,owid,0.0,0.9013681039166296,0.09863189608337038,False,False,False
Jordan,JOR,2012,7587133.0,24.069,3.172,2.66,12.423,20.896,0.0,1.51,0.0,1.51,owid,owid,owid,0.0,0.9326073373203606,0.06739266267963938,False,False,False
Jordan,JOR,2013,7991812.0,24.061,3.011,-0.008,-0.034,19.661,0.835,1.869,0.835,1.869,owid,owid,owid,0.03733512184216409,0.879096803040465,0.08356807511737088,False,False,False
Jordan,JOR,2014,8791715.0,26.165,2.976,2.104,8.744,22.427,1.337,0.619,1.337,0.619,owid,owid,owid,0.05483328548578928,0.9197801747118894,0.02538653980232129,False,False,False
Jordan,JOR,2015,9544730.0,25.799,2.703,-0.365,-1.397,19.317,0.66,4.005,0.66,4.005,owid,owid,owid,0.02752064048036027,0.8054791093319991,0.16700025018764073,False,False,False
Jordan,JOR,2016,10006369.0,24.949,2.493,-0.85,-3.294,15.235,0.905,6.98,0.905,6.98,owid,owid,owid,0.03914359861591695,0.6589532871972318,0.30190311418685123,False,False,False
Jordan,JOR,2017,10234227.0,26.08,2.548,1.13,4.531,15.418,0.74,8.031,0.74,8.031,owid,owid,owid,0.030592418041258423,0.6373971640001653,0.3320104179585762,False,False,False
Jordan,JOR,2018,10462310.0,25.419,2.43,-0.661,-2.534,14.781,0.777,7.867,0.777,7.867,owid,owid,owid,0.03316969050160085,0.6309925293489861,0.335837780149413,False,False,False
Jordan,JOR,2019,10671893.0,24.57,2.302,-0.849,-3.342,14.517,0.791,7.859,0.791,7.859,owid,owid,owid,0.034143393620235676,0.6266240773514049,0.33923252902835926,False,False,False
Jordan,JOR,2020,10865232.0,20.622,1.898,-3.948,-16.069,11.301,0.619,7.36,0.619,7.36,owid,owid,owid,0.0321058091286307,0.5861514522821577,0.3817427385892116,False,False,False
Jordan,JOR,2021,11066356.0,21.19,1.915,0.569,2.757,11.908,0.641,7.137,0.641,7.137,owid,owid,owid,0.032561211012902574,0.6048968810322056,0.3625419079548918,False,False,False
Kazakhstan,KAZ,1992,17332624.0,233.523,13.473,-26.897,-10.328,39.384,160.477,25.184,160.477,25.184,owid,owid,owid,0.7130884934124286,0.17500499900019997,0.11190650758737143,False,False,False
Kazakhstan,KAZ,1993,17274487.0,207.559,12.015,-25.965,-11.119,33.155,143.687,23.493,143.687,23.493,owid,owid,owid,0.7172336336636135,0.16549779119974042,0.11726857513664611,False,False,False
Kazakhstan,KAZ,1994,17043775.0,174.671,10.248,-32.888,-15.845,27.665,118.564,22.192,118.564,22.192,owid,owid,owid,0.7039739699918656,0.164260988831559,0.13176504117657536,False,False,False
Kazakhstan,KAZ,1995,16730541.0,168.468,10.069,-6.203,-3.551,28.627,116.131,17.668,116.131,17.668,owid,owid,owid,0.7149778976272271,0.17624641375149297,0.10877568862127983,False,False,False
Kazakhstan,KAZ,1996,16416036.0,154.716,9.425,-13.752,-8.163,27.938,104.793,15.739,104.793,15.739,owid,owid,owid,0.7058193574459487,0.18817269482050245,0.10600794773354887,False,False,False
Kazakhstan,KAZ,1997,16043250.0,147.293,9.181,-7.423,-4.798,29.702,96.058,14.864,96.058,14.864,owid,owid,owid,0.6830839685971101,0.21121572420070545,0.10570030720218455,False,False,False
Kazakhstan,KAZ,1998,15647789.0,145.622,9.306,-1.671,-1.135,29.745,93.213,14.387,93.213,14.387,owid,owid,owid,0.678677782227238,0.21657140776875752,0.10475081000400452,False,False,False
Kazakhstan,KAZ,1999,15455877.0,118.762,7.684,-26.86,-18.445,19.181,81.796,9.787,81.796,9.787,owid,owid,owid,0.7384709833519916,0.17316998302697625,0.0883590336210321,False,False,False
Kazakhstan,KAZ,2000,15501108.0,142.197,9.173,23.435,19.733,24.383,95.035,14.153,95.035,14.153,owid,owid,owid,0.7114942614789138,0.1825471097768228,0.10595862874426336,False,False,False
Kazakhstan,KAZ,2001,15575550.0,138.036,8.862,-4.16,-2.926,23.404,93.208,11.193,93.208,11.193,owid,owid,owid,0.7292985407456672,0.1831227260279332,0.0875787332263996,False,False,False
Kazakhstan,KAZ,2002,15656680.0,156.768,10.013,18.732,13.57,35.413,95.068,14.308,95.068,14.308,owid,owid,owid,0.6565968409202357,0.24458349736513132,0.09881966171463302,False,False,False
Kazakhstan,KAZ,2003,15747377.0,175.022,11.114,18.254,11.644,39.271,106.206,16.178,106.206,16.178,owid,owid,owid,0.6569917416720794,0.24293093316012496,0.10007732516779562,False,False,False
Kazakhstan,KAZ,2004,15850164.0,185.476,11.702,10.454,5.973,41.377,112.534,17.302,112.534,17.302,owid,owid,owid,0.6572748564653386,0.2416697330226093,0.10105541051205225,False,False,False
Kazakhstan,KAZ,2005,15968118.0,198.449,12.428,12.973,6.994,51.563,113.324,18.119,113.324,18.119,owid,owid,owid,0.619236527764117,0.28175578942766905,0.09900768280821394,False,False,False
Kazakhstan,KAZ,2006,16103718.0,219.633,13.639,21.185,10.675,55.406,119.135,27.997,119.135,27.997,owid,owid,owid,0.5882106073921931,0.27355854210074154,0.13823085050706532,False,False,False
Kazakhstan,KAZ,2007,16257212.0,225.712,13.884,6.079,2.768,55.398,129.58,24.003,129.58,24.003,owid,owid,owid,0.6200563687607965,0.26508629971145703,0.11485733152774655,False,False,False
Kazakhstan,KAZ,2008,16426527.0,226.102,13.764,0.39,0.173,52.597,125.13,30.341,125.13,30.341,owid,owid,owid,0.6013899302151219,0.2527875502239652,0.14582251956091277,False,False,False
Kazakhstan,KAZ,2009,16619851.0,223.189,13.429,-2.913,-1.288,39.463,136.013,29.936,136.013,29.936,owid,owid,owid,0.6621472942184488,0.19211633205460246,0.14573637372694875,False,False,False
Kazakhstan,KAZ,2010,16836808.0,248.093,14.735,24.904,11.158,51.689,144.001,34.251,144.001,34.251,owid,owid,owid,0.6262519515875812,0.2247924467580814,0.1489556016543374,False,False,False
Kazakhstan,KAZ,2011,17065996.0,238.157,13.955,-9.936,-4.005,39.43,141.541,38.671,141.541,38.671,owid,owid,owid,0.6444168237404504,0.1795193997505031,0.17606377650904653,False,False,False
Kazakhstan,KAZ,2012,17306115.0,245.263,14.172,7.106,2.984,39.288,152.612,34.439,152.612,34.439,owid,owid,owid,0.6742629418703804,0.17358033745841417,0.15215672067120561,False,False,False
Kazakhstan,KAZ,2013,17556502.0,253.533,14.441,8.27,3.372,49.463,150.9,30.729,150.9,30.729,owid,owid,owid,0.6529866892839217,0.21404029563983176,0.1329730150762467,False,False,False
Kazakhstan,KAZ,2014,17816285.0,299.137,16.79,45.605,17.988,39.732,194.196,43.375,194.196,43.375,owid,owid,owid,0.7003025571306477,0.1432800943372412,0.1564173485321111,False,False,False
Kazakhstan,KAZ,2015,18084175.0,303.052,16.758,3.915,1.309,40.8,186.754,52.621,186.754,52.621,owid,owid,owid,0.6665619701971982,0.1456232711698046,0.18781475863299726,False,False,False
Kazakhstan,KAZ,2016,18363600.0,301.739,16.431,-1.313,-0.433,42.117,185.489,54.656,185.489,54.656,owid,owid,owid,0.6571518659968398,0.14921243383806534,0.19363570016509485,False,False,False
Kazakhstan,KAZ,2017,18651931.0,317.72,17.034,15.982,5.297,44.115,191.064,62.691,191.064,62.691,owid,owid,owid,0.6414341826971497,0.14810152079766342,0.21046429650518683,False,False,False
Kazakhstan,KAZ,2018,18932725.0,329.572,17.408,11.852,3.73,47.978,193.772,68.521,193.772,68.521,owid,owid,owid,0.6245250120056337,0.15463256314641072,0.2208424248479555,False,False,False
Kazakhstan,KAZ,2019,19209556.0,296.04,15.411,-33.533,-10.175,47.921,180.217,50.328,180.217,50.328,owid,owid,owid,0.6471777524006521,0.17208923171949178,0.18073301587985607,False,False,False
Kazakhstan,KAZ,2020,19482116.0,281.789,14.464,-14.25,-4.814,47.217,184.964,32.117,184.964,32.117,owid,owid,owid,0.6998312510877872,0.1786506140795617,0.12151813483265102,False,False,False
Kazakhstan,KAZ,2021,19743607.0,244.904,12.404,-36.885,-13.09,62.447,138.533,24.665,138.533,24.665,owid,owid,owid,0.6139422544262004,0.2767488754459439,0.1093088701278557,False,False,False
Kenya,KEN,1992,24382466.0,5.505,0.226,0.7,14.568,4.364,0.421,0.0,0.421,0.0,owid,gcb,owid,0.08798328108672936,0.9120167189132706,0.0,False,False,False
Kenya,KEN,1993,25117192.0,6.312,0.251,0.807,14.659,5.284,0.352,0.0,0.352,0.0,owid,gcb,owid,0.06245564229950319,0.9375443577004967,0.0,False,False,False
Kenya,KEN,1994,25857136.0,6.523,0.252,0.211,3.344,5.536,0.293,0.0,0.293,0.0,owid,gcb,owid,0.0502659118202093,0.9497340881797907,0.0,False,False,False
Kenya,KEN,1995,26601753.0,7.515,0.283,0.993,15.218,6.398,0.37,0.0,0.37,0.0,owid,gcb,owid,0.05466903073286052,0.9453309692671394,0.0,False,False,False
Kenya,KEN,1996,27344211.0,9.283,0.339,1.768,23.523,8.064,0.352,0.0,0.352,0.0,owid,gcb,owid,0.04182509505703422,0.9581749049429658,0.0,False,False,False
Kenya,KEN,1997,28101762.0,8.227,0.293,-1.056,-11.379,7.262,0.245,0.0,0.245,0.0,owid,gcb,owid,0.03263620620753963,0.9673637937924604,0.0,False,False,False
Kenya,KEN,1998,28888063.0,9.999,0.346,1.772,21.537,9.12,0.198,0.0,0.198,0.0,owid,gcb,owid,0.021249195106245976,0.978750804893754,0.0,False,False,False
Kenya,KEN,1999,29733413.0,10.021,0.337,0.022,0.22,9.252,0.194,0.0,0.194,0.0,owid,gcb,owid,0.020537793775142914,0.979462206224857,0.0,False,False,False
Kenya,KEN,2000,30642893.0,10.385,0.339,0.364,3.636,9.662,0.176,0.0,0.176,0.0,owid,gcb,owid,0.017889815003049397,0.9821101849969506,0.0,False,False,False
Kenya,KEN,2001,31619170.0,9.224,0.292,-1.161,-11.183,8.53,0.176,0.0,0.176,0.0,owid,gcb,owid,0.02021594302779692,0.979784056972203,0.0,False,False,False
Kenya,KEN,2002,32629809.0,7.819,0.24,-1.404,-15.227,6.969,0.264,0.0,0.264,0.0,owid,gcb,owid,0.036499377851513894,0.9635006221484861,0.0,False,False,False
Kenya,KEN,2003,33652233.0,6.716,0.2,-1.103,-14.106,5.679,0.245,0.0,0.245,0.0,owid,gcb,owid,0.041357191087103305,0.9586428089128967,0.0,False,False,False
Kenya,KEN,2004,34713453.0,7.621,0.22,0.905,13.478,6.441,0.286,0.0,0.286,0.0,owid,gcb,owid,0.042515237104206925,0.9574847628957931,0.0,False,False,False
Kenya,KEN,2005,35796485.0,8.454,0.236,0.833,10.928,7.164,0.333,0.0,0.333,0.0,owid,gcb,owid,0.04441776710684274,0.9555822328931572,0.0,False,False,False
Kenya,KEN,2006,36904010.0,9.567,0.259,1.113,13.161,8.039,0.443,0.0,0.443,0.0,owid,gcb,owid,0.052228248054704086,0.947771751945296,0.0,False,False,False
Kenya,KEN,2007,38036354.0,9.734,0.256,0.167,1.748,8.156,0.4,0.0,0.4,0.0,owid,gcb,owid,0.04675081813931743,0.9532491818606825,0.0,False,False,False
Kenya,KEN,2008,39206349.0,10.099,0.258,0.365,3.745,8.413,0.41,0.0,0.41,0.0,owid,gcb,owid,0.0464694548339567,0.9535305451660433,0.0,False,False,False
Kenya,KEN,2009,40408887.0,12.185,0.302,2.086,20.658,10.321,0.366,0.0,0.366,0.0,owid,gcb,owid,0.03424721624403481,0.9657527837559652,0.0,False,False,False
Kenya,KEN,2010,41598570.0,11.857,0.285,-0.328,-2.692,9.688,0.627,0.0,0.627,0.0,owid,gcb,owid,0.06078526417838099,0.939214735821619,0.0,False,False,False
Kenya,KEN,2011,42758467.0,12.218,0.286,0.361,3.043,10.201,0.894,0.0,0.894,0.0,owid,gcb,owid,0.08057683641279856,0.9194231635872014,0.0,False,False,False
Kenya,KEN,2012,43888306.0,11.246,0.256,-0.972,-7.954,9.282,0.802,0.0,0.802,0.0,owid,gcb,owid,0.07953193177310591,0.9204680682268941,0.0,False,False,False
Kenya,KEN,2013,44986794.0,12.163,0.27,0.917,8.155,9.929,0.887,0.0,0.887,0.0,owid,gcb,owid,0.08200813609467456,0.9179918639053254,0.0,False,False,False
Kenya,KEN,2014,46051441.0,13.214,0.287,1.051,8.645,10.363,1.099,0.0,1.099,0.0,owid,gcb,owid,0.09588204501832141,0.9041179549816786,0.0,False,False,False
Kenya,KEN,2015,47088528.0,15.212,0.323,1.998,15.118,12.523,1.162,0.0,1.162,0.0,owid,gcb,owid,0.08491048593350384,0.9150895140664962,0.0,False,False,False
Kenya,KEN,2016,48139683.0,16.289,0.338,1.076,7.076,13.483,1.147,0.0,1.147,0.0,owid,gcb,owid,0.07840054682159946,0.9215994531784005,0.0,False,False,False
Kenya,KEN,2017,49197757.0,16.181,0.329,-0.108,-0.661,13.374,1.081,0.0,1.081,0.0,owid,gcb,owid,0.07478381182981667,0.9252161881701834,0.0,False,False,False
Kenya,KEN,2018,50207109.0,17.003,0.339,0.822,5.078,13.994,1.619,0.0,1.619,0.0,owid,gcb,owid,0.10369563825017614,0.8963043617498239,0.0,False,False,False
Kenya,KEN,2019,51202829.0,18.159,0.355,1.156,6.799,15.195,1.429,0.0,1.429,0.0,owid,gcb,owid,0.08596005774783447,0.9140399422521657,0.0,False,False,False
Kenya,KEN,2020,52217327.0,19.99,0.383,1.831,10.082,16.106,1.92,0.0,1.92,0.0,owid,gcb,owid,0.10651281482303337,0.8934871851769666,0.0,False,False,False
Kenya,KEN,2021,53219167.0,20.59,0.387,0.6,3.003,15.18,2.228,0.0,2.228,0.0,owid,gcb,owid,0.12798713235294118,0.8720128676470588,0.0,False,False,False
Kiribati,KIR,1992,77655.0,0.026,0.33,0.004,16.667,0.026,0.0,0.0,0.0,0.0,gcb,gcb,owid,0.0,1.0,0.0,False,False,False
Kiribati,KIR,1993,78853.0,0.029,0.372,0.004,14.286,0.029,0.0,0.0,0.0,0.0,gcb,gcb,owid,0.0,1.0,0.0,False,False,False
Kiribati,KIR,1994,80033.0,0.029,0.366,0.0,0.0,0.029,0.0,0.0,0.0,0.0,gcb,gcb,owid,0.0,1.0,0.0,False,False,False
Kiribati,KIR,1995,81251.0,0.029,0.361,0.0,0.0,0.029,0.0,0.0,0.0,0.0,gcb,gcb,owid,0.0,1.0,0.0,False,False,False
Kiribati,KIR,1996,82637.0,0.033,0.399,0.004,12.5,0.033,0.0,0.0,0.0,0.0,gcb,gcb,owid,0.0,1.0,0.0,False,False,False
Kiribati,KIR,1997,84161.0,0.029,0.348,-0.004,-11.111,0.029,0.0,0.0,0.0,0.0,gcb,gcb,owid,0.0,1.0,0.0,False,False,False
Kiribati,KIR,1998,85672.0,0.029,0.342,0.0,0.0,0.029,0.0,0.0,0.0,0.0,gcb,gcb,owid,0.0,1.0,0.0,False,False,False
Kiribati,KIR,1999,87139.0,0.029,0.336,0.0,0.0,0.029,0.0,0.0,0.0,0.0,gcb,gcb,owid,0.0,1.0,0.0,False,False,False
Kiribati,KIR,2000,88632.0,0.037,0.413,0.007,25.0,0.037,0.0,0.0,0.0,0.0,gcb,gcb,owid,0.0,1.0,0.0,False,False,False
Kiribati,KIR,2001,90350.0,0.033,0.365,-0.004,-10.0,0.033,0.0,0.0,0.0,0.0,gcb,gcb,owid,0.0,1.0,0.0,False,False,False
Kiribati,KIR,2002,92281.0,0.04,0.437,0.007,22.222,0.04,0.0,0.0,0.0,0.0,gcb,gcb,owid,0.0,1.0,0.0,False,False,False
Kiribati,KIR,2003,94189.0,0.04,0.428,0.0,0.0,0.04,0.0,0.0,0.0,0.0,gcb,gcb,owid,0.0,1.0,0.0,False,False,False
Kiribati,KIR,2004,96096.0,0.044,0.458,0.004,9.091,0.044,0.0,0.0,0.0,0.0,gcb,gcb,owid,0.0,1.0,0.0,False,False,False
Kiribati,KIR,2005,98045.0,0.048,0.486,0.004,8.333,0.048,0.0,0.0,0.0,0.0,gcb,gcb,owid,0.0,1.0,0.0,False,False,False
Kiribati,KIR,2006,100028.0,0.051,0.513,0.004,7.692,0.051,0.0,0.0,0.0,0.0,gcb,gcb,owid,0.0,1.0,0.0,False,False,False
Kiribati,KIR,2007,102081.0,0.051,0.503,0.0,0.0,0.051,0.0,0.0,0.0,0.0,gcb,gcb,owid,0.0,1.0,0.0,False,False,False
Kiribati,KIR,2008,104235.0,0.048,0.457,-0.004,-7.143,0.048,0.0,0.0,0.0,0.0,gcb,gcb,owid,0.0,1.0,0.0,False,False,False
Kiribati,KIR,2009,106479.0,0.048,0.447,0.0,0.0,0.048,0.0,0.0,0.0,0.0,gcb,gcb,owid,0.0,1.0,0.0,False,False,False
Kiribati,KIR,2010,108717.0,0.059,0.539,0.011,23.077,0.059,0.0,0.0,0.0,0.0,gcb,gcb,owid,0.0,1.0,0.0,False,False,False
Kiribati,KIR,2011,110660.0,0.055,0.497,-0.004,-6.25,0.055,0.0,0.0,0.0,0.0,gcb,gcb,owid,0.0,1.0,0.0,False,False,False
Kiribati,KIR,2012,112293.0,0.055,0.489,0.0,0.0,0.055,0.0,0.0,0.0,0.0,gcb,gcb,owid,0.0,1.0,0.0,False,False,False
Kiribati,KIR,2013,113847.0,0.055,0.483,0.0,0.0,0.055,0.0,0.0,0.0,0.0,gcb,gcb,owid,0.0,1.0,0.0,False,False,False
Kiribati,KIR,2014,115339.0,0.055,0.477,0.0,0.0,0.055,0.0,0.0,0.0,0.0,gcb,gcb,owid,0.0,1.0,0.0,False,False,False
Kiribati,KIR,2015,116826.0,0.059,0.502,0.004,6.667,0.059,0.0,0.0,0.0,0.0,gcb,gcb,owid,0.0,1.0,0.0,False,False,False
Kiribati,KIR,2016,118488.0,0.055,0.464,-0.004,-6.25,0.055,0.0,0.0,0.0,0.0,gcb,gcb,owid,0.0,1.0,0.0,False,False,False
Kiribati,KIR,2017,120288.0,0.07,0.579,0.015,26.667,0.07,0.0,0.0,0.0,0.0,gcb,gcb,owid,0.0,1.0,0.0,False,False,False
Kiribati,KIR,2018,122097.0,0.07,0.57,0.0,0.0,0.07,0.0,0.0,0.0,0.0,gcb,gcb,owid,0.0,1.0,0.0,False,False,False
Kiribati,KIR,2019,123928.0,0.07,0.562,0.0,0.0,0.07,0.0,0.0,0.0,0.0,gcb,gcb,owid,0.0,1.0,0.0,False,False,False
Kiribati,KIR,2020,126110.0,0.07,0.552,0.0,0.0,0.07,0.0,0.0,0.0,0.0,gcb,gcb,owid,0.0,1.0,0.0,False,False,False
Kiribati,KIR,2021,128387.0,0.07,0.542,0.0,0.0,0.07,0.0,0.0,0.0,0.0,gcb,gcb,owid,0.0,1.0,0.0,False,False,False
Kuwait,KWT,1992,1634968.0,29.683,18.155,-463.296,-93.979,21.02,0.0,7.449,0.0,7.449,owid,owid,owid,0.0,0.7383469739014366,0.26165302609856333,False,True,False
Kuwait,KWT,1993,1672158.0,49.163,29.401,19.48,65.625,33.357,0.0,15.184,0.0,15.184,owid,owid,owid,0.0,0.6871922704517831,0.31280772954821695,False,True,False
Kuwait,KWT,1994,1664371.0,57.265,34.406,8.102,16.48,39.278,0.0,14.583,0.0,14.583,owid,owid,owid,0.0,0.7292475074729396,0.2707524925270604,False,True,False
Kuwait,KWT,1995,1681518.0,56.263,33.46,-1.002,-1.749,35.035,0.0,17.811,0.0,17.811,owid,owid,owid,0.0,0.6629640843204784,0.3370359156795216,False,True,False
Kuwait,KWT,1996,1730255.0,51.768,29.919,-4.495,-7.989,30.301,0.0,17.855,0.0,17.855,owid,owid,owid,0.0,0.6292258493230335,0.37077415067696656,False,True,False
Kuwait,KWT,1997,1787692.0,56.765,31.753,4.997,9.652,35.105,0.0,17.792,0.0,17.792,owid,owid,owid,0.0,0.6636482220163714,0.3363517779836286,False,True,False
Kuwait,KWT,1998,1844308.0,52.91,28.688,-3.854,-6.79,32.092,0.0,17.981,0.0,17.981,owid,owid,owid,0.0,0.6409042797515627,0.35909572024843733,False,True,False
Kuwait,KWT,1999,1900035.0,55.085,28.992,2.175,4.11,35.928,0.0,16.456,0.0,16.456,owid,owid,owid,0.0,0.6858582773365912,0.3141417226634087,False,True,False
Kuwait,KWT,2000,1954713.0,54.98,28.127,-0.105,-0.191,31.277,0.0,20.686,0.0,20.686,owid,owid,owid,0.0,0.6019090506706696,0.3980909493293305,False,True,False
Kuwait,KWT,2001,2008127.0,59.119,29.44,4.139,7.529,36.277,0.0,20.24,0.0,20.24,owid,owid,owid,0.0,0.6418776651273069,0.3581223348726932,False,True,False
Kuwait,KWT,2002,2059983.0,60.114,29.182,0.994,1.682,38.798,0.0,18.151,0.0,18.151,owid,owid,owid,0.0,0.6812762296089484,0.31872377039105165,False,True,False
Kuwait,KWT,2003,2109886.0,62.491,29.618,2.377,3.955,37.296,0.0,21.152,0.0,21.152,owid,owid,owid,0.0,0.6381056665754175,0.36189433342458255,False,True,False
Kuwait,KWT,2004,2157329.0,65.855,30.526,3.364,5.384,38.925,0.0,22.766,0.0,22.766,owid,owid,owid,0.0,0.6309672399539641,0.3690327600460359,False,True,False
Kuwait,KWT,2005,2236797.0,74.615,33.358,8.76,13.302,44.889,0.001,25.526,0.001,25.526,owid,owid,owid,1.4201317882299478e-05,0.6374829584185413,0.3625028402635765,False,True,False
Kuwait,KWT,2006,2364741.0,76.222,32.233,1.607,2.153,45.881,0.002,26.234,0.002,26.234,owid,owid,owid,2.773271212058183e-05,0.6362022824022074,0.3637699848856719,False,True,False
Kuwait,KWT,2007,2507890.0,77.295,30.821,1.073,1.408,48.059,0.002,25.539,0.002,25.539,owid,owid,owid,2.7173913043478262e-05,0.6529755434782609,0.3469972826086957,False,True,False
Kuwait,KWT,2008,2651433.0,84.442,31.848,7.147,9.247,54.363,0.001,26.619,0.001,26.619,owid,owid,owid,1.234827062469901e-05,0.6712890359705123,0.32869861575886294,False,True,False
Kuwait,KWT,2009,2795489.0,88.832,31.777,4.39,5.198,61.749,0.002,24.102,0.002,24.102,owid,owid,owid,2.329563323355037e-05,0.7192410282692508,0.2807356760975155,False,True,False
Kuwait,KWT,2010,2943374.0,89.721,30.482,0.889,1.001,58.741,0.003,28.132,0.003,28.132,owid,owid,owid,3.453197661034117e-05,0.6761476126893503,0.32381785533403934,False,True,False
Kuwait,KWT,2011,3132815.0,87.151,27.819,-2.57,-2.865,51.241,0.051,32.859,0.051,32.859,owid,owid,owid,0.0006060534039999524,0.6089173034188541,0.3904766431771458,False,True,False
Kuwait,KWT,2012,3337025.0,101.201,30.327,14.05,16.121,62.827,0.532,34.731,0.532,34.731,owid,owid,owid,0.005423590580079519,0.6405036191252931,0.3540727902946274,False,True,False
Kuwait,KWT,2013,3507755.0,83.047,23.675,-18.154,-17.939,44.246,0.589,34.566,0.589,34.566,owid,owid,owid,0.007418042593921989,0.5572473898313622,0.43533456757471567,False,True,False
Kuwait,KWT,2014,3665769.0,74.994,20.458,-8.053,-9.697,36.125,0.811,34.282,0.811,34.282,owid,owid,owid,0.011387570558005001,0.5072453593192733,0.4813670701227218,False,True,False
Kuwait,KWT,2015,3834465.0,93.317,24.337,18.324,24.434,50.477,0.847,39.067,0.847,39.067,owid,owid,owid,0.009370401920545187,0.5584294896615813,0.4322001084178735,False,True,False
Kuwait,KWT,2016,4003976.0,104.019,25.979,10.701,11.468,58.287,0.778,41.257,0.778,41.257,owid,owid,owid,0.007755028807240685,0.5809991826319252,0.4112457885608341,False,True,False
Kuwait,KWT,2017,4154686.0,100.01,24.072,-4.008,-3.854,54.687,0.534,41.929,0.534,41.929,owid,owid,owid,0.005496654657745754,0.5629130211013895,0.43159032424086463,False,True,False
Kuwait,KWT,2018,4323389.0,102.453,23.697,2.443,2.442,55.927,0.746,42.77,0.746,42.77,owid,owid,owid,0.00750178494212765,0.5624025823838781,0.43009563267399414,False,True,False
Kuwait,KWT,2019,4442201.0,104.654,23.559,2.201,2.149,54.859,0.578,46.267,0.578,46.267,owid,owid,owid,0.005683158971131912,0.5393986470541965,0.4549181939746716,False,True,False
Kuwait,KWT,2020,4400146.0,90.103,20.477,-14.552,-13.904,35.49,0.163,51.688,0.163,51.688,owid,owid,owid,0.0018662483827755578,0.406338374875488,0.5917953767417364,False,True,False
Kuwait,KWT,2021,4360748.0,87.869,20.15,-2.234,-2.479,30.807,0.278,54.099,0.278,54.099,owid,owid,owid,0.003263523666416229,0.3616524229902329,0.6350840533433508,False,True,False
Kyrgyzstan,KGZ,1992,4600308.0,11.042,2.4,-4.856,-30.544,3.686,3.814,3.074,3.814,3.074,owid,owid,owid,0.360696046907509,0.34859088329865706,0.29071306979383393,False,False,False
Kyrgyzstan,KGZ,1993,4626809.0,8.468,1.83,-2.574,-23.307,2.429,3.437,2.316,3.437,2.316,owid,owid,owid,0.42006844292349066,0.2968711806404302,0.28306037643607923,False,False,False
Kyrgyzstan,KGZ,1994,4649190.0,6.144,1.322,-2.324,-27.44,0.825,3.424,1.716,3.424,1.716,owid,owid,owid,0.5740150880134116,0.1383067896060352,0.28767812238055324,False,False,False
Kyrgyzstan,KGZ,1995,4713641.0,4.507,0.956,-1.638,-26.65,1.396,1.246,1.729,1.246,1.729,owid,owid,owid,0.2850606268588423,0.3193777167696179,0.39556165637153967,False,False,False
Kyrgyzstan,KGZ,1996,4782885.0,5.652,1.182,1.145,25.405,1.543,1.854,2.023,1.854,2.023,owid,owid,owid,0.34206642066420667,0.2846863468634686,0.3732472324723248,False,False,False
Kyrgyzstan,KGZ,1997,4847998.0,5.561,1.147,-0.091,-1.614,1.674,1.942,1.663,1.942,1.663,owid,owid,owid,0.3678727031634779,0.31710551240765295,0.31502178442886913,False,False,False
Kyrgyzstan,KGZ,1998,4907792.0,5.901,1.202,0.34,6.12,1.707,1.938,1.953,1.938,1.953,owid,owid,owid,0.3461950696677385,0.304930332261522,0.34887459807073956,False,False,False
Kyrgyzstan,KGZ,1999,4968593.0,4.642,0.934,-1.259,-21.328,1.411,1.916,1.15,1.916,1.15,owid,owid,owid,0.4279651552378825,0.31516640607549695,0.25686843868662046,False,False,False
Kyrgyzstan,KGZ,2000,5025150.0,4.575,0.91,-0.067,-1.447,1.205,1.865,1.312,1.865,1.312,owid,owid,owid,0.4256047466910086,0.2749885896850753,0.299406663623916,False,False,False
Kyrgyzstan,KGZ,2001,5071960.0,3.857,0.76,-0.719,-15.704,1.086,1.229,1.342,1.229,1.342,owid,owid,owid,0.3360678151490292,0.2969647251845775,0.3669674596663932,False,False,False
Kyrgyzstan,KGZ,2002,5116252.0,4.917,0.961,1.061,27.497,1.004,1.986,1.7,1.986,1.7,owid,owid,owid,0.42345415778251594,0.2140724946695096,0.3624733475479744,False,False,False
Kyrgyzstan,KGZ,2003,5159422.0,5.376,1.042,0.458,9.32,1.246,2.407,1.403,2.407,1.403,owid,owid,owid,0.47606803797468356,0.24643987341772153,0.27749208860759494,False,False,False
Kyrgyzstan,KGZ,2004,5203048.0,5.808,1.116,0.433,8.048,1.543,2.363,1.532,2.363,1.532,owid,owid,owid,0.43453475542478853,0.2837440235380655,0.28172122103714603,False,False,False
Kyrgyzstan,KGZ,2005,5246337.0,5.519,1.052,-0.289,-4.977,1.37,2.319,1.414,2.319,1.414,owid,owid,owid,0.45443856554967665,0.268469527728787,0.27709190672153633,False,False,False
Kyrgyzstan,KGZ,2006,5282451.0,5.457,1.033,-0.062,-1.12,1.271,2.224,1.477,2.224,1.477,owid,owid,owid,0.44730490748189866,0.2556315366049879,0.29706355591311345,False,False,False
Kyrgyzstan,KGZ,2007,5313376.0,6.522,1.228,1.065,19.516,2.235,2.305,1.473,2.305,1.473,owid,owid,owid,0.38333610510560456,0.3716946615666057,0.2449692333277898,False,False,False
Kyrgyzstan,KGZ,2008,5342530.0,7.481,1.4,0.959,14.697,2.423,3.193,1.43,3.193,1.43,owid,owid,owid,0.4531649162645473,0.3438830542151576,0.2029520295202952,False,False,False
Kyrgyzstan,KGZ,2009,5398013.0,6.709,1.243,-0.772,-10.314,3.122,2.752,0.623,2.752,0.623,owid,owid,owid,0.42358011389872247,0.4805294751423734,0.0958904109589041,False,False,False
Kyrgyzstan,KGZ,2010,5491763.0,6.356,1.157,-0.354,-5.271,2.755,2.682,0.564,2.682,0.564,owid,owid,owid,0.4469255124145976,0.4590901516413931,0.09398433594400933,False,False,False
Kyrgyzstan,KGZ,2011,5594537.0,7.62,1.362,1.265,19.896,3.638,2.865,0.638,2.865,0.638,owid,owid,owid,0.4012043131214116,0.5094524576389862,0.08934322923960229,False,False,False
Kyrgyzstan,KGZ,2012,5696521.0,10.087,1.771,2.467,32.368,4.672,4.016,0.817,4.016,0.817,owid,owid,owid,0.42251446607048926,0.49153077327722255,0.08595476065228827,False,False,False
Kyrgyzstan,KGZ,2013,5797294.0,9.734,1.679,-0.353,-3.498,4.796,3.576,0.627,3.576,0.627,owid,owid,owid,0.39737748638737636,0.5329481053450383,0.06967440826758528,False,False,False
Kyrgyzstan,KGZ,2014,5898322.0,10.236,1.735,0.503,5.163,4.4,4.503,0.517,4.503,0.517,owid,owid,owid,0.4780254777070064,0.4670912951167729,0.05488322717622081,False,False,False
Kyrgyzstan,KGZ,2015,6001876.0,10.265,1.71,0.028,0.277,4.719,4.338,0.524,4.338,0.524,owid,owid,owid,0.4527711094875274,0.49253731343283585,0.05469157707963679,False,False,False
Kyrgyzstan,KGZ,2016,6108460.0,9.622,1.575,-0.643,-6.265,4.99,3.481,0.546,3.481,0.546,owid,owid,owid,0.38604857491405126,0.5533991349672841,0.06055229011866475,False,False,False
Kyrgyzstan,KGZ,2017,6220148.0,9.364,1.505,-0.258,-2.677,4.71,3.391,0.579,3.391,0.579,owid,owid,owid,0.390668202764977,0.5426267281105991,0.06670506912442396,False,False,False
Kyrgyzstan,KGZ,2018,6341733.0,11.175,1.762,1.811,19.338,5.575,4.043,0.641,4.043,0.641,owid,owid,owid,0.3940929915196413,0.5434252851155084,0.062481723364850375,False,False,False
Kyrgyzstan,KGZ,2019,6494036.0,9.047,1.393,-2.128,-19.045,4.331,3.173,0.619,3.173,0.619,owid,owid,owid,0.3906192293487627,0.533177397513234,0.07620337313800318,False,False,False
Kyrgyzstan,KGZ,2020,6664143.0,8.348,1.253,-0.698,-7.717,3.636,3.174,0.649,3.174,0.649,owid,owid,owid,0.4255262099477141,0.48746480761496175,0.08700898243732404,False,False,False
Kyrgyzstan,KGZ,2021,6820483.0,10.338,1.516,1.99,23.834,4.234,4.157,0.765,4.157,0.765,owid,owid,owid,0.4540192223678462,0.4624290083005679,0.08355176933158584,False,False,False
Laos,LAO,1992,4559650.0,0.593,0.13,0.047,8.575,0.583,0.007,0.0,0.007,0.0,owid,gcb,owid,0.011864406779661017,0.988135593220339,0.0,False,False,False
Laos,LAO,1993,4685064.0,0.607,0.13,0.015,2.476,0.59,0.015,0.0,0.015,0.0,owid,gcb,owid,0.024793388429752067,0.9752066115702479,0.0,False,False,False
Laos,LAO,1994,4809223.0,0.631,0.131,0.023,3.815,0.608,0.018,0.0,0.018,0.0,owid,gcb,owid,0.02875399361022364,0.9712460063897763,0.0,False,False,False
Laos,LAO,1995,4929410.0,0.671,0.136,0.04,6.388,0.645,0.022,0.0,0.022,0.0,owid,gcb,owid,0.032983508245877056,0.967016491754123,0.0,False,False,False
Laos,LAO,1996,5045686.0,0.753,0.149,0.082,12.297,0.671,0.051,0.0,0.051,0.0,owid,gcb,owid,0.0706371191135734,0.9293628808864265,0.0,False,False,False
Laos,LAO,1997,5152015.0,0.792,0.154,0.039,5.181,0.663,0.095,0.0,0.095,0.0,owid,gcb,owid,0.12532981530343007,0.87467018469657,0.0,False,False,False
Laos,LAO,1998,5248273.0,0.82,0.156,0.028,3.49,0.718,0.07,0.0,0.07,0.0,owid,gcb,owid,0.08883248730964467,0.9111675126903552,0.0,False,False,False
Laos,LAO,1999,5340784.0,0.846,0.158,0.026,3.123,0.799,0.015,0.0,0.015,0.0,owid,gcb,owid,0.018427518427518427,0.9815724815724816,0.0,False,False,False
Laos,LAO,2000,5431213.0,0.96,0.177,0.115,13.565,0.883,0.04,0.0,0.04,0.0,owid,gcb,owid,0.04333694474539545,0.9566630552546045,0.0,False,False,False
Laos,LAO,2001,5521481.0,1.059,0.192,0.099,10.284,0.971,0.051,0.0,0.051,0.0,owid,gcb,owid,0.049902152641878667,0.9500978473581213,0.0,False,False,False
Laos,LAO,2002,5610888.0,1.166,0.208,0.107,10.064,0.986,0.084,0.0,0.084,0.0,owid,gcb,owid,0.07850467289719626,0.9214953271028037,0.0,False,False,False
Laos,LAO,2003,5697944.0,1.221,0.214,0.055,4.735,1.019,0.102,0.0,0.102,0.0,owid,gcb,owid,0.09099018733273861,0.9090098126672613,0.0,False,False,False
Laos,LAO,2004,5781627.0,1.282,0.222,0.062,5.039,1.059,0.125,0.0,0.125,0.0,owid,gcb,owid,0.10557432432432433,0.8944256756756757,0.0,False,False,False
Laos,LAO,2005,5869531.0,1.337,0.228,0.055,4.252,1.103,0.136,0.0,0.136,0.0,owid,gcb,owid,0.10976594027441487,0.8902340597255852,0.0,False,False,False
Laos,LAO,2006,5963199.0,1.757,0.295,0.42,31.437,1.414,0.187,0.0,0.187,0.0,owid,gcb,owid,0.11680199875078076,0.8831980012492192,0.0,False,False,False
Laos,LAO,2007,6056237.0,1.836,0.303,0.078,4.461,1.469,0.213,0.0,0.213,0.0,owid,gcb,owid,0.1266349583828775,0.8733650416171225,0.0,False,False,False
Laos,LAO,2008,6148974.0,2.131,0.347,0.296,16.104,1.682,0.297,0.0,0.297,0.0,owid,gcb,owid,0.1500757958564932,0.8499242041435069,0.0,False,False,False
Laos,LAO,2009,6241649.0,2.667,0.427,0.536,25.154,1.934,0.352,0.0,0.352,0.0,owid,gcb,owid,0.15398075240594924,0.8460192475940507,0.0,False,False,False
Laos,LAO,2010,6334198.0,3.001,0.474,0.333,12.499,1.905,0.638,0.0,0.638,0.0,owid,gcb,owid,0.25088478175383405,0.7491152182461659,0.0,False,False,False
Laos,LAO,2011,6426592.0,3.097,0.482,0.096,3.198,1.927,0.678,0.0,0.678,0.0,owid,gcb,owid,0.26026871401151636,0.7397312859884837,0.0,False,False,False
Laos,LAO,2012,6518981.0,3.328,0.511,0.232,7.477,2.048,0.714,0.0,0.714,0.0,owid,gcb,owid,0.25850832729905865,0.7414916727009414,0.0,False,False,False
Laos,LAO,2013,6611385.0,4.198,0.635,0.87,26.137,2.303,1.071,0.0,1.071,0.0,owid,gcb,owid,0.3174273858921162,0.6825726141078838,0.0,False,False,False
Laos,LAO,2014,6703170.0,4.383,0.654,0.185,4.4,2.418,1.125,0.0,1.125,0.0,owid,gcb,owid,0.3175275190516511,0.6824724809483489,0.0,False,False,False
Laos,LAO,2015,6801647.0,9.185,1.35,4.802,109.554,2.895,5.108,0.0,5.108,0.0,owid,gcb,owid,0.6382606522554042,0.36173934774459576,0.0,False,False,False
Laos,LAO,2016,6908800.0,16.407,2.375,7.222,78.627,3.141,11.966,0.0,11.966,0.0,owid,gcb,owid,0.7920831402661018,0.2079168597338982,0.0,False,False,False
Laos,LAO,2017,7018150.0,19.625,2.796,3.218,19.617,3.206,14.916,0.0,14.916,0.0,owid,gcb,owid,0.8230879593863812,0.17691204061361882,0.0,False,False,False
Laos,LAO,2018,7128043.0,20.481,2.873,0.857,4.365,3.312,15.338,0.0,15.338,0.0,owid,gcb,owid,0.8224128686327078,0.17758713136729223,0.0,False,False,False
Laos,LAO,2019,7237635.0,18.34,2.534,-2.142,-10.456,2.689,13.663,0.0,13.663,0.0,owid,gcb,owid,0.8355552837573386,0.16444471624266144,0.0,False,False,False
Laos,LAO,2020,7346534.0,18.294,2.49,-0.046,-0.253,2.649,13.293,0.0,13.293,0.0,owid,gcb,owid,0.8338351524275498,0.16616484757245012,0.0,False,False,False
Laos,LAO,2021,7453192.0,21.837,2.93,3.543,19.368,2.668,13.669,0.0,13.669,0.0,owid,gcb,owid,0.8366897227153088,0.1633102772846912,0.0,False,False,False
Latvia,LVA,1992,2614833.0,14.194,5.428,-3.726,-20.793,7.795,2.163,3.976,2.163,3.976,owid,owid,owid,0.1552318070905698,0.5594229941151141,0.285345198794316,False,False,False
Latvia,LVA,1993,2563820.0,11.922,4.65,-2.272,-16.006,7.269,1.995,2.594,1.995,2.594,owid,owid,owid,0.16824085005903192,0.6130038792376455,0.21875527070332265,False,False,False
Latvia,LVA,1994,2521238.0,10.37,4.113,-1.551,-13.014,6.866,1.521,1.874,1.521,1.874,owid,owid,owid,0.14823116655296753,0.6691355618360783,0.18263327161095408,False,False,False
Latvia,LVA,1995,2485948.0,9.134,3.674,-1.236,-11.921,5.597,1.111,2.297,1.111,2.297,owid,owid,owid,0.12337590227651303,0.6215435868961688,0.25508051082731814,False,False,False
Latvia,LVA,1996,2457907.0,9.212,3.748,0.078,0.851,6.055,1.04,1.977,1.04,1.977,owid,owid,owid,0.11463844797178131,0.6674382716049383,0.21792328042328046,False,False,False
Latvia,LVA,1997,2433229.0,8.68,3.567,-0.532,-5.773,5.181,0.941,2.417,0.941,2.417,owid,owid,owid,0.11020025764141,0.606745520552758,0.28305422180583206,False,False,False
Latvia,LVA,1998,2410217.0,8.306,3.446,-0.374,-4.308,5.09,0.703,2.37,0.703,2.37,owid,owid,owid,0.08612029890971455,0.6235452652211196,0.29033443586916574,False,False,False
Latvia,LVA,1999,2390822.0,7.718,3.228,-0.588,-7.081,4.738,0.539,2.264,0.539,2.264,owid,owid,owid,0.07147593157406179,0.628298634133404,0.3002254342925341,False,False,False
Latvia,LVA,2000,2368320.0,7.082,2.99,-0.636,-8.244,3.879,0.57,2.504,0.57,2.504,owid,owid,owid,0.08197900186969653,0.5578886811448296,0.36013231698547393,False,False,False
Latvia,LVA,2001,2338299.0,7.497,3.206,0.415,5.858,3.917,0.526,2.906,0.526,2.906,owid,owid,owid,0.07157436385902843,0.5329976867601034,0.39542794938086817,False,False,False
Latvia,LVA,2002,2311358.0,7.52,3.254,0.024,0.319,3.935,0.436,2.979,0.436,2.979,owid,owid,owid,0.05931972789115646,0.535374149659864,0.40530612244897957,False,False,False
Latvia,LVA,2003,2288983.0,7.726,3.375,0.206,2.734,4.058,0.388,3.092,0.388,3.092,owid,owid,owid,0.05147253913504909,0.5383390819846112,0.4101883788803396,False,False,False
Latvia,LVA,2004,2264179.0,7.731,3.415,0.005,0.067,4.162,0.322,3.072,0.322,3.072,owid,owid,owid,0.042615140285865535,0.5508205399682371,0.4065643197458973,False,False,False
Latvia,LVA,2005,2239787.0,7.811,3.487,0.08,1.029,4.13,0.362,3.152,0.362,3.152,owid,owid,owid,0.04735740450026164,0.5402930402930403,0.4123495552066981,False,False,False
Latvia,LVA,2006,2219039.0,8.31,3.745,0.499,6.393,4.471,0.381,3.262,0.381,3.262,owid,owid,owid,0.04695587872812423,0.5510229233423711,0.4020211979295045,False,False,False
Latvia,LVA,2007,2200774.0,8.637,3.925,0.327,3.936,4.831,0.454,3.147,0.454,3.147,owid,owid,owid,0.053842504743833015,0.5729364326375712,0.3732210626185958,False,False,False
Latvia,LVA,2008,2177710.0,8.198,3.765,-0.439,-5.085,4.471,0.44,3.085,0.44,3.085,owid,owid,owid,0.055027513756878435,0.5591545772886443,0.3858179089544772,False,False,False
Latvia,LVA,2009,2142044.0,7.456,3.481,-0.742,-9.049,4.071,0.362,2.827,0.362,2.827,owid,owid,owid,0.049862258953168044,0.5607438016528925,0.3893939393939394,False,False,False
Latvia,LVA,2010,2097834.0,8.555,4.078,1.098,14.73,4.251,0.455,3.393,0.455,3.393,owid,owid,owid,0.056179775280898875,0.5248796147672552,0.41894060995184584,False,False,False
Latvia,LVA,2011,2059940.0,7.808,3.791,-0.746,-8.722,3.813,0.442,2.975,0.442,2.975,owid,owid,owid,0.061134163208852,0.5273858921161826,0.4114799446749654,False,False,False
Latvia,LVA,2012,2034639.0,7.52,3.696,-0.289,-3.697,3.73,0.4,2.792,0.4,2.792,owid,owid,owid,0.057786766830395846,0.5388616006934412,0.40335163247616296,False,False,False
Latvia,LVA,2013,2013004.0,7.369,3.661,-0.151,-2.008,3.771,0.301,2.729,0.301,2.729,owid,owid,owid,0.04425819732392295,0.5544772827525364,0.4012645199235407,False,False,False
Latvia,LVA,2014,1994153.0,7.172,3.597,-0.197,-2.667,3.89,0.242,2.448,0.242,2.448,owid,owid,owid,0.036778115501519756,0.5911854103343465,0.3720364741641337,False,False,False
Latvia,LVA,2015,1977874.0,7.262,3.672,0.09,1.258,4.067,0.19,2.506,0.19,2.506,owid,owid,owid,0.02809404110601804,0.6013603430430283,0.3705456158509537,False,False,False
Latvia,LVA,2016,1959863.0,7.211,3.679,-0.052,-0.712,4.059,0.166,2.607,0.166,2.607,owid,owid,owid,0.02429742388758782,0.5941159250585479,0.38158665105386413,False,False,False
Latvia,LVA,2017,1942599.0,7.215,3.714,0.005,0.064,4.277,0.167,2.299,0.167,2.299,owid,owid,owid,0.024766424440160167,0.6342874091650601,0.34094616639477976,False,False,False
Latvia,LVA,2018,1927586.0,7.843,4.069,0.628,8.702,4.346,0.197,2.704,0.197,2.704,owid,owid,owid,0.027183662205050366,0.5996964261073547,0.3731199116875949,False,False,False
Latvia,LVA,2019,1914267.0,7.633,3.988,-0.21,-2.674,4.303,0.166,2.548,0.166,2.548,owid,owid,owid,0.023656833404588854,0.6132250249394328,0.36311814165597833,False,False,False
Latvia,LVA,2020,1901119.0,6.999,3.682,-0.634,-8.308,4.174,0.1,2.103,0.1,2.103,owid,owid,owid,0.015681354869060686,0.654539752234593,0.32977889289634627,False,False,False
Latvia,LVA,2021,1885593.0,7.218,3.828,0.219,3.13,4.287,0.078,2.232,0.078,2.232,owid,owid,owid,0.011823556161891768,0.6498408367439745,0.3383356070941337,False,False,False
Lebanon,LBN,1992,3747375.0,9.727,2.596,1.612,19.861,9.603,0.0,0.0,0.0,0.0,gcb,gcb,owid,0.0,1.0,0.0,False,False,False
Lebanon,LBN,1993,3820652.0,10.355,2.71,0.628,6.456,9.885,0.278,0.0,0.278,0.0,owid,gcb,owid,0.027354127718193448,0.9726458722818065,0.0,False,False,False
Lebanon,LBN,1994,3889802.0,11.111,2.856,0.756,7.3,10.674,0.282,0.0,0.282,0.0,owid,gcb,owid,0.02573932092004381,0.9742606790799562,0.0,False,False,False
Lebanon,LBN,1995,3960741.0,12.255,3.094,1.144,10.296,11.303,0.476,0.0,0.476,0.0,owid,gcb,owid,0.040410900755581965,0.9595890992444182,0.0,False,False,False
Lebanon,LBN,1996,4034782.0,12.753,3.161,0.498,4.064,11.406,0.564,0.0,0.564,0.0,owid,gcb,owid,0.04711779448621553,0.9528822055137844,0.0,False,False,False
Lebanon,LBN,1997,4108409.0,15.099,3.675,2.346,18.395,13.678,0.575,0.0,0.575,0.0,owid,gcb,owid,0.04034238405949624,0.9596576159405038,0.0,False,False,False
Lebanon,LBN,1998,4181287.0,16.286,3.895,1.188,7.867,14.451,0.502,0.0,0.502,0.0,owid,gcb,owid,0.03357185848993513,0.9664281415100648,0.0,False,False,False
Lebanon,LBN,1999,4255278.0,16.43,3.861,0.143,0.879,14.59,0.506,0.0,0.506,0.0,owid,gcb,owid,0.03351881293057764,0.9664811870694223,0.0,False,False,False
Lebanon,LBN,2000,4329345.0,15.466,3.572,-0.963,-5.864,13.333,0.502,0.0,0.502,0.0,owid,gcb,owid,0.03628478496566678,0.9637152150343332,0.0,False,False,False
Lebanon,LBN,2001,4401923.0,16.407,3.727,0.94,6.08,14.216,0.502,0.0,0.502,0.0,owid,gcb,owid,0.03410789509444218,0.9658921049055578,0.0,False,False,False
Lebanon,LBN,2002,4463505.0,16.244,3.639,-0.163,-0.993,14.066,0.502,0.0,0.502,0.0,owid,gcb,owid,0.03445908841295991,0.96554091158704,0.0,False,False,False
Lebanon,LBN,2003,4525513.0,18.529,4.094,2.285,14.069,15.723,0.502,0.0,0.502,0.0,owid,gcb,owid,0.03093990755007704,0.969060092449923,0.0,False,False,False
Lebanon,LBN,2004,4599285.0,17.208,3.742,-1.321,-7.127,14.092,0.502,0.0,0.502,0.0,owid,gcb,owid,0.03439769768397972,0.9656023023160203,0.0,False,False,False
Lebanon,LBN,2005,4671105.0,16.65,3.565,-0.558,-3.244,13.399,0.502,0.0,0.502,0.0,owid,gcb,owid,0.036112509891374725,0.9638874901086252,0.0,False,False,False
Lebanon,LBN,2006,4751146.0,14.792,3.113,-1.858,-11.158,12.279,0.502,0.0,0.502,0.0,owid,gcb,owid,0.039277051873875285,0.9607229481261247,0.0,False,False,False
Lebanon,LBN,2007,4844119.0,13.746,2.838,-1.046,-7.073,10.981,0.502,0.0,0.502,0.0,owid,gcb,owid,0.043716798745972306,0.9562832012540277,0.0,False,False,False
Lebanon,LBN,2008,4925359.0,17.418,3.536,3.672,26.711,14.594,0.502,0.0,0.502,0.0,owid,owid,owid,0.03325384207737149,0.9667461579226284,0.0,False,False,False
Lebanon,LBN,2009,4992295.0,20.958,4.198,3.54,20.323,17.818,0.502,0.095,0.502,0.095,owid,owid,owid,0.027260385555253872,0.9675807765408635,0.005158837903882704,False,False,False
Lebanon,LBN,2010,5041290.0,19.997,3.967,-0.961,-4.585,16.378,0.564,0.484,0.564,0.484,owid,owid,owid,0.03236543096522437,0.9398599793412141,0.027774589693561343,False,False,False
Lebanon,LBN,2011,5096018.0,20.264,3.976,0.268,1.338,17.06,0.627,0.0,0.627,0.0,owid,owid,owid,0.035449765364391934,0.9645502346356082,0.0,False,False,False
Lebanon,LBN,2012,5235742.0,22.332,4.265,2.068,10.205,19.317,0.627,0.0,0.627,0.0,owid,owid,owid,0.03143802647412756,0.9685619735258725,0.0,False,False,False
Lebanon,LBN,2013,5743441.0,22.164,3.859,-0.168,-0.754,19.123,0.502,0.0,0.502,0.0,owid,owid,owid,0.025579617834394906,0.9744203821656051,0.0,False,False,False
Lebanon,LBN,2014,6346993.0,23.992,3.78,1.828,8.249,20.753,0.627,0.0,0.627,0.0,owid,owid,owid,0.029326473339569694,0.9706735266604304,0.0,False,False,False
Lebanon,LBN,2015,6472470.0,25.731,3.975,1.739,7.249,22.71,0.626,0.0,0.626,0.0,owid,owid,owid,0.0268255056564964,0.9731744943435036,0.0,False,False,False
Lebanon,LBN,2016,6323061.0,26.438,4.181,0.707,2.746,23.519,0.627,0.0,0.627,0.0,owid,gcb,owid,0.02596703387724675,0.9740329661227533,0.0,False,False,False
Lebanon,LBN,2017,6160129.0,27.821,4.516,1.383,5.231,24.952,0.626,0.0,0.626,0.0,owid,gcb,owid,0.024474157479083585,0.9755258425209163,0.0,False,False,False
Lebanon,LBN,2018,5984120.0,25.812,4.313,-2.009,-7.22,23.501,0.264,0.0,0.264,0.0,owid,gcb,owid,0.011108773406269725,0.9888912265937303,0.0,False,False,False
Lebanon,LBN,2019,5794601.0,25.141,4.339,-0.671,-2.6,23.636,0.11,0.0,0.11,0.0,owid,gcb,owid,0.004632359134169966,0.9953676408658301,0.0,False,False,False
Lebanon,LBN,2020,5702400.0,23.694,4.155,-1.447,-5.756,22.797,0.044,0.0,0.044,0.0,owid,gcb,owid,0.0019263604920975437,0.9980736395079024,0.0,False,False,False
Lebanon,LBN,2021,5718129.0,19.474,3.406,-4.22,-17.809,18.529,0.158,0.0,0.158,0.0,owid,gcb,owid,0.008455075721089528,0.9915449242789104,0.0,False,False,False
Lesotho,LSO,1992,1873281.0,1.587,0.847,0.059,3.837,0.341,1.246,0.0,1.246,0.0,owid,gcb,owid,0.7851291745431632,0.2148708254568368,0.0,False,False,False
Lesotho,LSO,1993,1901799.0,1.63,0.857,0.044,2.771,0.344,1.286,0.0,1.286,0.0,owid,gcb,owid,0.788957055214724,0.21104294478527608,0.0,False,False,False
Lesotho,LSO,1994,1927708.0,1.674,0.869,0.044,2.697,0.348,1.326,0.0,1.326,0.0,owid,gcb,owid,0.7921146953405018,0.2078853046594982,0.0,False,False,False
Lesotho,LSO,1995,1951441.0,1.707,0.875,0.033,1.969,0.355,1.352,0.0,1.352,0.0,owid,gcb,owid,0.7920328060925601,0.20796719390743992,0.0,False,False,False
Lesotho,LSO,1996,1972424.0,1.737,0.881,0.029,1.717,0.358,1.378,0.0,1.378,0.0,owid,gcb,owid,0.7937788018433181,0.20622119815668205,0.0,False,False,False
Lesotho,LSO,1997,1988140.0,1.77,0.89,0.033,1.899,0.366,1.404,0.0,1.404,0.0,owid,gcb,owid,0.7932203389830508,0.20677966101694914,0.0,False,False,False
Lesotho,LSO,1998,1998048.0,1.803,0.902,0.033,1.863,0.37,1.433,0.0,1.433,0.0,owid,gcb,owid,0.7947864669994454,0.20521353300055464,0.0,False,False,False
Lesotho,LSO,1999,2003238.0,1.825,0.911,0.022,1.22,0.374,1.451,0.0,1.451,0.0,owid,gcb,owid,0.7950684931506848,0.20493150684931505,0.0,False,False,False
Lesotho,LSO,2000,2003919.0,1.85,0.923,0.026,1.406,0.378,1.472,0.0,1.472,0.0,owid,gcb,owid,0.7956756756756757,0.20432432432432432,0.0,False,False,False
Lesotho,LSO,2001,2000859.0,1.872,0.936,0.022,1.188,0.381,1.491,0.0,1.491,0.0,owid,gcb,owid,0.796474358974359,0.20352564102564102,0.0,False,False,False
Lesotho,LSO,2002,1994686.0,1.905,0.955,0.033,1.761,0.389,1.516,0.0,1.516,0.0,owid,gcb,owid,0.7958005249343832,0.2041994750656168,0.0,False,False,False
Lesotho,LSO,2003,1985060.0,1.931,0.973,0.026,1.346,0.388,1.543,0.0,1.543,0.0,owid,gcb,owid,0.7990678404971516,0.20093215950284826,0.0,False,False,False
Lesotho,LSO,2004,1971130.0,1.979,1.004,0.048,2.467,0.407,1.572,0.0,1.572,0.0,owid,gcb,owid,0.7943405760485094,0.20565942395149062,0.0,False,False,False
Lesotho,LSO,2005,1953080.0,2.012,1.03,0.033,1.667,0.414,1.598,0.0,1.598,0.0,owid,gcb,owid,0.7942345924453281,0.20576540755467196,0.0,False,False,False
Lesotho,LSO,2006,1945066.0,2.034,1.045,0.022,1.093,0.41,1.624,0.0,1.624,0.0,owid,gcb,owid,0.7984267453294002,0.20157325467059978,0.0,False,False,False
Lesotho,LSO,2007,1953273.0,2.074,1.062,0.04,1.982,0.421,1.652,0.0,1.652,0.0,owid,gcb,owid,0.7969126869271587,0.20308731307284128,0.0,False,False,False
Lesotho,LSO,2008,1966547.0,2.121,1.079,0.048,2.297,0.44,1.682,0.0,1.682,0.0,owid,gcb,owid,0.7926484448633365,0.20735155513666353,0.0,False,False,False
Lesotho,LSO,2009,1980884.0,2.217,1.119,0.095,4.491,0.506,1.711,0.0,1.711,0.0,owid,gcb,owid,0.7717636445647271,0.22823635543527288,0.0,False,False,False
Lesotho,LSO,2010,1996256.0,2.275,1.14,0.059,2.645,0.524,1.751,0.0,1.751,0.0,owid,gcb,owid,0.7696703296703297,0.23032967032967036,0.0,False,False,False
Lesotho,LSO,2011,2014015.0,2.759,1.37,0.484,21.256,0.549,2.21,0.0,2.21,0.0,owid,gcb,owid,0.8010148604566872,0.19898513954331282,0.0,False,False,False
Lesotho,LSO,2012,2034363.0,2.792,1.372,0.033,1.195,0.594,2.198,0.0,2.198,0.0,owid,gcb,owid,0.7872492836676218,0.21275071633237821,0.0,False,False,False
Lesotho,LSO,2013,2056509.0,2.125,1.033,-0.667,-23.885,0.594,1.532,0.0,1.532,0.0,owid,gcb,owid,0.7206020696142992,0.2793979303857008,0.0,False,False,False
Lesotho,LSO,2014,2080091.0,2.242,1.078,0.117,5.517,0.572,1.671,0.0,1.671,0.0,owid,gcb,owid,0.7449843958983505,0.2550156041016496,0.0,False,False,False
Lesotho,LSO,2015,2104614.0,2.045,0.971,-0.198,-8.824,0.612,1.433,0.0,1.433,0.0,owid,gcb,owid,0.7007334963325184,0.29926650366748164,0.0,False,False,False
Lesotho,LSO,2016,2130424.0,2.026,0.951,-0.018,-0.896,0.649,1.378,0.0,1.378,0.0,owid,gcb,owid,0.6798223976319683,0.32017760236803156,0.0,False,False,False
Lesotho,LSO,2017,2157117.0,2.286,1.06,0.26,12.839,0.652,1.634,0.0,1.634,0.0,owid,gcb,owid,0.7147856517935257,0.2852143482064742,0.0,False,False,False
Lesotho,LSO,2018,2183611.0,2.165,0.992,-0.121,-5.288,0.685,1.48,0.0,1.48,0.0,owid,gcb,owid,0.6836027713625866,0.31639722863741343,0.0,False,False,False
Lesotho,LSO,2019,2209414.0,2.187,0.99,0.022,1.015,0.717,1.47,0.0,1.47,0.0,owid,gcb,owid,0.6721536351165981,0.3278463648834019,0.0,False,False,False
Lesotho,LSO,2020,2235727.0,1.986,0.888,-0.202,-9.213,0.634,1.352,0.0,1.352,0.0,owid,gcb,owid,0.6807653575025175,0.31923464249748235,0.0,False,False,False
Lesotho,LSO,2021,2261549.0,3.096,1.369,1.11,55.904,0.696,2.4,0.0,2.4,0.0,owid,gcb,owid,0.7751937984496123,0.22480620155038758,0.0,False,False,False
Liberia,LBR,1992,2072466.0,0.392,0.189,0.017,4.568,0.388,0.0,0.0,0.0,0.0,gcb,gcb,owid,0.0,1.0,0.0,False,False,False
Liberia,LBR,1993,2155135.0,0.417,0.194,0.026,6.547,0.414,0.0,0.0,0.0,0.0,gcb,gcb,owid,0.0,1.0,0.0,False,False,False
Liberia,LBR,1994,2149929.0,0.415,0.193,-0.002,-0.49,0.414,0.0,0.0,0.0,0.0,gcb,gcb,owid,0.0,1.0,0.0,False,False,False
Liberia,LBR,1995,2169167.0,0.416,0.192,0.001,0.196,0.414,0.0,0.0,0.0,0.0,gcb,gcb,owid,0.0,1.0,0.0,False,False,False
Liberia,LBR,1996,2232286.0,0.427,0.191,0.011,2.738,0.421,0.0,0.0,0.0,0.0,gcb,gcb,owid,0.0,1.0,0.0,False,False,False
Liberia,LBR,1997,2412995.0,0.446,0.185,0.019,4.381,0.443,0.0,0.0,0.0,0.0,gcb,gcb,owid,0.0,1.0,0.0,False,False,False
Liberia,LBR,1998,2670128.0,0.473,0.177,0.027,6.02,0.469,0.0,0.0,0.0,0.0,gcb,gcb,owid,0.0,1.0,0.0,False,False,False
Liberia,LBR,1999,2821689.0,0.376,0.133,-0.097,-20.486,0.37,0.0,0.0,0.0,0.0,gcb,gcb,owid,0.0,1.0,0.0,False,False,False
Liberia,LBR,2000,2928117.0,0.402,0.137,0.026,6.991,0.374,0.0,0.0,0.0,0.0,gcb,gcb,owid,0.0,1.0,0.0,False,False,False
Liberia,LBR,2001,3015343.0,0.414,0.137,0.011,2.813,0.388,0.0,0.0,0.0,0.0,gcb,gcb,owid,0.0,1.0,0.0,False,False,False
Liberia,LBR,2002,3094793.0,0.432,0.14,0.018,4.416,0.41,0.0,0.0,0.0,0.0,gcb,gcb,owid,0.0,1.0,0.0,False,False,False
Liberia,LBR,2003,3119534.0,0.461,0.148,0.029,6.627,0.451,0.0,0.0,0.0,0.0,gcb,gcb,owid,0.0,1.0,0.0,False,False,False
Liberia,LBR,2004,3156893.0,0.543,0.172,0.082,17.833,0.495,0.0,0.0,0.0,0.0,gcb,gcb,owid,0.0,1.0,0.0,False,False,False
Liberia,LBR,2005,3301016.0,0.651,0.197,0.108,19.853,0.594,0.0,0.0,0.0,0.0,gcb,gcb,owid,0.0,1.0,0.0,False,False,False
Liberia,LBR,2006,3490792.0,0.669,0.192,0.018,2.843,0.608,0.0,0.0,0.0,0.0,gcb,gcb,owid,0.0,1.0,0.0,False,False,False
Liberia,LBR,2007,3669050.0,0.629,0.171,-0.04,-6.021,0.568,0.0,0.0,0.0,0.0,gcb,gcb,owid,0.0,1.0,0.0,False,False,False
Liberia,LBR,2008,3821006.0,0.531,0.139,-0.098,-15.584,0.495,0.0,0.0,0.0,0.0,gcb,gcb,owid,0.0,1.0,0.0,False,False,False
Liberia,LBR,2009,3943035.0,0.522,0.132,-0.009,-1.66,0.495,0.0,0.0,0.0,0.0,gcb,gcb,owid,0.0,1.0,0.0,False,False,False
Liberia,LBR,2010,4058897.0,0.709,0.175,0.187,35.88,0.682,0.0,0.0,0.0,0.0,gcb,gcb,owid,0.0,1.0,0.0,False,False,False
Liberia,LBR,2011,4221177.0,0.822,0.195,0.113,15.951,0.791,0.0,0.0,0.0,0.0,gcb,gcb,owid,0.0,1.0,0.0,False,False,False
Liberia,LBR,2012,4373046.0,0.915,0.209,0.093,11.261,0.868,0.0,0.0,0.0,0.0,gcb,gcb,owid,0.0,1.0,0.0,False,False,False
Liberia,LBR,2013,4470246.0,0.874,0.196,-0.041,-4.453,0.799,0.0,0.0,0.0,0.0,gcb,gcb,owid,0.0,1.0,0.0,False,False,False
Liberia,LBR,2014,4564299.0,0.734,0.161,-0.141,-16.098,0.619,0.0,0.0,0.0,0.0,gcb,gcb,owid,0.0,1.0,0.0,False,False,False
Liberia,LBR,2015,4659436.0,0.699,0.15,-0.035,-4.749,0.583,0.0,0.0,0.0,0.0,gcb,gcb,owid,0.0,1.0,0.0,False,False,False
Liberia,LBR,2016,4755607.0,0.647,0.136,-0.052,-7.448,0.553,0.0,0.0,0.0,0.0,gcb,gcb,owid,0.0,1.0,0.0,False,False,False
Liberia,LBR,2017,4848927.0,0.667,0.138,0.021,3.203,0.557,0.0,0.0,0.0,0.0,gcb,gcb,owid,0.0,1.0,0.0,False,False,False
Liberia,LBR,2018,4944728.0,0.609,0.123,-0.059,-8.801,0.48,0.0,0.0,0.0,0.0,gcb,gcb,owid,0.0,1.0,0.0,False,False,False
Liberia,LBR,2019,5043719.0,0.932,0.185,0.323,53.075,0.799,0.0,0.0,0.0,0.0,gcb,gcb,owid,0.0,1.0,0.0,False,False,False
Liberia,LBR,2020,5149470.0,0.777,0.151,-0.155,-16.628,0.616,0.0,0.0,0.0,0.0,gcb,gcb,owid,0.0,1.0,0.0,False,False,False
Liberia,LBR,2021,5259327.0,0.783,0.149,0.006,0.748,0.575,0.0,0.0,0.0,0.0,gcb,gcb,owid,0.0,1.0,0.0,False,False,False
Libya,LBY,1992,4640360.0,37.024,7.979,-5.595,-13.129,22.929,0.015,9.215,0.015,9.215,owid,owid,owid,0.0004664324139432196,0.7129885879536055,0.28654497963245124,False,False,False
Libya,LBY,1993,4733053.0,38.708,8.178,1.684,4.548,25.533,0.011,8.897,0.011,8.897,owid,owid,owid,0.0003193867773874161,0.7413547806393542,0.2583258325832583,False,False,False
Libya,LBY,1994,4822039.0,51.36,10.651,12.652,32.684,29.605,0.015,9.178,0.015,9.178,owid,owid,owid,0.00038661786690035566,0.763054796639002,0.23655858549409764,False,False,False
Libya,LBY,1995,4906851.0,54.596,11.126,3.236,6.3,31.878,0.015,9.064,0.015,9.064,owid,owid,owid,0.00036623776155480137,0.7783284908562639,0.2213052713821813,False,False,False
Libya,LBY,1996,4987402.0,53.952,10.818,-0.644,-1.179,29.818,0.015,9.757,0.015,9.757,owid,owid,owid,0.00037888355645364987,0.7531699924223288,0.24645112402121744,False,False,False
Libya,LBY,1997,5064642.0,51.779,10.224,-2.173,-4.028,30.72,0.015,10.189,0.015,10.189,owid,owid,owid,0.000366533085719871,0.7506597595542958,0.24897370735998436,False,False,False
Libya,LBY,1998,5140711.0,51.653,10.048,-0.126,-0.244,31.739,0.0,10.189,0.0,10.189,owid,owid,owid,0.0,0.7569881701965274,0.24301182980347263,False,False,False
Libya,LBY,1999,5218039.0,50.26,9.632,-1.393,-2.696,33.35,0.0,7.925,0.0,7.925,owid,owid,owid,0.0,0.8079951544518474,0.19200484554815264,False,False,False
Libya,LBY,2000,5305020.0,53.239,10.036,2.979,5.926,34.152,0.0,9.497,0.0,9.497,owid,owid,owid,0.0,0.7824234232170267,0.21757657678297326,False,False,False
Libya,LBY,2001,5403639.0,53.114,9.829,-0.125,-0.235,34.563,0.0,10.076,0.0,10.076,owid,owid,owid,0.0,0.774278097627635,0.22572190237236497,False,False,False
Libya,LBY,2002,5508412.0,52.525,9.535,-0.589,-1.108,33.833,0.0,10.431,0.0,10.431,owid,owid,owid,0.0,0.7643457437195013,0.23565425628049883,False,False,False
Libya,LBY,2003,5619405.0,55.481,9.873,2.956,5.627,34.939,0.0,10.564,0.0,10.564,owid,owid,owid,0.0,0.7678394831110037,0.23216051688899633,False,False,False
Libya,LBY,2004,5736696.0,56.854,9.911,1.373,2.475,34.605,0.0,12.865,0.0,12.865,owid,owid,owid,0.0,0.72898672846008,0.27101327153991994,False,False,False
Libya,LBY,2005,5858793.0,55.986,9.556,-0.868,-1.527,34.984,0.0,10.915,0.0,10.915,owid,owid,owid,0.0,0.7621952547985795,0.23780474520142048,False,False,False
Libya,LBY,2006,5980212.0,51.45,8.603,-4.535,-8.101,32.192,0.004,8.955,0.004,8.955,owid,owid,owid,9.720298413161285e-05,0.7822896162912202,0.21761318072464828,False,False,False
Libya,LBY,2007,6104381.0,44.392,7.272,-7.058,-13.718,25.219,0.0,9.944,0.0,9.944,owid,owid,owid,0.0,0.717202741518073,0.282797258481927,False,False,False
Libya,LBY,2008,6235433.0,49.699,7.97,5.307,11.956,29.81,0.0,10.281,0.0,10.281,owid,owid,owid,0.0,0.7435584046294679,0.25644159537053207,False,False,False
Libya,LBY,2009,6366689.0,51.627,8.109,1.928,3.878,31.34,0.0,11.235,0.0,11.235,gcb,owid,owid,0.0,0.7361127422196124,0.2638872577803875,False,False,False
Libya,LBY,2010,6497837.0,59.148,9.103,7.521,14.568,36.117,0.0,13.197,0.0,13.197,gcb,owid,owid,0.0,0.732388368414649,0.26761163158535106,False,False,False
Libya,LBY,2011,6343210.0,53.542,8.441,-5.606,-9.477,34.563,0.0,8.486,0.0,8.486,gcb,owid,owid,0.0,0.8028757927013402,0.19712420729865965,False,False,False
Libya,LBY,2012,6179327.0,61.606,9.97,8.064,15.062,31.719,0.0,17.946,0.0,17.946,gcb,owid,owid,0.0,0.6386590154032014,0.36134098459679853,False,False,False
Libya,LBY,2013,6304636.0,51.344,8.144,-10.263,-16.658,21.669,0.0,21.105,0.0,21.105,gcb,owid,owid,0.0,0.5065927900126245,0.49340720998737553,False,False,False
Libya,LBY,2014,6427260.0,68.348,10.634,17.004,33.119,41.339,0.0,18.843,0.0,18.843,gcb,owid,owid,0.0,0.6868997374630288,0.31310026253697115,False,False,False
Libya,LBY,2015,6531825.0,60.866,9.318,-7.482,-10.947,31.992,0.0,22.026,0.0,22.026,gcb,owid,owid,0.0,0.5922470287681884,0.4077529712318116,False,False,False
Libya,LBY,2016,6632130.0,57.379,8.652,-3.487,-5.729,25.514,0.0,25.895,0.0,25.895,gcb,owid,owid,0.0,0.4962944231554786,0.5037055768445214,False,False,False
Libya,LBY,2017,6738771.0,67.092,9.956,9.713,16.928,26.173,0.0,31.827,0.0,31.827,gcb,owid,owid,0.0,0.45125862068965517,0.5487413793103448,False,False,False
Libya,LBY,2018,6849058.0,62.645,9.146,-4.448,-6.629,25.912,0.0,26.187,0.0,26.187,gcb,owid,owid,0.0,0.49736079387320287,0.502639206126797,False,False,False
Libya,LBY,2019,6951040.0,73.778,10.614,11.134,17.773,44.266,0.0,18.484,0.0,18.484,gcb,owid,owid,0.0,0.7054342629482071,0.29456573705179284,False,False,False
Libya,LBY,2020,7045403.0,36.111,5.125,-37.668,-51.055,21.958,0.0,8.339,0.0,8.339,gcb,owid,owid,0.0,0.7247582268871505,0.2752417731128495,False,False,False
Libya,LBY,2021,7135179.0,56.312,7.892,20.202,55.944,30.624,0.0,13.249,0.0,13.249,gcb,owid,owid,0.0,0.6980147243179177,0.3019852756820824,False,False,False
Liechtenstein,LIE,1992,29750.0,0.207,6.956,0.001,0.301,0.172,0.0,0.035,0.0,0.035,owid,owid,owid,0.0,0.8309178743961353,0.16908212560386476,True,False,False
Liechtenstein,LIE,1993,30199.0,0.215,7.121,0.008,3.906,0.177,0.0,0.038,0.0,0.038,owid,owid,owid,0.0,0.8232558139534883,0.17674418604651163,True,False,False
Liechtenstein,LIE,1994,30623.0,0.201,6.567,-0.014,-6.475,0.163,0.0,0.038,0.0,0.038,owid,owid,owid,0.0,0.8109452736318408,0.18905472636815918,True,False,False
Liechtenstein,LIE,1995,31055.0,0.204,6.575,0.003,1.537,0.162,0.0,0.042,0.0,0.042,owid,owid,owid,0.0,0.7941176470588235,0.20588235294117646,True,False,False
Liechtenstein,LIE,1996,31497.0,0.206,6.539,0.002,0.861,0.158,0.0,0.048,0.0,0.048,owid,owid,owid,0.0,0.7669902912621359,0.23300970873786406,True,False,False
Liechtenstein,LIE,1997,31925.0,0.218,6.84,0.012,6.027,0.172,0.0,0.046,0.0,0.046,owid,owid,owid,0.0,0.7889908256880734,0.21100917431192662,True,False,False
Liechtenstein,LIE,1998,32341.0,0.229,7.088,0.011,4.974,0.178,0.0,0.051,0.0,0.051,owid,owid,owid,0.0,0.777292576419214,0.22270742358078602,True,False,False
Liechtenstein,LIE,1999,32751.0,0.227,6.918,-0.003,-1.166,0.172,0.0,0.055,0.0,0.055,owid,owid,owid,0.0,0.7577092511013216,0.24229074889867844,True,False,False
Liechtenstein,LIE,2000,33137.0,0.217,6.544,-0.01,-4.284,0.163,0.0,0.054,0.0,0.054,owid,owid,owid,0.0,0.751152073732719,0.2488479262672811,True,False,False
Liechtenstein,LIE,2001,33470.0,0.215,6.414,-0.002,-1.009,0.155,0.0,0.06,0.0,0.06,owid,owid,owid,0.0,0.7209302325581396,0.27906976744186046,True,False,False
Liechtenstein,LIE,2002,33770.0,0.22,6.515,0.005,2.491,0.159,0.0,0.061,0.0,0.061,owid,owid,owid,0.0,0.7227272727272728,0.2772727272727273,True,False,False
Liechtenstein,LIE,2003,34089.0,0.229,6.728,0.009,4.242,0.164,0.0,0.065,0.0,0.065,owid,owid,owid,0.0,0.7161572052401747,0.2838427947598253,True,False,False
Liechtenstein,LIE,2004,34409.0,0.229,6.666,0.0,0.015,0.16,0.0,0.069,0.0,0.069,owid,owid,owid,0.0,0.6986899563318777,0.3013100436681223,True,False,False
Liechtenstein,LIE,2005,34713.0,0.229,6.596,-0.0,-0.184,0.157,0.0,0.072,0.0,0.072,owid,owid,owid,0.0,0.6855895196506551,0.314410480349345,True,False,False
Liechtenstein,LIE,2006,35002.0,0.231,6.602,0.002,0.929,0.158,0.0,0.073,0.0,0.073,owid,owid,owid,0.0,0.683982683982684,0.31601731601731603,True,False,False
Liechtenstein,LIE,2007,35251.0,0.201,5.694,-0.03,-13.136,0.13,0.0,0.071,0.0,0.071,owid,owid,owid,0.0,0.6467661691542288,0.3532338308457711,True,False,False
Liechtenstein,LIE,2008,35467.0,0.219,6.188,0.019,9.334,0.147,0.0,0.073,0.0,0.073,owid,owid,owid,0.0,0.6681818181818182,0.33181818181818185,True,False,False
Liechtenstein,LIE,2009,35740.0,0.205,5.745,-0.014,-6.439,0.148,0.0,0.058,0.0,0.058,owid,owid,owid,0.0,0.7184466019417476,0.28155339805825247,True,False,False
Liechtenstein,LIE,2010,36021.0,0.191,5.296,-0.015,-7.088,0.13,0.0,0.061,0.0,0.061,owid,owid,owid,0.0,0.680628272251309,0.3193717277486911,True,False,False
Liechtenstein,LIE,2011,36295.0,0.177,4.869,-0.014,-7.368,0.123,0.0,0.054,0.0,0.054,owid,owid,owid,0.0,0.6949152542372882,0.3050847457627119,True,False,False
Liechtenstein,LIE,2012,36621.0,0.185,5.059,0.009,4.83,0.131,0.0,0.054,0.0,0.054,owid,owid,owid,0.0,0.7081081081081081,0.2918918918918919,True,False,False
Liechtenstein,LIE,2013,36930.0,0.192,5.212,0.007,3.903,0.135,0.0,0.058,0.0,0.058,owid,owid,owid,0.0,0.6994818652849741,0.3005181347150259,True,False,False
Liechtenstein,LIE,2014,37191.0,0.161,4.334,-0.031,-16.264,0.113,0.0,0.048,0.0,0.048,owid,owid,owid,0.0,0.7018633540372671,0.2981366459627329,True,False,False
Liechtenstein,LIE,2015,37424.0,0.16,4.266,-0.002,-0.942,0.108,0.0,0.051,0.0,0.051,owid,owid,owid,0.0,0.6792452830188679,0.32075471698113206,True,False,False
Liechtenstein,LIE,2016,37635.0,0.15,3.976,-0.01,-6.272,0.099,0.0,0.051,0.0,0.051,owid,owid,owid,0.0,0.66,0.33999999999999997,True,False,False
Liechtenstein,LIE,2017,37872.0,0.155,4.105,0.006,3.891,0.102,0.0,0.053,0.0,0.053,owid,owid,owid,0.0,0.6580645161290323,0.3419354838709677,True,False,False
Liechtenstein,LIE,2018,38157.0,0.143,3.736,-0.013,-8.299,0.093,0.0,0.05,0.0,0.05,owid,owid,owid,0.0,0.6503496503496503,0.34965034965034963,True,False,False
Liechtenstein,LIE,2019,38463.0,0.149,3.865,0.006,4.266,0.098,0.0,0.05,0.0,0.05,owid,owid,owid,0.0,0.6621621621621621,0.33783783783783783,True,False,False
Liechtenstein,LIE,2020,38793.0,0.142,3.65,-0.007,-4.743,0.093,0.0,0.048,0.0,0.048,owid,owid,owid,0.0,0.6595744680851063,0.3404255319148936,True,False,False
Liechtenstein,LIE,2021,39062.0,0.146,3.727,0.004,2.818,0.092,0.0,0.054,0.0,0.054,owid,owid,owid,0.0,0.6301369863013699,0.36986301369863017,True,False,False
Lithuania,LTU,1992,3697552.0,21.168,5.725,-16.652,-44.029,12.083,1.662,6.292,1.662,6.292,owid,owid,owid,0.08294654888456356,0.6030343863851875,0.31401906473024904,False,False,False
Lithuania,LTU,1993,3680201.0,16.32,4.434,-4.849,-22.905,10.889,1.465,3.415,1.465,3.415,owid,owid,owid,0.09290379859217454,0.6905320565666815,0.21656414484114403,False,False,False
Lithuania,LTU,1994,3654893.0,15.767,4.314,-0.553,-3.387,10.039,1.22,3.98,1.22,3.98,owid,owid,owid,0.08005774657129733,0.6587702605157818,0.26117199291292076,False,False,False
Lithuania,LTU,1995,3627038.0,15.057,4.151,-0.71,-4.501,9.026,0.979,4.566,0.979,4.566,owid,owid,owid,0.0671882506348226,0.6194495916546566,0.31336215771052095,False,False,False
Lithuania,LTU,1996,3599721.0,15.74,4.373,0.683,4.533,9.413,0.895,4.928,0.895,4.928,owid,owid,owid,0.058742452087161987,0.6178130742977159,0.3234444736151221,False,False,False
Lithuania,LTU,1997,3573418.0,15.163,4.243,-0.577,-3.667,9.313,0.738,4.549,0.738,4.549,owid,owid,owid,0.05054794520547945,0.6378767123287671,0.3115753424657534,False,False,False
Lithuania,LTU,1998,3547768.0,15.997,4.509,0.834,5.502,10.706,0.647,4.002,0.647,4.002,owid,owid,owid,0.04213611201563009,0.6972321719309671,0.2606317160534028,False,False,False
Lithuania,LTU,1999,3522905.0,13.45,3.818,-2.547,-15.925,8.355,0.548,4.033,0.548,4.033,owid,owid,owid,0.04236239950525665,0.6458719851576995,0.31176561533704394,False,False,False
Lithuania,LTU,2000,3500410.0,11.843,3.383,-1.607,-11.945,6.458,0.378,4.532,0.378,4.532,owid,owid,owid,0.0332512315270936,0.5680858550316679,0.39866291344123855,False,False,False
Lithuania,LTU,2001,3473008.0,12.594,3.626,0.751,6.339,7.119,0.342,4.644,0.342,4.644,owid,owid,owid,0.02825278810408922,0.5881040892193308,0.3836431226765799,False,False,False
Lithuania,LTU,2002,3444051.0,12.666,3.678,0.072,0.574,6.9,0.548,4.741,0.548,4.741,owid,owid,owid,0.044958569201739275,0.5660841742554763,0.38895725654278446,False,False,False
Lithuania,LTU,2003,3415276.0,12.659,3.707,-0.007,-0.052,6.348,0.714,5.129,0.714,5.129,owid,owid,owid,0.05856779591501928,0.5207120006562218,0.42072020342875893,False,False,False
Lithuania,LTU,2004,3376703.0,13.254,3.925,0.595,4.698,6.834,0.688,5.18,0.688,5.18,owid,owid,owid,0.05416469847268147,0.5380255077940482,0.40780979373327036,False,False,False
Lithuania,LTU,2005,3322264.0,13.863,4.173,0.608,4.59,7.197,0.763,5.336,0.763,5.336,owid,owid,owid,0.05738567990373045,0.5412906137184116,0.401323706377858,False,False,False
Lithuania,LTU,2006,3269809.0,14.195,4.341,0.333,2.4,7.134,1.03,5.318,1.03,5.318,owid,owid,owid,0.07639816051031005,0.5291499777481087,0.39445186174158137,False,False,False
Lithuania,LTU,2007,3231378.0,15.474,4.789,1.278,9.005,7.513,1.025,6.248,1.025,6.248,owid,owid,owid,0.06932233193561475,0.5081157852022182,0.4225618828621669,False,False,False
Lithuania,LTU,2008,3198482.0,14.919,4.664,-0.555,-3.585,7.789,0.867,5.59,0.867,5.59,owid,owid,owid,0.06085918854415275,0.5467499649024288,0.39239084655341855,False,False,False
Lithuania,LTU,2009,3163255.0,12.829,4.056,-2.09,-14.007,6.859,0.689,4.74,0.689,4.74,owid,owid,owid,0.056070963541666664,0.5581868489583334,0.3857421875,False,False,False
Lithuania,LTU,2010,3097721.0,13.802,4.455,0.973,7.582,6.813,0.843,5.553,0.843,5.553,owid,owid,owid,0.06382012264365206,0.5157846922552805,0.42039518510106744,False,False,False
Lithuania,LTU,2011,3028642.0,13.96,4.609,0.158,1.143,6.488,0.973,5.86,0.973,5.86,owid,owid,owid,0.07304256437204414,0.48705052173260266,0.4399069138953532,False,False,False
Lithuania,LTU,2012,2988334.0,14.054,4.703,0.094,0.677,6.727,0.95,5.673,0.95,5.673,owid,owid,owid,0.07116104868913857,0.5038951310861423,0.42494382022471905,False,False,False
Lithuania,LTU,2013,2958359.0,13.148,4.444,-0.906,-6.446,6.518,1.092,4.74,1.092,4.74,owid,owid,owid,0.08842105263157896,0.5277732793522267,0.38380566801619437,False,False,False
Lithuania,LTU,2014,2933171.0,12.846,4.379,-0.302,-2.3,6.767,0.923,4.414,0.923,4.414,owid,owid,owid,0.07625578321216128,0.5590713813615334,0.36467283542630535,False,False,False
Lithuania,LTU,2015,2905771.0,13.045,4.489,0.199,1.552,7.081,0.736,4.42,0.736,4.42,owid,owid,owid,0.060145460488681864,0.5786548990765711,0.36119964043474706,False,False,False
Lithuania,LTU,2016,2869109.0,13.102,4.566,0.056,0.432,7.621,0.749,3.955,0.749,3.955,owid,owid,owid,0.060770791075050706,0.6183367139959431,0.32089249492900607,False,False,False
Lithuania,LTU,2017,2829317.0,13.277,4.693,0.176,1.342,7.718,0.801,4.029,0.801,4.029,owid,owid,owid,0.06383487408351929,0.6150781000956328,0.3210870258208479,False,False,False
Lithuania,LTU,2018,2802485.0,13.414,4.787,0.137,1.032,8.02,0.859,3.73,0.859,3.73,owid,owid,owid,0.06812594178761203,0.6360536124990086,0.29582044571337934,False,False,False
Lithuania,LTU,2019,2795057.0,13.647,4.883,0.233,1.736,8.119,0.801,3.877,0.801,3.877,owid,owid,owid,0.0625927951863718,0.6344455731812143,0.3029616316324138,False,False,False
Lithuania,LTU,2020,2795766.0,13.5,4.829,-0.148,-1.083,7.942,0.622,4.134,0.622,4.134,owid,owid,owid,0.04898409198298945,0.6254528272168846,0.325563080800126,False,False,False
Lithuania,LTU,2021,2794490.0,13.778,4.93,0.278,2.063,8.145,0.739,3.961,0.739,3.961,owid,owid,owid,0.05753211366290385,0.6340988711560918,0.30836901518100424,False,False,False
Luxembourg,LUX,1992,391972.0,12.189,31.098,-0.231,-1.86,4.944,5.54,1.122,5.54,1.122,owid,owid,owid,0.4773393072548682,0.4259865586765466,0.09667413406858523,False,False,False
Luxembourg,LUX,1993,397210.0,12.338,31.062,0.149,1.221,4.945,5.736,1.161,5.736,1.161,owid,owid,owid,0.48437763891234586,0.417581489613241,0.09804087147441311,False,False,False
Luxembourg,LUX,1994,402597.0,11.524,28.624,-0.814,-6.6,4.952,4.844,1.174,4.844,1.174,owid,owid,owid,0.4415679124886054,0.4514129443938013,0.10701914311759345,False,False,False
Luxembourg,LUX,1995,408237.0,9.134,22.375,-2.39,-20.735,4.586,2.705,1.343,2.705,1.343,owid,owid,owid,0.31329627055825804,0.5311558952976604,0.15554783414408152,False,False,False
Luxembourg,LUX,1996,413779.0,9.186,22.2,0.051,0.561,4.77,2.46,1.461,2.46,1.461,owid,owid,owid,0.2830514325163963,0.5488436313427684,0.16810493614083538,False,False,False
Luxembourg,LUX,1997,418970.0,8.548,20.402,-0.638,-6.942,5.007,1.541,1.491,1.541,1.491,owid,owid,owid,0.19169050876974747,0.6228386615250653,0.18547082970518725,False,False,False
Luxembourg,LUX,1998,424158.0,7.657,18.052,-0.891,-10.425,5.239,0.42,1.495,0.42,1.495,owid,owid,owid,0.05870841487279843,0.7323175845680738,0.20897400055912776,False,False,False
Luxembourg,LUX,1999,429909.0,8.119,18.886,0.462,6.04,5.597,0.444,1.546,0.444,1.546,owid,owid,owid,0.058521154606563854,0.7377092394885989,0.2037696059048372,False,False,False
Luxembourg,LUX,2000,436142.0,8.702,19.953,0.583,7.18,6.063,0.471,1.609,0.471,1.609,owid,owid,owid,0.05784109050718408,0.7445658848090383,0.19759302468377746,False,False,False
Luxembourg,LUX,2001,441754.0,9.205,20.838,0.503,5.781,6.458,0.471,1.781,0.471,1.781,owid,owid,owid,0.05407577497129735,0.7414466130884041,0.20447761194029848,False,False,False
Luxembourg,LUX,2002,446392.0,9.978,22.354,0.773,8.399,6.556,0.371,2.54,0.371,2.54,owid,owid,owid,0.03918876095912116,0.6925108270835535,0.2683004119573255,False,False,False
Luxembourg,LUX,2003,451845.0,10.451,23.129,0.472,4.735,7.073,0.346,2.576,0.346,2.576,owid,owid,owid,0.034617308654327154,0.7076538269134567,0.2577288644322161,False,False,False
Luxembourg,LUX,2004,458305.0,11.816,25.782,1.365,13.062,8.074,0.385,2.859,0.385,2.859,owid,owid,owid,0.03401661070860576,0.713376921717618,0.2526064675737763,False,False,False
Luxembourg,LUX,2005,465369.0,12.076,25.949,0.26,2.2,8.381,0.377,2.829,0.377,2.829,owid,owid,owid,0.03253646327781134,0.7233106067144213,0.2441529300077673,False,False,False
Luxembourg,LUX,2006,472869.0,11.906,25.177,-0.17,-1.41,7.995,0.47,2.958,0.47,2.958,owid,owid,owid,0.04114505821588024,0.6999037030552394,0.2589512387288803,False,False,False
Luxembourg,LUX,2007,480277.0,11.302,23.533,-0.603,-5.068,7.684,0.408,2.731,0.408,2.731,owid,owid,owid,0.03769749607317749,0.709969509378176,0.2523329945486464,False,False,False
Luxembourg,LUX,2008,488995.0,11.167,22.836,-0.135,-1.198,7.766,0.356,2.594,0.356,2.594,owid,owid,owid,0.033221351250466595,0.7247107129525943,0.24206793579693917,False,False,False
Luxembourg,LUX,2009,498196.0,10.62,21.316,-0.547,-4.898,7.197,0.339,2.659,0.339,2.659,owid,owid,owid,0.03325159391858754,0.7059342815105444,0.26081412457086806,False,False,False
Luxembourg,LUX,2010,507418.0,11.191,22.054,0.571,5.374,7.582,0.326,2.842,0.326,2.842,owid,owid,owid,0.030325581395348838,0.7053023255813954,0.2643720930232558,False,False,False
Luxembourg,LUX,2011,518583.0,11.09,21.384,-0.101,-0.903,7.852,0.315,2.464,0.315,2.464,owid,owid,owid,0.029630326403913086,0.7385946759477001,0.2317749976483868,False,False,False
Luxembourg,LUX,2012,530951.0,10.858,20.45,-0.232,-2.088,7.624,0.286,2.5,0.286,2.5,owid,owid,owid,0.027473583093179633,0.7323727185398655,0.24015369836695485,False,False,False
Luxembourg,LUX,2013,543358.0,10.323,18.999,-0.535,-4.923,7.507,0.276,2.115,0.276,2.115,owid,owid,owid,0.027884421095170746,0.7584360476864013,0.213679531218428,False,False,False
Luxembourg,LUX,2014,556285.0,9.807,17.629,-0.517,-5.004,7.091,0.277,2.006,0.277,2.006,owid,owid,owid,0.02954981864732238,0.7564540217623212,0.21399615959035626,False,False,False
Luxembourg,LUX,2015,569540.0,9.334,16.389,-0.473,-4.822,6.812,0.288,1.83,0.288,1.83,owid,owid,owid,0.0322508398656215,0.7628219484882419,0.20492721164613664,False,False,False
Luxembourg,LUX,2016,583511.0,9.077,15.556,-0.257,-2.751,6.675,0.294,1.682,0.294,1.682,owid,owid,owid,0.03398451046121836,0.7715870997572535,0.19442838978152815,False,False,False
Luxembourg,LUX,2017,596506.0,9.251,15.509,0.174,1.915,6.866,0.283,1.657,0.283,1.657,owid,owid,owid,0.032137179196002716,0.7796956620486031,0.18816715875539403,False,False,False
Luxembourg,LUX,2018,608109.0,9.556,15.715,0.305,3.299,7.236,0.267,1.609,0.267,1.609,owid,owid,owid,0.029302019315188763,0.7941176470588235,0.1765803336259877,False,False,False
Luxembourg,LUX,2019,620167.0,9.75,15.722,0.194,2.028,7.397,0.274,1.608,0.274,1.608,owid,owid,owid,0.029529044078025653,0.7971764198728312,0.17329453604914324,False,False,False
Luxembourg,LUX,2020,630597.0,8.069,12.796,-1.681,-17.24,5.902,0.236,1.469,0.236,1.469,owid,owid,owid,0.031024056789798866,0.7758643354804785,0.19311160772972263,False,False,False
Luxembourg,LUX,2021,640276.0,8.41,13.134,0.34,4.219,6.186,0.242,1.589,0.242,1.589,owid,owid,owid,0.030185855058001747,0.7716103280528877,0.19820381688911065,False,False,False
Macao,MAC,1992,372256.0,0.978,2.628,0.011,1.136,0.978,0.0,0.0,0.0,0.0,gcb,gcb,owid,0.0,1.0,0.0,False,False,False
Macao,MAC,1993,381331.0,1.103,2.892,0.125,12.734,1.103,0.0,0.0,0.0,0.0,gcb,gcb,owid,0.0,1.0,0.0,False,False,False
Macao,MAC,1994,390126.0,1.18,3.024,0.077,6.977,1.18,0.0,0.0,0.0,0.0,gcb,gcb,owid,0.0,1.0,0.0,False,False,False
Macao,MAC,1995,398703.0,1.125,2.821,-0.055,-4.658,1.125,0.0,0.0,0.0,0.0,gcb,gcb,owid,0.0,1.0,0.0,False,False,False
Macao,MAC,1996,407033.0,1.301,3.196,0.176,15.635,1.301,0.0,0.0,0.0,0.0,gcb,gcb,owid,0.0,1.0,0.0,False,False,False
Macao,MAC,1997,415074.0,1.367,3.293,0.066,5.07,1.367,0.0,0.0,0.0,0.0,gcb,gcb,owid,0.0,1.0,0.0,False,False,False
Macao,MAC,1998,422816.0,1.444,3.414,0.077,5.63,1.444,0.0,0.0,0.0,0.0,gcb,gcb,owid,0.0,1.0,0.0,False,False,False
Macao,MAC,1999,430253.0,1.425,3.313,-0.018,-1.269,1.425,0.0,0.0,0.0,0.0,gcb,gcb,owid,0.0,1.0,0.0,False,False,False
Macao,MAC,2000,437316.0,1.528,3.494,0.103,7.198,1.528,0.0,0.0,0.0,0.0,gcb,gcb,owid,0.0,1.0,0.0,False,False,False
Macao,MAC,2001,445121.0,1.561,3.507,0.033,2.158,1.561,0.0,0.0,0.0,0.0,gcb,gcb,owid,0.0,1.0,0.0,False,False,False
Macao,MAC,2002,456026.0,1.389,3.045,-0.172,-11.033,1.389,0.0,0.0,0.0,0.0,gcb,gcb,owid,0.0,1.0,0.0,False,False,False
Macao,MAC,2003,469062.0,1.422,3.031,0.033,2.375,1.422,0.0,0.0,0.0,0.0,gcb,gcb,owid,0.0,1.0,0.0,False,False,False
Macao,MAC,2004,482209.0,1.583,3.282,0.161,11.34,1.583,0.0,0.0,0.0,0.0,gcb,gcb,owid,0.0,1.0,0.0,False,False,False
Macao,MAC,2005,495416.0,1.682,3.395,0.099,6.25,1.682,0.0,0.0,0.0,0.0,gcb,gcb,owid,0.0,1.0,0.0,False,False,False
Macao,MAC,2006,508752.0,1.455,2.859,-0.227,-13.508,1.455,0.0,0.0,0.0,0.0,gcb,gcb,owid,0.0,1.0,0.0,False,False,False
Macao,MAC,2007,522281.0,1.363,2.61,-0.092,-6.297,1.363,0.0,0.0,0.0,0.0,gcb,gcb,owid,0.0,1.0,0.0,False,False,False
Macao,MAC,2008,535935.0,1.129,2.106,-0.234,-17.204,0.971,0.0,0.158,0.0,0.158,gcb,owid,owid,0.0,0.8600531443755536,0.13994685562444642,False,False,False
Macao,MAC,2009,549492.0,1.894,3.447,0.766,67.857,1.707,0.007,0.18,0.007,0.18,owid,owid,owid,0.0036958817317845833,0.9012671594508976,0.09503695881731784,False,False,False
Macao,MAC,2010,562809.0,1.235,2.194,-0.66,-34.816,0.934,0.004,0.297,0.004,0.297,owid,owid,owid,0.0032388663967611335,0.7562753036437246,0.24048582995951415,False,False,False
Macao,MAC,2011,575644.0,1.293,2.247,0.059,4.748,1.15,0.0,0.143,0.0,0.143,owid,owid,owid,0.0,0.8894044856921887,0.11059551430781128,False,False,False
Macao,MAC,2012,587450.0,1.132,1.927,-0.161,-12.465,1.132,0.0,0.0,0.0,0.0,owid,owid,owid,0.0,1.0,0.0,False,False,False
Macao,MAC,2013,598752.0,0.989,1.652,-0.143,-12.621,0.989,0.0,0.0,0.0,0.0,owid,owid,owid,0.0,1.0,0.0,False,False,False
Macao,MAC,2014,610308.0,1.293,2.119,0.304,30.741,1.18,0.0,0.114,0.0,0.114,owid,owid,owid,0.0,0.9119010819165377,0.08809891808346214,False,False,False
Macao,MAC,2015,622185.0,1.773,2.85,0.48,37.11,1.77,0.0,0.004,0.0,0.004,owid,owid,owid,0.0,0.9977452085682075,0.002254791431792559,False,False,False
Macao,MAC,2016,634317.0,1.781,2.807,0.007,0.413,1.762,0.0,0.018,0.0,0.018,owid,owid,owid,0.0,0.9898876404494382,0.010112359550561797,False,False,False
Macao,MAC,2017,646558.0,1.927,2.981,0.147,8.23,1.59,0.0,0.337,0.0,0.337,gcb,owid,owid,0.0,0.825116761805916,0.17488323819408408,False,False,False
Macao,MAC,2018,658777.0,1.242,1.885,-0.685,-35.551,1.063,0.0,0.179,0.0,0.179,gcb,owid,owid,0.0,0.8558776167471819,0.14412238325281804,False,False,False
Macao,MAC,2019,670982.0,1.213,1.807,-0.029,-2.36,0.956,0.0,0.256,0.0,0.256,gcb,owid,owid,0.0,0.7887788778877888,0.21122112211221122,False,False,False
Macao,MAC,2020,683069.0,1.033,1.513,-0.18,-14.804,0.894,0.0,0.139,0.0,0.139,gcb,owid,owid,0.0,0.8654404646660214,0.1345595353339787,False,False,False
Macao,MAC,2021,694404.0,1.03,1.483,-0.004,-0.355,0.865,0.0,0.165,0.0,0.165,gcb,owid,owid,0.0,0.8398058252427184,0.16019417475728157,False,False,False
Madagascar,MDG,1992,12800870.0,1.003,0.078,-0.022,-2.149,0.945,0.033,0.0,0.033,0.0,owid,gcb,owid,0.03374233128834356,0.9662576687116564,0.0,False,False,False
Madagascar,MDG,1993,13197353.0,1.028,0.078,0.026,2.554,0.967,0.037,0.0,0.037,0.0,owid,gcb,owid,0.03685258964143426,0.9631474103585657,0.0,False,False,False
Madagascar,MDG,1994,13613859.0,1.152,0.085,0.124,12.034,1.103,0.033,0.0,0.033,0.0,owid,gcb,owid,0.02904929577464789,0.9709507042253522,0.0,False,False,False
Madagascar,MDG,1995,14051279.0,1.192,0.085,0.04,3.491,1.15,0.026,0.0,0.026,0.0,owid,gcb,owid,0.022108843537414966,0.9778911564625851,0.0,False,False,False
Madagascar,MDG,1996,14510712.0,1.249,0.086,0.057,4.743,1.205,0.026,0.0,0.026,0.0,owid,gcb,owid,0.021121039805036552,0.9788789601949635,0.0,False,False,False
Madagascar,MDG,1997,14990818.0,1.535,0.102,0.286,22.913,1.488,0.033,0.0,0.033,0.0,owid,gcb,owid,0.021696252465483238,0.9783037475345168,0.0,False,False,False
Madagascar,MDG,1998,15489364.0,1.619,0.105,0.084,5.463,1.568,0.033,0.0,0.033,0.0,owid,gcb,owid,0.02061211742660837,0.9793878825733917,0.0,False,False,False
Madagascar,MDG,1999,16000506.0,1.766,0.11,0.147,9.098,1.726,0.022,0.0,0.022,0.0,owid,gcb,owid,0.012585812356979404,0.9874141876430206,0.0,False,False,False
Madagascar,MDG,2000,16516336.0,1.955,0.118,0.189,10.69,1.909,0.026,0.0,0.026,0.0,owid,gcb,owid,0.013436692506459947,0.98656330749354,0.0,False,False,False
Madagascar,MDG,2001,17032933.0,1.747,0.103,-0.208,-10.663,1.7,0.026,0.0,0.026,0.0,owid,gcb,owid,0.015063731170336037,0.9849362688296639,0.0,False,False,False
Madagascar,MDG,2002,17549915.0,1.232,0.07,-0.515,-29.458,1.194,0.026,0.0,0.026,0.0,owid,gcb,owid,0.021311475409836064,0.9786885245901639,0.0,False,False,False
Madagascar,MDG,2003,18071860.0,1.699,0.094,0.467,37.921,1.594,0.026,0.0,0.026,0.0,owid,gcb,owid,0.01604938271604938,0.9839506172839506,0.0,False,False,False
Madagascar,MDG,2004,18606606.0,1.804,0.097,0.105,6.178,1.711,0.026,0.0,0.026,0.0,owid,gcb,owid,0.014968336211859527,0.9850316637881404,0.0,False,False,False
Madagascar,MDG,2005,19159711.0,1.741,0.091,-0.063,-3.5,1.638,0.044,0.0,0.044,0.0,owid,gcb,owid,0.026159334126040427,0.9738406658739596,0.0,False,False,False
Madagascar,MDG,2006,19730916.0,1.675,0.085,-0.067,-3.82,1.576,0.04,0.0,0.04,0.0,owid,gcb,owid,0.02475247524752475,0.9752475247524752,0.0,False,False,False
Madagascar,MDG,2007,20318590.0,1.728,0.085,0.053,3.164,1.598,0.026,0.0,0.026,0.0,owid,gcb,owid,0.016009852216748766,0.9839901477832512,0.0,False,False,False
Madagascar,MDG,2008,20923842.0,1.787,0.085,0.06,3.449,1.689,0.037,0.0,0.037,0.0,owid,gcb,owid,0.021436848203939745,0.9785631517960603,0.0,False,False,False
Madagascar,MDG,2009,21547277.0,1.699,0.079,-0.088,-4.937,1.608,0.037,0.0,0.037,0.0,owid,gcb,owid,0.02249240121580547,0.9775075987841946,0.0,False,False,False
Madagascar,MDG,2010,22183343.0,1.872,0.084,0.173,10.162,1.704,0.106,0.0,0.106,0.0,owid,gcb,owid,0.0585635359116022,0.9414364640883978,0.0,False,False,False
Madagascar,MDG,2011,22822305.0,2.33,0.102,0.458,24.477,1.898,0.355,0.0,0.355,0.0,owid,gcb,owid,0.15756768752774078,0.8424323124722591,0.0,False,False,False
Madagascar,MDG,2012,23462444.0,2.66,0.113,0.33,14.179,1.958,0.615,0.0,0.615,0.0,owid,gcb,owid,0.23902059852312477,0.7609794014768753,0.0,False,False,False
Madagascar,MDG,2013,24109290.0,3.061,0.127,0.401,15.064,1.977,0.994,0.0,0.994,0.0,owid,gcb,owid,0.3345674856950522,0.6654325143049479,0.0,False,False,False
Madagascar,MDG,2014,24764356.0,2.971,0.12,-0.09,-2.938,2.015,0.898,0.0,0.898,0.0,owid,gcb,owid,0.308273257809818,0.6917267421901819,0.0,False,False,False
Madagascar,MDG,2015,25426703.0,3.121,0.123,0.15,5.056,2.14,0.923,0.0,0.923,0.0,owid,gcb,owid,0.30133855697029055,0.6986614430297095,0.0,False,False,False
Madagascar,MDG,2016,26099950.0,3.257,0.125,0.136,4.343,2.297,0.901,0.0,0.901,0.0,owid,gcb,owid,0.28173858661663537,0.7182614133833646,0.0,False,False,False
Madagascar,MDG,2017,26788379.0,3.804,0.142,0.547,16.795,2.444,1.282,0.0,1.282,0.0,owid,gcb,owid,0.344068706387547,0.6559312936124531,0.0,False,False,False
Madagascar,MDG,2018,27494930.0,3.604,0.131,-0.199,-5.24,2.44,1.114,0.0,1.114,0.0,owid,gcb,owid,0.3134496342149691,0.6865503657850309,0.0,False,False,False
Madagascar,MDG,2019,28219559.0,4.147,0.147,0.542,15.039,2.847,1.253,0.0,1.253,0.0,owid,gcb,owid,0.30560975609756097,0.6943902439024391,0.0,False,False,False
Madagascar,MDG,2020,28953560.0,3.788,0.131,-0.358,-8.644,2.499,1.231,0.0,1.231,0.0,owid,gcb,owid,0.3300268096514745,0.6699731903485254,0.0,False,False,False
Madagascar,MDG,2021,29691087.0,4.246,0.143,0.458,12.091,2.92,1.268,0.0,1.268,0.0,owid,gcb,owid,0.3027698185291309,0.6972301814708691,0.0,False,False,False
Malawi,MWI,1992,10135082.0,0.787,0.078,-0.0,-0.034,0.572,0.161,0.0,0.161,0.0,owid,gcb,owid,0.21964529331514326,0.7803547066848567,0.0,False,False,False
Malawi,MWI,1993,10284027.0,0.879,0.085,0.091,11.623,0.649,0.169,0.0,0.169,0.0,owid,gcb,owid,0.20660146699266504,0.793398533007335,0.0,False,False,False
Malawi,MWI,1994,10164899.0,0.902,0.089,0.023,2.638,0.671,0.172,0.0,0.172,0.0,owid,gcb,owid,0.20403321470937127,0.7959667852906288,0.0,False,False,False
Malawi,MWI,1995,10150122.0,0.903,0.089,0.001,0.149,0.674,0.169,0.0,0.169,0.0,owid,gcb,owid,0.20047449584816132,0.7995255041518387,0.0,False,False,False
Malawi,MWI,1996,10352227.0,0.92,0.089,0.016,1.82,0.682,0.18,0.0,0.18,0.0,owid,gcb,owid,0.20881670533642688,0.7911832946635731,0.0,False,False,False
Malawi,MWI,1997,10562035.0,0.918,0.087,-0.001,-0.142,0.685,0.187,0.0,0.187,0.0,owid,gcb,owid,0.21444954128440363,0.7855504587155963,0.0,False,False,False
Malawi,MWI,1998,10792877.0,0.902,0.084,-0.016,-1.793,0.685,0.18,0.0,0.18,0.0,owid,gcb,owid,0.20809248554913296,0.7919075144508672,0.0,False,False,False
Malawi,MWI,1999,11047812.0,0.893,0.081,-0.008,-0.941,0.7,0.147,0.0,0.147,0.0,owid,gcb,owid,0.17355371900826447,0.8264462809917356,0.0,False,False,False
Malawi,MWI,2000,11315947.0,0.854,0.075,-0.039,-4.398,0.634,0.165,0.0,0.165,0.0,owid,gcb,owid,0.2065081351689612,0.7934918648310387,0.0,False,False,False
Malawi,MWI,2001,11593057.0,0.777,0.067,-0.077,-8.981,0.597,0.125,0.0,0.125,0.0,owid,gcb,owid,0.1731301939058172,0.8268698060941828,0.0,False,False,False
Malawi,MWI,2002,11880443.0,0.856,0.072,0.079,10.157,0.623,0.18,0.0,0.18,0.0,owid,gcb,owid,0.22415940224159403,0.7758405977584061,0.0,False,False,False
Malawi,MWI,2003,12181575.0,0.915,0.075,0.059,6.844,0.667,0.169,0.0,0.169,0.0,owid,gcb,owid,0.2021531100478469,0.797846889952153,0.0,False,False,False
Malawi,MWI,2004,12500736.0,0.902,0.072,-0.013,-1.438,0.703,0.161,0.0,0.161,0.0,owid,gcb,owid,0.1863425925925926,0.8136574074074073,0.0,False,False,False
Malawi,MWI,2005,12840034.0,0.845,0.066,-0.056,-6.25,0.678,0.158,0.0,0.158,0.0,owid,gcb,owid,0.18899521531100477,0.8110047846889952,0.0,False,False,False
Malawi,MWI,2006,13198699.0,0.851,0.065,0.006,0.711,0.689,0.158,0.0,0.158,0.0,owid,gcb,owid,0.18654073199527746,0.8134592680047225,0.0,False,False,False
Malawi,MWI,2007,13576344.0,0.919,0.068,0.068,7.97,0.739,0.158,0.0,0.158,0.0,owid,gcb,owid,0.17614269788182832,0.8238573021181717,0.0,False,False,False
Malawi,MWI,2008,13976415.0,0.999,0.071,0.08,8.652,0.846,0.15,0.0,0.15,0.0,owid,gcb,owid,0.1506024096385542,0.8493975903614458,0.0,False,False,False
Malawi,MWI,2009,14395788.0,1.018,0.071,0.019,1.892,0.865,0.142,0.0,0.142,0.0,owid,gcb,owid,0.141012909632572,0.858987090367428,0.0,False,False,False
Malawi,MWI,2010,14826466.0,0.972,0.066,-0.045,-4.466,0.788,0.169,0.0,0.169,0.0,owid,gcb,owid,0.17659352142110762,0.8234064785788924,0.0,False,False,False
Malawi,MWI,2011,15265026.0,1.034,0.068,0.062,6.345,0.806,0.216,0.0,0.216,0.0,owid,gcb,owid,0.21135029354207435,0.7886497064579256,0.0,False,False,False
Malawi,MWI,2012,15709577.0,1.041,0.066,0.007,0.668,0.824,0.191,0.0,0.191,0.0,owid,gcb,owid,0.18817733990147786,0.8118226600985222,0.0,False,False,False
Malawi,MWI,2013,16161816.0,1.12,0.069,0.079,7.637,0.854,0.194,0.0,0.194,0.0,owid,gcb,owid,0.1851145038167939,0.814885496183206,0.0,False,False,False
Malawi,MWI,2014,16621534.0,1.015,0.061,-0.105,-9.384,0.714,0.176,0.0,0.176,0.0,owid,gcb,owid,0.19775280898876405,0.802247191011236,0.0,False,False,False
Malawi,MWI,2015,17085587.0,1.05,0.061,0.035,3.428,0.78,0.198,0.0,0.198,0.0,owid,gcb,owid,0.20245398773006137,0.7975460122699387,0.0,False,False,False
Malawi,MWI,2016,17557741.0,1.172,0.067,0.123,11.671,0.923,0.18,0.0,0.18,0.0,owid,gcb,owid,0.16319129646418856,0.8368087035358115,0.0,False,False,False
Malawi,MWI,2017,18039714.0,1.193,0.066,0.021,1.756,0.923,0.172,0.0,0.172,0.0,owid,gcb,owid,0.15707762557077626,0.8429223744292238,0.0,False,False,False
Malawi,MWI,2018,18528086.0,1.69,0.091,0.497,41.66,1.378,0.205,0.0,0.205,0.0,owid,gcb,owid,0.12950094756790903,0.8704990524320909,0.0,False,False,False
Malawi,MWI,2019,19025748.0,1.695,0.089,0.005,0.314,1.371,0.212,0.0,0.212,0.0,owid,gcb,owid,0.13392293114339862,0.8660770688566014,0.0,False,False,False
Malawi,MWI,2020,19533885.0,1.868,0.096,0.173,10.186,1.429,0.194,0.0,0.194,0.0,owid,gcb,owid,0.11953173136167591,0.8804682686383242,0.0,False,False,False
Malawi,MWI,2021,20047264.0,1.682,0.084,-0.186,-9.933,1.315,0.132,0.0,0.132,0.0,owid,gcb,owid,0.0912232204561161,0.9087767795438838,0.0,False,False,False
Malaysia,MYS,1992,18834569.0,72.961,3.874,7.176,10.908,44.181,6.324,16.004,6.324,16.004,owid,owid,owid,0.09508487573110405,0.6642860364762663,0.2406290877926296,False,False,False
Malaysia,MYS,1993,19322667.0,86.612,4.482,13.651,18.71,50.184,5.386,22.027,5.386,22.027,owid,owid,owid,0.0694098998672629,0.6467260332229338,0.2838640669098032,False,False,False
Malaysia,MYS,1994,19820446.0,87.497,4.415,0.885,1.022,52.249,6.232,22.391,6.232,22.391,owid,owid,owid,0.07706004550400633,0.6460703333663073,0.2768696211296864,False,False,False
Malaysia,MYS,1995,20330602.0,109.595,5.391,22.098,25.255,54.641,6.331,42.008,6.331,42.008,owid,owid,owid,0.06147795688483201,0.5305981744027967,0.40792386871237135,False,False,False
Malaysia,MYS,1996,20850085.0,110.108,5.281,0.513,0.468,58.518,7.738,36.252,7.738,36.252,owid,owid,owid,0.07548679127482733,0.5708627619307761,0.3536504467943965,False,False,False
Malaysia,MYS,1997,21375225.0,118.471,5.542,8.363,7.595,68.086,6.375,35.441,6.375,35.441,owid,owid,owid,0.05800622372659278,0.6195155684154974,0.3224782078579098,False,False,False
Malaysia,MYS,1998,21906713.0,109.782,5.011,-8.69,-7.335,59.701,6.284,35.94,6.284,35.94,owid,owid,owid,0.06165317635516311,0.5857346087809664,0.35261221486387045,False,False,False
Malaysia,MYS,1999,22435532.0,103.987,4.635,-5.795,-5.279,52.824,5.207,37.959,5.207,37.959,owid,owid,owid,0.054245233878529,0.5503073236795499,0.39544744244192104,False,False,False
Malaysia,MYS,2000,22967817.0,122.881,5.35,18.895,18.17,56.154,7.874,49.673,7.874,49.673,owid,owid,owid,0.06925180957071617,0.49387428430708613,0.4368739061221977,False,False,False
Malaysia,MYS,2001,23526535.0,130.89,5.564,8.009,6.517,63.481,9.93,48.582,9.93,48.582,owid,owid,owid,0.08139811300648397,0.5203659226349053,0.39823596435861075,False,False,False
Malaysia,MYS,2002,24102477.0,132.035,5.478,1.145,0.875,60.705,12.546,49.024,12.546,49.024,owid,owid,owid,0.10260478429768963,0.4964628910243304,0.40093232467797996,False,False,False
Malaysia,MYS,2003,24679604.0,153.384,6.215,21.349,16.169,62.222,18.214,61.881,18.214,61.881,owid,owid,owid,0.12798189956224484,0.43720707996936414,0.434811020468391,False,False,False
Malaysia,MYS,2004,25256773.0,169.674,6.718,16.29,10.62,67.61,31.72,59.219,31.72,59.219,owid,owid,owid,0.2000643334237365,0.4264296841985758,0.3735059823776877,False,False,False
Malaysia,MYS,2005,25836075.0,169.978,6.579,0.304,0.179,68.806,26.113,64.08,26.113,64.08,owid,owid,owid,0.16423373731910265,0.4327448600305662,0.40302140265033115,False,False,False
Malaysia,MYS,2006,26417909.0,170.166,6.441,0.188,0.111,62.325,26.626,69.546,26.626,69.546,owid,owid,owid,0.16799056133554577,0.39322510836167246,0.43878433030278174,False,False,False
Malaysia,MYS,2007,26998383.0,175.454,6.499,5.288,3.108,68.827,29.938,65.438,29.938,65.438,owid,owid,owid,0.18232310006516322,0.4191579934593156,0.3985189064755212,False,False,False
Malaysia,MYS,2008,27570052.0,192.847,6.995,17.393,9.913,70.211,38.037,72.633,38.037,72.633,owid,owid,owid,0.210287426540101,0.3881612773038628,0.40155129615603635,False,False,False
Malaysia,MYS,2009,28124779.0,192.123,6.831,-0.724,-0.376,68.612,46.595,65.443,46.595,65.443,owid,owid,owid,0.2579296983116524,0.37980625518959316,0.36226404649875454,False,False,False
Malaysia,MYS,2010,28655772.0,199.346,6.957,7.224,3.76,73.374,55.34,60.807,55.34,60.807,owid,owid,owid,0.29199930350726305,0.3871549854633523,0.3208457110293846,False,False,False
Malaysia,MYS,2011,29162034.0,203.453,6.977,4.106,2.06,71.752,55.546,64.783,55.546,64.783,owid,owid,owid,0.2891800854847694,0.37355074161421475,0.3372691729010157,False,False,False
Malaysia,MYS,2012,29662835.0,212.994,7.18,9.541,4.689,74.28,59.87,66.289,59.87,66.289,owid,owid,owid,0.29869436586692205,0.37058656249532274,0.3307190716377551,False,False,False
Malaysia,MYS,2013,30174269.0,241.671,8.009,28.677,13.464,87.213,57.989,82.274,57.989,82.274,owid,owid,owid,0.2549235963354376,0.3833942921451054,0.361682111519457,False,False,False
Malaysia,MYS,2014,30696133.0,245.053,7.983,3.382,1.4,88.718,57.87,82.562,57.87,82.562,owid,owid,owid,0.25254200305476765,0.3871612480907703,0.36029674885446217,False,False,False
Malaysia,MYS,2015,31232796.0,235.942,7.554,-9.112,-3.718,76.189,66.754,77.211,66.754,77.211,owid,owid,owid,0.3032150222117245,0.34607138639316115,0.3507135913951143,False,False,False
Malaysia,MYS,2016,31789692.0,237.294,7.464,1.352,0.573,77.291,71.524,73.524,71.524,73.524,owid,owid,owid,0.3216889524554846,0.3476268221049838,0.3306842254395315,False,False,False
Malaysia,MYS,2017,32355642.0,244.457,7.555,7.163,3.019,80.88,78.957,70.427,78.957,70.427,owid,owid,owid,0.3428977174026335,0.35124900114651003,0.30585328145085644,False,False,False
Malaysia,MYS,2018,32910963.0,262.647,7.981,18.19,7.441,80.676,84.59,84.26,84.59,84.26,owid,owid,owid,0.3390027492125069,0.3233170090491572,0.3376802417383359,False,False,False
Malaysia,MYS,2019,33440590.0,277.673,8.303,15.026,5.721,94.751,80.139,89.764,80.139,89.764,owid,owid,owid,0.3028066834432882,0.3580183938274124,0.3391749227292994,False,False,False
Malaysia,MYS,2020,33889554.0,262.159,7.736,-15.514,-5.587,68.495,94.073,83.744,94.073,83.744,owid,owid,owid,0.3819261749326058,0.2780822696417552,0.339991555425639,False,False,False
Malaysia,MYS,2021,34282404.0,273.332,7.973,11.173,4.262,73.027,87.493,97.598,87.493,97.598,owid,owid,owid,0.3389651244779519,0.28292098962490025,0.37811388589714784,False,False,False
Maldives,MDV,1992,238559.0,0.231,0.968,0.077,50.0,0.231,0.0,0.0,0.0,0.0,gcb,gcb,owid,0.0,1.0,0.0,False,False,False
Maldives,MDV,1993,244893.0,0.194,0.793,-0.037,-15.873,0.194,0.0,0.0,0.0,0.0,gcb,gcb,owid,0.0,1.0,0.0,False,False,False
Maldives,MDV,1994,250831.0,0.198,0.789,0.004,1.887,0.198,0.0,0.0,0.0,0.0,gcb,gcb,owid,0.0,1.0,0.0,False,False,False
Maldives,MDV,1995,256660.0,0.249,0.971,0.051,25.926,0.249,0.0,0.0,0.0,0.0,gcb,gcb,owid,0.0,1.0,0.0,False,False,False
Maldives,MDV,1996,262354.0,0.289,1.103,0.04,16.176,0.289,0.0,0.0,0.0,0.0,gcb,gcb,owid,0.0,1.0,0.0,False,False,False
Maldives,MDV,1997,267711.0,0.33,1.232,0.04,13.924,0.33,0.0,0.0,0.0,0.0,gcb,gcb,owid,0.0,1.0,0.0,False,False,False
Maldives,MDV,1998,272734.0,0.3,1.102,-0.029,-8.889,0.3,0.0,0.0,0.0,0.0,gcb,gcb,owid,0.0,1.0,0.0,False,False,False
Maldives,MDV,1999,277423.0,0.421,1.519,0.121,40.244,0.421,0.0,0.0,0.0,0.0,gcb,gcb,owid,0.0,1.0,0.0,False,False,False
Maldives,MDV,2000,282025.0,0.451,1.598,0.029,6.957,0.451,0.0,0.0,0.0,0.0,gcb,gcb,owid,0.0,1.0,0.0,False,False,False
Maldives,MDV,2001,286778.0,0.462,1.61,0.011,2.439,0.462,0.0,0.0,0.0,0.0,gcb,gcb,owid,0.0,1.0,0.0,False,False,False
Maldives,MDV,2002,291631.0,0.59,2.023,0.128,27.778,0.59,0.0,0.0,0.0,0.0,gcb,gcb,owid,0.0,1.0,0.0,False,False,False
Maldives,MDV,2003,296497.0,0.509,1.718,-0.081,-13.665,0.509,0.0,0.0,0.0,0.0,gcb,gcb,owid,0.0,1.0,0.0,False,False,False
Maldives,MDV,2004,301416.0,0.663,2.2,0.154,30.216,0.663,0.0,0.0,0.0,0.0,gcb,gcb,owid,0.0,1.0,0.0,False,False,False
Maldives,MDV,2005,306429.0,0.601,1.961,-0.062,-9.392,0.601,0.0,0.0,0.0,0.0,gcb,gcb,owid,0.0,1.0,0.0,False,False,False
Maldives,MDV,2006,313866.0,0.744,2.37,0.143,23.78,0.744,0.0,0.0,0.0,0.0,gcb,gcb,owid,0.0,1.0,0.0,False,False,False
Maldives,MDV,2007,324489.0,0.78,2.405,0.037,4.926,0.78,0.0,0.0,0.0,0.0,gcb,gcb,owid,0.0,1.0,0.0,False,False,False
Maldives,MDV,2008,336178.0,0.839,2.496,0.059,7.512,0.839,0.0,0.0,0.0,0.0,gcb,gcb,owid,0.0,1.0,0.0,False,False,False
Maldives,MDV,2009,348282.0,0.883,2.535,0.044,5.24,0.883,0.0,0.0,0.0,0.0,gcb,gcb,owid,0.0,1.0,0.0,False,False,False
Maldives,MDV,2010,360802.0,0.931,2.579,0.048,5.394,0.931,0.0,0.0,0.0,0.0,gcb,gcb,owid,0.0,1.0,0.0,False,False,False
Maldives,MDV,2011,373683.0,0.986,2.638,0.055,5.906,0.986,0.0,0.0,0.0,0.0,gcb,gcb,owid,0.0,1.0,0.0,False,False,False
Maldives,MDV,2012,386821.0,1.11,2.87,0.125,12.639,1.11,0.0,0.0,0.0,0.0,gcb,gcb,owid,0.0,1.0,0.0,False,False,False
Maldives,MDV,2013,400077.0,1.096,2.738,-0.015,-1.32,1.096,0.0,0.0,0.0,0.0,gcb,gcb,owid,0.0,1.0,0.0,False,False,False
Maldives,MDV,2014,413623.0,1.319,3.189,0.224,20.401,1.319,0.0,0.0,0.0,0.0,gcb,gcb,owid,0.0,1.0,0.0,False,False,False
Maldives,MDV,2015,428165.0,1.282,2.995,-0.037,-2.778,1.282,0.0,0.0,0.0,0.0,gcb,gcb,owid,0.0,1.0,0.0,False,False,False
Maldives,MDV,2016,443316.0,1.433,3.232,0.15,11.714,1.433,0.0,0.0,0.0,0.0,gcb,gcb,owid,0.0,1.0,0.0,False,False,False
Maldives,MDV,2017,458297.0,1.513,3.302,0.081,5.627,1.513,0.0,0.0,0.0,0.0,gcb,gcb,owid,0.0,1.0,0.0,False,False,False
Maldives,MDV,2018,473106.0,1.737,3.671,0.224,14.77,1.737,0.0,0.0,0.0,0.0,gcb,gcb,owid,0.0,1.0,0.0,False,False,False
Maldives,MDV,2019,487737.0,1.993,4.087,0.256,14.768,1.993,0.0,0.0,0.0,0.0,gcb,gcb,owid,0.0,1.0,0.0,False,False,False
Maldives,MDV,2020,502127.0,1.678,3.342,-0.315,-15.809,1.678,0.0,0.0,0.0,0.0,gcb,gcb,owid,0.0,1.0,0.0,False,False,False
Maldives,MDV,2021,516163.0,1.997,3.869,0.319,18.996,1.997,0.0,0.0,0.0,0.0,gcb,gcb,owid,0.0,1.0,0.0,False,False,False
Mali,MLI,1992,9553540.0,0.463,0.048,0.037,8.6,0.454,0.0,0.0,0.0,0.0,gcb,gcb,owid,0.0,1.0,0.0,False,False,False
Mali,MLI,1993,9754786.0,0.503,0.052,0.04,8.711,0.495,0.0,0.0,0.0,0.0,gcb,gcb,owid,0.0,1.0,0.0,False,False,False
Mali,MLI,1994,9967035.0,0.548,0.055,0.046,9.065,0.542,0.0,0.0,0.0,0.0,gcb,gcb,owid,0.0,1.0,0.0,False,False,False
Mali,MLI,1995,10185368.0,0.595,0.058,0.047,8.535,0.59,0.0,0.0,0.0,0.0,gcb,gcb,owid,0.0,1.0,0.0,False,False,False
Mali,MLI,1996,10407274.0,0.646,0.062,0.051,8.549,0.641,0.0,0.0,0.0,0.0,gcb,gcb,owid,0.0,1.0,0.0,False,False,False
Mali,MLI,1997,10646499.0,0.723,0.068,0.077,11.906,0.711,0.0,0.0,0.0,0.0,gcb,gcb,owid,0.0,1.0,0.0,False,False,False
Mali,MLI,1998,10919577.0,0.931,0.085,0.208,28.721,0.931,0.0,0.0,0.0,0.0,gcb,gcb,owid,0.0,1.0,0.0,False,False,False
Mali,MLI,1999,11227420.0,0.971,0.086,0.04,4.331,0.971,0.0,0.0,0.0,0.0,gcb,gcb,owid,0.0,1.0,0.0,False,False,False
Mali,MLI,2000,11559291.0,1.066,0.092,0.095,9.811,1.066,0.0,0.0,0.0,0.0,gcb,gcb,owid,0.0,1.0,0.0,False,False,False
Mali,MLI,2001,11912162.0,1.161,0.098,0.095,8.935,1.161,0.0,0.0,0.0,0.0,gcb,gcb,owid,0.0,1.0,0.0,False,False,False
Mali,MLI,2002,12288051.0,1.209,0.098,0.048,4.101,1.209,0.0,0.0,0.0,0.0,gcb,gcb,owid,0.0,1.0,0.0,False,False,False
Mali,MLI,2003,12684951.0,1.246,0.098,0.037,3.03,1.246,0.0,0.0,0.0,0.0,gcb,gcb,owid,0.0,1.0,0.0,False,False,False
Mali,MLI,2004,13102415.0,1.414,0.108,0.169,13.529,1.414,0.0,0.0,0.0,0.0,gcb,gcb,owid,0.0,1.0,0.0,False,False,False
Mali,MLI,2005,13538648.0,1.458,0.108,0.044,3.109,1.458,0.0,0.0,0.0,0.0,gcb,gcb,owid,0.0,1.0,0.0,False,False,False
Mali,MLI,2006,13990143.0,1.535,0.11,0.077,5.276,1.535,0.0,0.0,0.0,0.0,gcb,gcb,owid,0.0,1.0,0.0,False,False,False
Mali,MLI,2007,14457776.0,1.784,0.123,0.249,16.229,1.784,0.0,0.0,0.0,0.0,gcb,gcb,owid,0.0,1.0,0.0,False,False,False
Mali,MLI,2008,14940786.0,1.957,0.131,0.172,9.651,1.957,0.0,0.0,0.0,0.0,gcb,gcb,owid,0.0,1.0,0.0,False,False,False
Mali,MLI,2009,15435536.0,1.887,0.122,-0.07,-3.558,1.887,0.0,0.0,0.0,0.0,gcb,gcb,owid,0.0,1.0,0.0,False,False,False
Mali,MLI,2010,15945201.0,2.088,0.131,0.202,10.68,2.088,0.0,0.0,0.0,0.0,gcb,gcb,owid,0.0,1.0,0.0,False,False,False
Mali,MLI,2011,16469054.0,2.279,0.138,0.191,9.123,2.279,0.0,0.0,0.0,0.0,gcb,gcb,owid,0.0,1.0,0.0,False,False,False
Mali,MLI,2012,16957039.0,2.437,0.144,0.158,6.913,2.437,0.0,0.0,0.0,0.0,gcb,gcb,owid,0.0,1.0,0.0,False,False,False
Mali,MLI,2013,17459619.0,2.743,0.157,0.307,12.593,2.572,0.0,0.0,0.0,0.0,gcb,gcb,owid,0.0,1.0,0.0,False,False,False
Mali,MLI,2014,18020267.0,3.139,0.174,0.396,14.432,2.884,0.0,0.0,0.0,0.0,gcb,gcb,owid,0.0,1.0,0.0,False,False,False
Mali,MLI,2015,18593022.0,3.399,0.183,0.26,8.275,3.155,0.0,0.0,0.0,0.0,gcb,gcb,owid,0.0,1.0,0.0,False,False,False
Mali,MLI,2016,19191298.0,4.286,0.223,0.887,26.097,4.034,0.0,0.0,0.0,0.0,gcb,gcb,owid,0.0,1.0,0.0,False,False,False
Mali,MLI,2017,19813016.0,4.767,0.241,0.48,11.208,4.507,0.0,0.0,0.0,0.0,gcb,gcb,owid,0.0,1.0,0.0,False,False,False
Mali,MLI,2018,20442031.0,5.198,0.254,0.432,9.058,4.811,0.0,0.0,0.0,0.0,gcb,gcb,owid,0.0,1.0,0.0,False,False,False
Mali,MLI,2019,21068405.0,5.594,0.266,0.396,7.612,5.207,0.0,0.0,0.0,0.0,gcb,gcb,owid,0.0,1.0,0.0,False,False,False
Mali,MLI,2020,21713837.0,6.33,0.292,0.736,13.157,5.749,0.0,0.0,0.0,0.0,gcb,gcb,owid,0.0,1.0,0.0,False,False,False
Mali,MLI,2021,22388637.0,7.393,0.33,1.063,16.795,6.734,0.0,0.0,0.0,0.0,gcb,gcb,owid,0.0,1.0,0.0,False,False,False
Malta,MLT,1992,374805.0,2.294,6.119,0.022,0.958,1.807,0.485,0.0,0.485,0.0,owid,owid,owid,0.21160558464223386,0.7883944153577662,0.0,False,False,False
Malta,MLT,1993,378222.0,2.886,7.629,0.592,25.811,2.174,0.71,0.0,0.71,0.0,owid,owid,owid,0.2461858529819695,0.7538141470180305,0.0,False,False,False
Malta,MLT,1994,381467.0,2.658,6.969,-0.227,-7.875,2.174,0.483,0.0,0.483,0.0,owid,owid,owid,0.18178396687993978,0.8182160331200602,0.0,False,False,False
Malta,MLT,1995,384559.0,2.452,6.377,-0.206,-7.757,2.327,0.123,0.0,0.123,0.0,owid,owid,owid,0.05020408163265306,0.9497959183673469,0.0,False,False,False
Malta,MLT,1996,387627.0,2.534,6.537,0.082,3.337,2.532,0.0,0.0,0.0,0.0,owid,owid,owid,0.0,1.0,0.0,False,False,False
Malta,MLT,1997,390687.0,2.556,6.543,0.022,0.88,2.554,0.0,0.0,0.0,0.0,owid,owid,owid,0.0,1.0,0.0,False,False,False
Malta,MLT,1998,393782.0,2.525,6.412,-0.031,-1.225,2.524,0.0,0.0,0.0,0.0,owid,owid,owid,0.0,1.0,0.0,False,False,False
Malta,MLT,1999,396897.0,2.573,6.482,0.048,1.898,2.572,0.0,0.0,0.0,0.0,owid,owid,owid,0.0,1.0,0.0,False,False,False
Malta,MLT,2000,399905.0,2.468,6.172,-0.105,-4.07,2.468,0.0,0.0,0.0,0.0,owid,owid,owid,0.0,1.0,0.0,False,False,False
Malta,MLT,2001,402788.0,2.737,6.794,0.268,10.875,2.736,0.0,0.0,0.0,0.0,owid,owid,owid,0.0,1.0,0.0,False,False,False
Malta,MLT,2002,405571.0,2.747,6.774,0.011,0.39,2.747,0.0,0.0,0.0,0.0,owid,owid,owid,0.0,1.0,0.0,False,False,False
Malta,MLT,2003,408236.0,2.961,7.253,0.214,7.776,2.96,0.0,0.0,0.0,0.0,owid,owid,owid,0.0,1.0,0.0,False,False,False
Malta,MLT,2004,410800.0,2.849,6.935,-0.112,-3.775,2.849,0.0,0.0,0.0,0.0,owid,owid,owid,0.0,1.0,0.0,False,False,False
Malta,MLT,2005,413324.0,2.65,6.411,-0.199,-6.995,2.649,0.0,0.0,0.0,0.0,owid,owid,owid,0.0,1.0,0.0,False,False,False
Malta,MLT,2006,415463.0,2.655,6.391,0.006,0.209,2.655,0.0,0.0,0.0,0.0,owid,owid,owid,0.0,1.0,0.0,False,False,False
Malta,MLT,2007,417201.0,2.728,6.538,0.072,2.728,2.727,0.0,0.0,0.0,0.0,owid,owid,owid,0.0,1.0,0.0,False,False,False
Malta,MLT,2008,418969.0,2.721,6.495,-0.007,-0.239,2.721,0.0,0.0,0.0,0.0,owid,owid,owid,0.0,1.0,0.0,False,False,False
Malta,MLT,2009,420800.0,2.561,6.086,-0.16,-5.895,2.56,0.0,0.0,0.0,0.0,owid,owid,owid,0.0,1.0,0.0,False,False,False
Malta,MLT,2010,422654.0,2.619,6.197,0.058,2.28,2.618,0.0,0.0,0.0,0.0,owid,owid,owid,0.0,1.0,0.0,False,False,False
Malta,MLT,2011,424635.0,2.608,6.142,-0.011,-0.422,2.607,0.0,0.0,0.0,0.0,owid,owid,owid,0.0,1.0,0.0,False,False,False
Malta,MLT,2012,426616.0,2.749,6.444,0.141,5.401,2.748,0.0,0.0,0.0,0.0,owid,owid,owid,0.0,1.0,0.0,False,False,False
Malta,MLT,2013,428457.0,2.43,5.671,-0.319,-11.619,2.427,0.0,0.0,0.0,0.0,owid,owid,owid,0.0,1.0,0.0,False,False,False
Malta,MLT,2014,434494.0,2.417,5.564,-0.012,-0.507,2.414,0.0,0.0,0.0,0.0,owid,owid,owid,0.0,1.0,0.0,False,False,False
Malta,MLT,2015,444978.0,1.697,3.815,-0.72,-29.779,1.695,0.0,0.0,0.0,0.0,owid,owid,owid,0.0,1.0,0.0,False,False,False
Malta,MLT,2016,455276.0,1.376,3.022,-0.322,-18.945,1.374,0.0,0.0,0.0,0.0,owid,owid,owid,0.0,1.0,0.0,False,False,False
Malta,MLT,2017,467902.0,1.537,3.285,0.161,11.725,0.984,0.0,0.552,0.0,0.552,owid,owid,owid,0.0,0.640625,0.359375,False,False,False
Malta,MLT,2018,484560.0,1.548,3.194,0.01,0.683,0.866,0.0,0.681,0.0,0.681,owid,owid,owid,0.0,0.559793148028442,0.44020685197155784,False,False,False
Malta,MLT,2019,504017.0,1.649,3.272,0.101,6.558,0.94,0.0,0.708,0.0,0.708,owid,owid,owid,0.0,0.5703883495145631,0.42961165048543687,False,False,False
Malta,MLT,2020,518212.0,1.601,3.089,-0.048,-2.929,0.864,0.0,0.736,0.0,0.736,owid,owid,owid,0.0,0.5399999999999999,0.45999999999999996,False,False,False
Malta,MLT,2021,524383.0,1.611,3.073,0.011,0.657,0.872,0.0,0.739,0.0,0.739,owid,owid,owid,0.0,0.5412787088764742,0.4587212911235258,False,False,False
Marshall Islands,MHL,1993,47112.0,0.081,1.711,0.004,4.762,0.081,0.0,0.0,0.0,0.0,gcb,gcb,owid,0.0,1.0,0.0,True,False,False
Marshall Islands,MHL,1994,47731.0,0.084,1.766,0.004,4.545,0.084,0.0,0.0,0.0,0.0,gcb,gcb,owid,0.0,1.0,0.0,True,False,False
Marshall Islands,MHL,1995,48283.0,0.088,1.821,0.004,4.348,0.088,0.0,0.0,0.0,0.0,gcb,gcb,owid,0.0,1.0,0.0,True,False,False
Marshall Islands,MHL,1996,48795.0,0.092,1.877,0.004,4.167,0.092,0.0,0.0,0.0,0.0,gcb,gcb,owid,0.0,1.0,0.0,True,False,False
Marshall Islands,MHL,1997,49277.0,0.092,1.859,0.0,0.0,0.092,0.0,0.0,0.0,0.0,gcb,gcb,owid,0.0,1.0,0.0,True,False,False
Marshall Islands,MHL,1998,49732.0,0.092,1.842,0.0,0.0,0.092,0.0,0.0,0.0,0.0,gcb,gcb,owid,0.0,1.0,0.0,True,False,False
Marshall Islands,MHL,1999,50221.0,0.092,1.824,0.0,0.0,0.092,0.0,0.0,0.0,0.0,gcb,gcb,owid,0.0,1.0,0.0,True,False,False
Marshall Islands,MHL,2000,50721.0,0.099,1.95,0.007,8.0,0.099,0.0,0.0,0.0,0.0,gcb,gcb,owid,0.0,1.0,0.0,True,False,False
Marshall Islands,MHL,2001,51137.0,0.103,2.006,0.004,3.704,0.103,0.0,0.0,0.0,0.0,gcb,gcb,owid,0.0,1.0,0.0,True,False,False
Marshall Islands,MHL,2002,51441.0,0.11,2.137,0.007,7.143,0.11,0.0,0.0,0.0,0.0,gcb,gcb,owid,0.0,1.0,0.0,True,False,False
Marshall Islands,MHL,2003,51657.0,0.11,2.128,0.0,0.0,0.11,0.0,0.0,0.0,0.0,gcb,gcb,owid,0.0,1.0,0.0,True,False,False
Marshall Islands,MHL,2004,51803.0,0.114,2.193,0.004,3.333,0.114,0.0,0.0,0.0,0.0,gcb,gcb,owid,0.0,1.0,0.0,True,False,False
Marshall Islands,MHL,2005,51928.0,0.114,2.187,0.0,0.0,0.114,0.0,0.0,0.0,0.0,gcb,gcb,owid,0.0,1.0,0.0,True,False,False
Marshall Islands,MHL,2006,52011.0,0.121,2.325,0.007,6.452,0.121,0.0,0.0,0.0,0.0,gcb,gcb,owid,0.0,1.0,0.0,True,False,False
Marshall Islands,MHL,2007,52050.0,0.128,2.464,0.007,6.061,0.128,0.0,0.0,0.0,0.0,gcb,gcb,owid,0.0,1.0,0.0,True,False,False
Marshall Islands,MHL,2008,52049.0,0.128,2.464,0.0,0.0,0.128,0.0,0.0,0.0,0.0,gcb,gcb,owid,0.0,1.0,0.0,True,False,False
Marshall Islands,MHL,2009,52036.0,0.132,2.535,0.004,2.857,0.132,0.0,0.0,0.0,0.0,gcb,gcb,owid,0.0,1.0,0.0,True,False,False
Marshall Islands,MHL,2010,52064.0,0.136,2.604,0.004,2.778,0.136,0.0,0.0,0.0,0.0,gcb,gcb,owid,0.0,1.0,0.0,True,False,False
Marshall Islands,MHL,2011,51927.0,0.136,2.611,0.0,0.0,0.136,0.0,0.0,0.0,0.0,gcb,gcb,owid,0.0,1.0,0.0,True,False,False
Marshall Islands,MHL,2012,51438.0,0.136,2.636,0.0,0.0,0.136,0.0,0.0,0.0,0.0,gcb,gcb,owid,0.0,1.0,0.0,True,False,False
Marshall Islands,MHL,2013,50696.0,0.139,2.746,0.004,2.703,0.139,0.0,0.0,0.0,0.0,gcb,gcb,owid,0.0,1.0,0.0,True,False,False
Marshall Islands,MHL,2014,49815.0,0.139,2.795,0.0,0.0,0.139,0.0,0.0,0.0,0.0,gcb,gcb,owid,0.0,1.0,0.0,True,False,False
Marshall Islands,MHL,2015,48823.0,0.143,2.927,0.004,2.632,0.143,0.0,0.0,0.0,0.0,gcb,gcb,owid,0.0,1.0,0.0,True,False,False
Marshall Islands,MHL,2016,47730.0,0.143,2.994,0.0,0.0,0.143,0.0,0.0,0.0,0.0,gcb,gcb,owid,0.0,1.0,0.0,True,False,False
Marshall Islands,MHL,2017,46544.0,0.147,3.149,0.004,2.564,0.147,0.0,0.0,0.0,0.0,gcb,gcb,owid,0.0,1.0,0.0,True,False,False
Marshall Islands,MHL,2018,45307.0,0.147,3.235,0.0,0.0,0.147,0.0,0.0,0.0,0.0,gcb,gcb,owid,0.0,1.0,0.0,True,False,False
Marshall Islands,MHL,2019,44030.0,0.147,3.329,0.0,0.0,0.147,0.0,0.0,0.0,0.0,gcb,gcb,owid,0.0,1.0,0.0,True,False,False
Marshall Islands,MHL,2020,42728.0,0.147,3.43,0.0,0.0,0.147,0.0,0.0,0.0,0.0,gcb,gcb,owid,0.0,1.0,0.0,True,False,False
Marshall Islands,MHL,2021,41387.0,0.147,3.541,0.0,0.0,0.147,0.0,0.0,0.0,0.0,gcb,gcb,owid,0.0,1.0,0.0,True,False,False
Mauritania,MRT,1992,2088143.0,0.905,0.433,0.037,4.219,0.89,0.015,0.0,0.015,0.0,owid,gcb,owid,0.016574585635359115,0.9834254143646408,0.0,False,False,False
Mauritania,MRT,1993,2174333.0,0.927,0.426,0.022,2.408,0.912,0.015,0.0,0.015,0.0,owid,gcb,owid,0.016181229773462782,0.9838187702265372,0.0,False,False,False
Mauritania,MRT,1994,2249462.0,0.959,0.427,0.033,3.519,0.945,0.015,0.0,0.015,0.0,owid,gcb,owid,0.015625,0.984375,0.0,False,False,False
Mauritania,MRT,1995,2312027.0,1.015,0.439,0.056,5.787,1.004,0.011,0.0,0.011,0.0,owid,gcb,owid,0.01083743842364532,0.9891625615763547,0.0,False,False,False
Mauritania,MRT,1996,2358193.0,1.063,0.451,0.048,4.693,1.055,0.007,0.0,0.007,0.0,owid,gcb,owid,0.006591337099811677,0.9934086629001884,0.0,False,False,False
Mauritania,MRT,1997,2411316.0,1.077,0.447,0.015,1.379,1.074,0.004,0.0,0.004,0.0,owid,gcb,owid,0.0037105751391465673,0.9962894248608535,0.0,False,False,False
Mauritania,MRT,1998,2474650.0,1.074,0.434,-0.004,-0.34,1.07,0.004,0.0,0.004,0.0,owid,gcb,owid,0.0037243947858473,0.9962756052141527,0.0,False,False,False
Mauritania,MRT,1999,2541700.0,1.096,0.431,0.022,2.048,1.096,0.0,0.0,0.0,0.0,owid,gcb,owid,0.0,1.0,0.0,False,False,False
Mauritania,MRT,2000,2613450.0,1.114,0.426,0.018,1.672,1.114,0.0,0.0,0.0,0.0,owid,gcb,owid,0.0,1.0,0.0,False,False,False
Mauritania,MRT,2001,2678766.0,1.172,0.438,0.059,5.263,1.172,0.0,0.0,0.0,0.0,gcb,gcb,owid,0.0,1.0,0.0,False,False,False
Mauritania,MRT,2002,2738659.0,1.249,0.456,0.077,6.562,1.249,0.0,0.0,0.0,0.0,gcb,gcb,owid,0.0,1.0,0.0,False,False,False
Mauritania,MRT,2003,2802050.0,1.286,0.459,0.037,2.933,1.286,0.0,0.0,0.0,0.0,gcb,gcb,owid,0.0,1.0,0.0,False,False,False
Mauritania,MRT,2004,2868671.0,1.385,0.483,0.099,7.692,1.385,0.0,0.0,0.0,0.0,gcb,gcb,owid,0.0,1.0,0.0,False,False,False
Mauritania,MRT,2005,2939060.0,1.434,0.488,0.049,3.515,1.433,0.0,0.0,0.0,0.0,gcb,gcb,owid,0.0,1.0,0.0,False,False,False
Mauritania,MRT,2006,3013659.0,1.55,0.514,0.116,8.119,1.422,0.0,0.0,0.0,0.0,gcb,gcb,owid,0.0,1.0,0.0,False,False,False
Mauritania,MRT,2007,3093065.0,1.758,0.568,0.208,13.388,1.638,0.0,0.0,0.0,0.0,gcb,gcb,owid,0.0,1.0,0.0,False,False,False
Mauritania,MRT,2008,3183276.0,1.831,0.575,0.073,4.163,1.77,0.0,0.0,0.0,0.0,gcb,gcb,owid,0.0,1.0,0.0,False,False,False
Mauritania,MRT,2009,3284454.0,2.012,0.613,0.182,9.915,1.96,0.0,0.0,0.0,0.0,gcb,gcb,owid,0.0,1.0,0.0,False,False,False
Mauritania,MRT,2010,3390968.0,2.094,0.617,0.081,4.036,2.045,0.0,0.0,0.0,0.0,gcb,gcb,owid,0.0,1.0,0.0,False,False,False
Mauritania,MRT,2011,3502813.0,2.227,0.636,0.133,6.356,2.151,0.0,0.0,0.0,0.0,gcb,gcb,owid,0.0,1.0,0.0,False,False,False
Mauritania,MRT,2012,3619035.0,2.448,0.676,0.221,9.925,2.345,0.0,0.0,0.0,0.0,gcb,gcb,owid,0.0,1.0,0.0,False,False,False
Mauritania,MRT,2013,3734324.0,2.169,0.581,-0.279,-11.387,2.063,0.0,0.0,0.0,0.0,gcb,gcb,owid,0.0,1.0,0.0,False,False,False
Mauritania,MRT,2014,3848511.0,2.563,0.666,0.394,18.161,2.495,0.0,0.0,0.0,0.0,gcb,gcb,owid,0.0,1.0,0.0,False,False,False
Mauritania,MRT,2015,3965959.0,3.002,0.757,0.44,17.159,2.924,0.0,0.0,0.0,0.0,gcb,gcb,owid,0.0,1.0,0.0,False,False,False
Mauritania,MRT,2016,4086655.0,2.624,0.642,-0.379,-12.61,2.532,0.0,0.0,0.0,0.0,gcb,gcb,owid,0.0,1.0,0.0,False,False,False
Mauritania,MRT,2017,4210603.0,3.581,0.851,0.957,36.483,3.506,0.0,0.0,0.0,0.0,gcb,gcb,owid,0.0,1.0,0.0,False,False,False
Mauritania,MRT,2018,4337685.0,4.444,1.025,0.863,24.107,4.444,0.0,0.0,0.0,0.0,gcb,gcb,owid,0.0,1.0,0.0,False,False,False
Mauritania,MRT,2019,4467714.0,4.613,1.033,0.169,3.799,4.613,0.0,0.0,0.0,0.0,gcb,gcb,owid,0.0,1.0,0.0,False,False,False
Mauritania,MRT,2020,4600136.0,4.782,1.039,0.168,3.647,4.782,0.0,0.0,0.0,0.0,gcb,gcb,owid,0.0,1.0,0.0,False,False,False
Mauritania,MRT,2021,4734874.0,4.5,0.95,-0.282,-5.894,4.5,0.0,0.0,0.0,0.0,gcb,gcb,owid,0.0,1.0,0.0,False,False,False
Mauritius,MUS,1992,1117676.0,1.707,1.528,0.187,12.289,1.517,0.191,0.0,0.191,0.0,owid,gcb,owid,0.11182669789227166,0.8881733021077283,0.0,False,False,False
Mauritius,MUS,1993,1132397.0,1.773,1.566,0.066,3.863,1.605,0.168,0.0,0.168,0.0,owid,gcb,owid,0.09475465313028766,0.9052453468697124,0.0,False,False,False
Mauritius,MUS,1994,1146559.0,1.623,1.416,-0.15,-8.471,1.532,0.092,0.0,0.092,0.0,owid,gcb,owid,0.05665024630541871,0.9433497536945812,0.0,False,False,False
Mauritius,MUS,1995,1159824.0,1.828,1.576,0.205,12.641,1.66,0.168,0.0,0.168,0.0,owid,gcb,owid,0.09190371991247266,0.9080962800875274,0.0,False,False,False
Mauritius,MUS,1996,1172390.0,1.949,1.663,0.121,6.613,1.839,0.11,0.0,0.11,0.0,owid,gcb,owid,0.05643919958953309,0.9435608004104669,0.0,False,False,False
Mauritius,MUS,1997,1184304.0,1.997,1.686,0.048,2.444,1.876,0.121,0.0,0.121,0.0,owid,gcb,owid,0.06059088632949424,0.9394091136705057,0.0,False,False,False
Mauritius,MUS,1998,1195111.0,2.169,1.815,0.172,8.624,2.008,0.161,0.0,0.161,0.0,owid,gcb,owid,0.07422775472568004,0.92577224527432,0.0,False,False,False
Mauritius,MUS,1999,1205903.0,2.426,2.011,0.256,11.824,2.103,0.322,0.0,0.322,0.0,owid,gcb,owid,0.13278350515463916,0.8672164948453608,0.0,False,False,False
Mauritius,MUS,2000,1216632.0,2.689,2.211,0.264,10.876,2.096,0.594,0.0,0.594,0.0,owid,gcb,owid,0.220817843866171,0.779182156133829,0.0,False,False,False
Mauritius,MUS,2001,1225807.0,2.862,2.334,0.172,6.403,2.173,0.689,0.0,0.689,0.0,owid,gcb,owid,0.2407407407407407,0.7592592592592593,0.0,False,False,False
Mauritius,MUS,2002,1234090.0,2.884,2.337,0.022,0.768,2.147,0.736,0.0,0.736,0.0,owid,gcb,owid,0.2552896288588276,0.7447103711411723,0.0,False,False,False
Mauritius,MUS,2003,1242094.0,3.059,2.463,0.176,6.099,2.308,0.751,0.0,0.751,0.0,owid,gcb,owid,0.2455050670153645,0.7544949329846355,0.0,False,False,False
Mauritius,MUS,2004,1249799.0,3.089,2.471,0.029,0.958,2.422,0.667,0.0,0.667,0.0,owid,gcb,owid,0.21592748462285527,0.7840725153771446,0.0,False,False,False
Mauritius,MUS,2005,1257215.0,3.294,2.62,0.205,6.643,2.443,0.851,0.0,0.851,0.0,owid,gcb,owid,0.25834851244687307,0.7416514875531269,0.0,False,False,False
Mauritius,MUS,2006,1263785.0,3.627,2.87,0.333,10.122,2.492,1.136,0.0,1.136,0.0,owid,gcb,owid,0.31312017640573314,0.6868798235942668,0.0,False,False,False
Mauritius,MUS,2007,1269522.0,3.686,2.903,0.059,1.616,2.363,1.323,0.0,1.323,0.0,owid,gcb,owid,0.3589256646771568,0.6410743353228432,0.0,False,False,False
Mauritius,MUS,2008,1274635.0,3.767,2.955,0.081,2.187,2.224,1.543,0.0,1.543,0.0,owid,gcb,owid,0.4096097690469869,0.590390230953013,0.0,False,False,False
Mauritius,MUS,2009,1278976.0,3.708,2.899,-0.059,-1.556,2.297,1.411,0.0,1.411,0.0,owid,gcb,owid,0.38052858683926644,0.6194714131607335,0.0,False,False,False
Mauritius,MUS,2010,1282710.0,3.913,3.051,0.205,5.534,2.341,1.572,0.0,1.572,0.0,owid,gcb,owid,0.40173779708663426,0.5982622029133657,0.0,False,False,False
Mauritius,MUS,2011,1286270.0,3.917,3.045,0.004,0.094,2.411,1.506,0.0,1.506,0.0,owid,gcb,owid,0.3844779167730406,0.6155220832269594,0.0,False,False,False
Mauritius,MUS,2012,1289174.0,3.964,3.075,0.048,1.216,2.378,1.587,0.0,1.587,0.0,owid,gcb,owid,0.40025220680958384,0.5997477931904162,0.0,False,False,False
Mauritius,MUS,2013,1290988.0,4.067,3.15,0.103,2.588,2.396,1.671,0.0,1.671,0.0,owid,gcb,owid,0.4108679616424883,0.5891320383575116,0.0,False,False,False
Mauritius,MUS,2014,1292006.0,4.206,3.256,0.139,3.423,2.471,1.735,0.0,1.735,0.0,owid,gcb,owid,0.41250594388968137,0.5874940561103186,0.0,False,False,False
Mauritius,MUS,2015,1292283.0,4.21,3.258,0.004,0.087,2.524,1.685,0.0,1.685,0.0,owid,gcb,owid,0.4003326205749585,0.5996673794250417,0.0,False,False,False
Mauritius,MUS,2016,1291807.0,4.342,3.361,0.132,3.133,2.627,1.715,0.0,1.715,0.0,owid,gcb,owid,0.39497927222478124,0.6050207277752188,0.0,False,False,False
Mauritius,MUS,2017,1290654.0,4.54,3.517,0.198,4.557,2.752,1.788,0.0,1.788,0.0,owid,gcb,owid,0.39383259911894275,0.6061674008810573,0.0,False,False,False
Mauritius,MUS,2018,1288836.0,4.455,3.457,-0.084,-1.856,2.759,1.696,0.0,1.696,0.0,owid,gcb,owid,0.380695847362514,0.619304152637486,0.0,False,False,False
Mauritius,MUS,2019,1286269.0,4.525,3.518,0.07,1.562,2.964,1.561,0.0,1.561,0.0,owid,gcb,owid,0.3449723756906077,0.6550276243093922,0.0,False,False,False
Mauritius,MUS,2020,1283231.0,3.8,2.961,-0.725,-16.032,2.248,1.552,0.0,1.552,0.0,owid,gcb,owid,0.4084210526315789,0.5915789473684211,0.0,False,False,False
Mauritius,MUS,2021,1279628.0,3.968,3.101,0.169,4.436,2.237,1.731,0.0,1.731,0.0,owid,gcb,owid,0.43623991935483875,0.5637600806451614,0.0,False,False,False
Mexico,MEX,1992,86044806.0,332.453,3.864,2.622,0.795,248.717,14.81,55.612,14.81,55.612,owid,owid,owid,0.046406111443602946,0.7793375300417686,0.17425635851462842,False,False,False
Mexico,MEX,1993,87653817.0,337.722,3.853,5.269,1.585,249.797,18.203,55.066,18.203,55.066,owid,owid,owid,0.05634452402914574,0.7732073322478997,0.17044814372295444,False,False,False
Mexico,MEX,1994,89259202.0,351.534,3.938,13.812,4.09,258.052,20.247,56.902,20.247,56.902,owid,owid,owid,0.060402564431490356,0.7698425720686991,0.16975486349981056,False,False,False
Mexico,MEX,1995,90862449.0,330.905,3.642,-20.629,-5.868,237.244,22.266,56.92,22.266,56.92,owid,owid,owid,0.0703662737414278,0.7497519198558923,0.1798818064026799,False,False,False
Mexico,MEX,1996,92452700.0,341.544,3.694,10.638,3.215,236.845,25.194,62.746,25.194,62.746,owid,owid,owid,0.07757131640931694,0.7292362639900243,0.19319241960065892,False,False,False
Mexico,MEX,1997,94021204.0,362.466,3.855,20.922,6.126,252.204,25.575,65.772,25.575,65.772,owid,owid,owid,0.0744430957849053,0.7341093462106063,0.19144755800448843,False,False,False
Mexico,MEX,1998,95575242.0,381.102,3.987,18.636,5.141,264.274,26.267,71.088,26.267,71.088,owid,owid,owid,0.07263521454308144,0.7307876304168084,0.19657715504011014,False,False,False
Mexico,MEX,1999,97115710.0,386.036,3.975,4.935,1.295,271.403,26.0,69.803,26.0,69.803,owid,owid,owid,0.07080494327434736,0.739102846903373,0.1900922098222796,False,False,False
Mexico,MEX,2000,98625553.0,391.435,3.969,5.399,1.399,263.874,26.696,81.202,26.696,81.202,owid,owid,owid,0.0718074518791087,0.709773732287531,0.2184188158333602,False,False,False
Mexico,MEX,2001,100099101.0,407.485,4.071,16.049,4.1,275.577,30.638,82.887,30.638,82.887,owid,owid,owid,0.07874027889859216,0.7082384567542701,0.21302126434713778,False,False,False
Mexico,MEX,2002,101548627.0,410.301,4.04,2.816,0.691,265.359,34.701,92.171,34.701,92.171,owid,owid,owid,0.08847082459061115,0.6765375505760636,0.23499162483332528,False,False,False
Mexico,MEX,2003,102978517.0,435.969,4.234,25.668,6.256,273.195,42.458,101.903,42.458,101.903,owid,owid,owid,0.10168216957725429,0.6542715228616041,0.24404630756114148,False,False,False
Mexico,MEX,2004,104394131.0,438.588,4.201,2.62,0.601,276.736,37.882,105.647,37.882,105.647,owid,owid,owid,0.09013836507917623,0.6584797687173569,0.25138186620346686,False,False,False
Mexico,MEX,2005,105811504.0,463.436,4.38,24.847,5.665,291.123,46.811,105.516,46.811,105.516,owid,owid,owid,0.10556094260908784,0.6564956590370955,0.23794339835381667,False,False,False
Mexico,MEX,2006,107253666.0,474.523,4.424,11.087,2.392,284.691,50.289,117.938,50.289,117.938,owid,owid,owid,0.11103334378408455,0.6285707346583709,0.26039592155754465,False,False,False
Mexico,MEX,2007,108774356.0,473.595,4.354,-0.927,-0.195,286.649,45.84,117.274,45.84,117.274,owid,owid,owid,0.10192034471488318,0.6373334400562073,0.26074621522890945,False,False,False
Mexico,MEX,2008,110374286.0,472.981,4.285,-0.614,-0.13,288.397,40.784,118.567,40.784,118.567,owid,owid,owid,0.09108695069548049,0.6441056129787291,0.2648074363257904,False,False,False
Mexico,MEX,2009,111999720.0,460.29,4.11,-12.691,-2.683,272.739,40.813,123.432,40.813,123.432,owid,owid,owid,0.09339701224758802,0.6241395565970379,0.28246343115537415,False,False,False
Mexico,MEX,2010,113623898.0,456.409,4.017,-3.881,-0.843,259.679,51.054,124.122,51.054,124.122,owid,owid,owid,0.11740465212542113,0.5971622724816318,0.2854330753929471,False,False,False
Mexico,MEX,2011,115243503.0,483.302,4.194,26.893,5.892,272.512,56.041,130.707,56.041,130.707,owid,owid,owid,0.12202456125070765,0.5933719461742804,0.28460349257501194,False,False,False
Mexico,MEX,2012,116818208.0,501.492,4.293,18.191,3.764,290.158,49.226,135.727,49.226,135.727,owid,owid,owid,0.10360947231278586,0.6107162326277439,0.28567429505947034,False,False,False
Mexico,MEX,2013,118343572.0,495.412,4.186,-6.081,-1.213,277.692,49.977,142.276,49.977,142.276,owid,owid,owid,0.10634648735490322,0.5909031907989233,0.3027503218461735,False,False,False
Mexico,MEX,2014,119784265.0,484.045,4.041,-11.367,-2.294,269.275,48.944,138.503,48.944,138.503,owid,owid,owid,0.10716365754222482,0.5895818462872382,0.30325449617053696,False,False,False
Mexico,MEX,2015,121072310.0,479.434,3.96,-4.611,-0.953,258.874,44.114,147.977,44.114,147.977,owid,owid,owid,0.09782133868482032,0.5740445489117781,0.32813411240340157,False,False,False
Mexico,MEX,2016,122251344.0,478.828,3.917,-0.606,-0.126,251.592,47.621,151.455,47.621,151.455,owid,owid,owid,0.10566758678228763,0.5582646205188743,0.3360677926988382,False,False,False
Mexico,MEX,2017,123400052.0,464.407,3.763,-14.421,-3.012,245.838,48.533,143.25,48.533,143.25,owid,owid,owid,0.11090189913189724,0.5617600617886254,0.32733803907947745,False,False,False
Mexico,MEX,2018,124573713.0,468.421,3.76,4.014,0.864,228.846,47.317,165.521,47.317,165.521,owid,owid,owid,0.10712862589543656,0.5181215529654686,0.37474982113909494,False,False,False
Mexico,MEX,2019,125762978.0,468.236,3.723,-0.185,-0.039,238.024,45.272,157.099,45.272,157.099,owid,owid,owid,0.10279862396257905,0.5404784341329942,0.3567229419044267,False,False,False
Mexico,MEX,2020,126799053.0,428.937,3.383,-39.299,-8.393,204.103,33.705,160.949,33.705,160.949,owid,owid,owid,0.08452516194073081,0.5118480678709089,0.40362677018836035,False,False,False
Mexico,MEX,2021,127648151.0,446.838,3.501,17.901,4.173,219.979,29.22,165.84,29.22,165.84,owid,owid,owid,0.07040302236657278,0.5300200704030225,0.3995769072304049,False,False,False
Micronesia (country),FSM,1993,107082.0,0.143,1.334,0.007,5.405,0.143,0.0,0.0,0.0,0.0,gcb,gcb,owid,0.0,1.0,0.0,False,False,False
Micronesia (country),FSM,1994,109090.0,0.154,1.411,0.011,7.692,0.154,0.0,0.0,0.0,0.0,gcb,gcb,owid,0.0,1.0,0.0,False,False,False
Micronesia (country),FSM,1995,110244.0,0.176,1.595,0.022,14.286,0.176,0.0,0.0,0.0,0.0,gcb,gcb,owid,0.0,1.0,0.0,False,False,False
Micronesia (country),FSM,1996,110723.0,0.183,1.655,0.007,4.167,0.183,0.0,0.0,0.0,0.0,gcb,gcb,owid,0.0,1.0,0.0,False,False,False
Micronesia (country),FSM,1997,111088.0,0.194,1.748,0.011,6.0,0.194,0.0,0.0,0.0,0.0,gcb,gcb,owid,0.0,1.0,0.0,False,False,False
Micronesia (country),FSM,1998,111394.0,0.205,1.842,0.011,5.66,0.205,0.0,0.0,0.0,0.0,gcb,gcb,owid,0.0,1.0,0.0,False,False,False
Micronesia (country),FSM,1999,111693.0,0.191,1.706,-0.015,-7.143,0.191,0.0,0.0,0.0,0.0,gcb,gcb,owid,0.0,1.0,0.0,False,False,False
Micronesia (country),FSM,2000,112067.0,0.18,1.602,-0.011,-5.769,0.18,0.0,0.0,0.0,0.0,gcb,gcb,owid,0.0,1.0,0.0,False,False,False
Micronesia (country),FSM,2001,112378.0,0.165,1.467,-0.015,-8.163,0.165,0.0,0.0,0.0,0.0,gcb,gcb,owid,0.0,1.0,0.0,False,False,False
Micronesia (country),FSM,2002,112464.0,0.15,1.336,-0.015,-8.889,0.15,0.0,0.0,0.0,0.0,gcb,gcb,owid,0.0,1.0,0.0,False,False,False
Micronesia (country),FSM,2003,112298.0,0.161,1.436,0.011,7.317,0.161,0.0,0.0,0.0,0.0,gcb,gcb,owid,0.0,1.0,0.0,False,False,False
Micronesia (country),FSM,2004,111939.0,0.143,1.277,-0.018,-11.364,0.143,0.0,0.0,0.0,0.0,gcb,gcb,owid,0.0,1.0,0.0,False,False,False
Micronesia (country),FSM,2005,111420.0,0.114,1.019,-0.029,-20.513,0.114,0.0,0.0,0.0,0.0,gcb,gcb,owid,0.0,1.0,0.0,False,False,False
Micronesia (country),FSM,2006,110739.0,0.114,1.026,0.0,0.0,0.114,0.0,0.0,0.0,0.0,gcb,gcb,owid,0.0,1.0,0.0,False,False,False
Micronesia (country),FSM,2007,109896.0,0.128,1.167,0.015,12.903,0.128,0.0,0.0,0.0,0.0,gcb,gcb,owid,0.0,1.0,0.0,False,False,False
Micronesia (country),FSM,2008,108947.0,0.114,1.043,-0.015,-11.429,0.114,0.0,0.0,0.0,0.0,gcb,gcb,owid,0.0,1.0,0.0,False,False,False
Micronesia (country),FSM,2009,107968.0,0.147,1.357,0.033,29.032,0.147,0.0,0.0,0.0,0.0,gcb,gcb,owid,0.0,1.0,0.0,False,False,False
Micronesia (country),FSM,2010,107559.0,0.103,0.954,-0.044,-30.0,0.103,0.0,0.0,0.0,0.0,gcb,gcb,owid,0.0,1.0,0.0,False,False,False
Micronesia (country),FSM,2011,107712.0,0.117,1.089,0.015,14.286,0.117,0.0,0.0,0.0,0.0,gcb,gcb,owid,0.0,1.0,0.0,False,False,False
Micronesia (country),FSM,2012,107908.0,0.128,1.188,0.011,9.375,0.128,0.0,0.0,0.0,0.0,gcb,gcb,owid,0.0,1.0,0.0,False,False,False
Micronesia (country),FSM,2013,108133.0,0.136,1.254,0.007,5.714,0.136,0.0,0.0,0.0,0.0,gcb,gcb,owid,0.0,1.0,0.0,False,False,False
Micronesia (country),FSM,2014,108407.0,0.139,1.284,0.004,2.703,0.139,0.0,0.0,0.0,0.0,gcb,gcb,owid,0.0,1.0,0.0,False,False,False
Micronesia (country),FSM,2015,108727.0,0.143,1.314,0.004,2.632,0.143,0.0,0.0,0.0,0.0,gcb,gcb,owid,0.0,1.0,0.0,False,False,False
Micronesia (country),FSM,2016,109088.0,0.143,1.31,0.0,0.0,0.143,0.0,0.0,0.0,0.0,gcb,gcb,owid,0.0,1.0,0.0,False,False,False
Micronesia (country),FSM,2017,109495.0,0.143,1.305,0.0,0.0,0.143,0.0,0.0,0.0,0.0,gcb,gcb,owid,0.0,1.0,0.0,False,False,False
Micronesia (country),FSM,2018,109925.0,0.143,1.3,0.0,0.0,0.143,0.0,0.0,0.0,0.0,gcb,gcb,owid,0.0,1.0,0.0,False,False,False
Micronesia (country),FSM,2019,110293.0,0.143,1.296,0.0,0.0,0.143,0.0,0.0,0.0,0.0,gcb,gcb,owid,0.0,1.0,0.0,False,False,False
Micronesia (country),FSM,2020,110930.0,0.143,1.288,0.0,0.0,0.143,0.0,0.0,0.0,0.0,gcb,gcb,owid,0.0,1.0,0.0,False,False,False
Micronesia (country),FSM,2021,111635.0,0.143,1.28,0.0,0.0,0.143,0.0,0.0,0.0,0.0,gcb,gcb,owid,0.0,1.0,0.0,False,False,False
Moldova,MDA,1992,4455714.0,20.978,4.708,-8.64,-29.171,9.499,4.011,6.993,4.011,6.993,owid,owid,owid,0.19562990781836806,0.4632980539433254,0.3410720382383066,False,False,False
Moldova,MDA,1993,4448241.0,15.846,3.562,-5.132,-24.465,6.386,3.836,5.218,3.836,5.218,owid,owid,owid,0.2484455958549223,0.41360103626943007,0.33795336787564767,False,False,False
Moldova,MDA,1994,4434457.0,12.427,2.802,-3.419,-21.576,3.378,3.697,5.023,3.697,5.023,owid,owid,owid,0.3055877004463548,0.2792197057364854,0.4151925938171599,False,False,False
Moldova,MDA,1995,4414216.0,11.405,2.584,-1.022,-8.22,3.052,2.246,5.859,2.246,5.859,owid,owid,owid,0.20130859550058258,0.27355023751904634,0.525141166980371,False,False,False
Moldova,MDA,1996,4387653.0,11.687,2.664,0.282,2.47,2.81,1.982,6.701,1.982,6.701,owid,owid,owid,0.1724527973549117,0.24449665013486474,0.5830505525102236,False,False,False
Moldova,MDA,1997,4355537.0,7.301,1.676,-4.386,-37.526,2.568,0.997,3.466,0.997,3.466,owid,owid,owid,0.1418005973545726,0.36523965296543875,0.4929597496799886,False,False,False
Moldova,MDA,1998,4318713.0,6.444,1.492,-0.858,-11.744,2.126,0.983,3.12,0.983,3.12,owid,owid,owid,0.15781024241451275,0.3413067908171456,0.5008829667683417,False,False,False
Moldova,MDA,1999,4278220.0,4.685,1.095,-1.759,-27.302,1.419,0.447,2.607,0.447,2.607,owid,owid,owid,0.09993293091884639,0.3172367538564721,0.5828303152246813,False,False,False
Moldova,MDA,2000,4234969.0,3.573,0.844,-1.112,-23.729,1.282,0.366,1.751,0.366,1.751,owid,owid,owid,0.10767872903795234,0.3771697558105325,0.5151515151515151,False,False,False
Moldova,MDA,2001,4189769.0,3.787,0.904,0.214,5.979,1.433,0.26,1.92,0.26,1.92,owid,owid,owid,0.07196235815112095,0.39662330473290897,0.5314143371159701,False,False,False
Moldova,MDA,2002,4142937.0,4.052,0.978,0.265,7.002,1.63,0.278,1.924,0.278,1.924,owid,owid,owid,0.07254697286012526,0.4253653444676409,0.5020876826722338,False,False,False
Moldova,MDA,2003,4095418.0,4.404,1.075,0.353,8.701,1.766,0.337,2.056,0.337,2.056,owid,owid,owid,0.08102909353209906,0.42462130319788405,0.49434960327001676,False,False,False
Moldova,MDA,2004,4046672.0,4.613,1.14,0.209,4.749,1.909,0.319,2.103,0.319,2.103,owid,owid,owid,0.07365504502424382,0.44077580235511427,0.4855691526206419,False,False,False
Moldova,MDA,2005,3988668.0,4.938,1.238,0.324,7.026,1.921,0.286,2.365,0.286,2.365,owid,owid,owid,0.06255468066491687,0.42016622922134733,0.5172790901137359,False,False,False
Moldova,MDA,2006,3921320.0,5.03,1.283,0.092,1.867,1.869,0.344,2.36,0.344,2.36,owid,owid,owid,0.07522414170129017,0.40870325825497483,0.5160726000437349,False,False,False
Moldova,MDA,2007,3851397.0,4.979,1.293,-0.051,-1.018,1.931,0.169,2.176,0.169,2.176,owid,owid,owid,0.039522918615528535,0.4515902712815716,0.5088868101028999,False,False,False
Moldova,MDA,2008,3779503.0,5.19,1.373,0.212,4.255,2.034,0.326,2.041,0.326,2.041,owid,owid,owid,0.07407407407407408,0.46216768916155415,0.4637582367643717,False,False,False
Moldova,MDA,2009,3706212.0,4.54,1.225,-0.651,-12.54,1.975,0.348,1.876,0.348,1.876,owid,owid,owid,0.08287687544653488,0.47035008335317935,0.44677304120028577,False,False,False
Moldova,MDA,2010,3631990.0,4.831,1.33,0.291,6.419,2.173,0.326,1.982,0.326,1.982,owid,owid,owid,0.07275161794242357,0.48493639812541844,0.44231198393215804,False,False,False
Moldova,MDA,2011,3557278.0,4.945,1.39,0.114,2.361,2.268,0.333,1.916,0.333,1.916,owid,owid,owid,0.07372149656851894,0.5021031658180208,0.42417533761346027,False,False,False
Moldova,MDA,2012,3482629.0,4.766,1.368,-0.179,-3.626,2.085,0.414,1.825,0.414,1.825,owid,owid,owid,0.09574468085106383,0.48219241443108235,0.42206290471785385,False,False,False
Moldova,MDA,2013,3408741.0,4.899,1.437,0.134,2.805,2.147,0.553,1.722,0.553,1.722,owid,owid,owid,0.1250565355042967,0.48552691090004524,0.3894165535956581,False,False,False
Moldova,MDA,2014,3342715.0,4.755,1.423,-0.144,-2.943,2.176,0.363,1.751,0.363,1.751,owid,owid,owid,0.0846153846153846,0.5072261072261073,0.4081585081585081,False,False,False
Moldova,MDA,2015,3287168.0,4.785,1.456,0.03,0.629,2.29,0.37,1.682,0.37,1.682,owid,owid,owid,0.08521418701059419,0.5274067250115154,0.38737908797789034,False,False,False
Moldova,MDA,2016,3237798.0,4.907,1.516,0.122,2.555,2.464,0.282,1.727,0.282,1.727,owid,owid,owid,0.0630449362843729,0.5508607198748043,0.38609434384082275,False,False,False
Moldova,MDA,2017,3193500.0,5.09,1.594,0.183,3.731,2.554,0.403,1.726,0.403,1.726,owid,owid,owid,0.08605594704249414,0.5453768951526798,0.36856715780482596,False,False,False
Moldova,MDA,2018,3153779.0,5.351,1.697,0.261,5.124,2.667,0.293,1.876,0.293,1.876,owid,owid,owid,0.06058726220016542,0.5514888337468982,0.38792390405293625,False,False,False
Moldova,MDA,2019,3112561.0,5.378,1.728,0.027,0.507,2.75,0.367,1.734,0.367,1.734,owid,owid,owid,0.0756545042259328,0.5668934240362812,0.35745207173778604,False,False,False
Moldova,MDA,2020,3069135.0,5.113,1.666,-0.265,-4.931,2.59,0.286,1.766,0.286,1.766,owid,owid,owid,0.06161137440758294,0.5579491598448945,0.3804394657475227,False,False,False
Moldova,MDA,2021,3023780.0,5.76,1.905,0.647,12.652,2.891,0.337,2.019,0.337,2.019,owid,owid,owid,0.06422717743472461,0.5509815132456642,0.38479130931961125,False,False,False
Mongolia,MNG,1992,2239130.0,10.943,4.887,-1.017,-8.505,1.7,9.194,0.0,9.194,0.0,owid,gcb,owid,0.8439507986047367,0.15604920139526343,0.0,False,False,False
Mongolia,MNG,1993,2273515.0,9.193,4.044,-1.75,-15.989,1.575,7.592,0.0,7.592,0.0,owid,gcb,owid,0.8281880658885131,0.17181193411148685,0.0,False,False,False
Mongolia,MNG,1994,2305743.0,7.865,3.411,-1.328,-14.448,1.033,6.8,0.0,6.8,0.0,owid,gcb,owid,0.8681220477467125,0.13187795225328736,0.0,False,False,False
Mongolia,MNG,1995,2335717.0,7.837,3.355,-0.028,-0.352,0.956,6.841,0.0,6.841,0.0,owid,gcb,owid,0.8773887392586892,0.12261126074131075,0.0,False,False,False
Mongolia,MNG,1996,2363469.0,7.935,3.358,0.098,1.255,1.066,6.83,0.0,6.83,0.0,owid,gcb,owid,0.8649949341438703,0.1350050658561297,0.0,False,False,False
Mongolia,MNG,1997,2389133.0,7.615,3.187,-0.32,-4.036,1.048,6.525,0.0,6.525,0.0,owid,gcb,owid,0.8616136273603592,0.13838637263964082,0.0,False,False,False
Mongolia,MNG,1998,2412793.0,7.622,3.159,0.006,0.084,1.147,6.434,0.0,6.434,0.0,owid,gcb,owid,0.8487006991162116,0.1512993008837884,0.0,False,False,False
Mongolia,MNG,1999,2434041.0,7.488,3.076,-0.134,-1.757,1.15,6.298,0.0,6.298,0.0,owid,gcb,owid,0.8455961331901181,0.15440386680988183,0.0,False,False,False
Mongolia,MNG,2000,2455182.0,7.432,3.027,-0.056,-0.744,1.261,6.137,0.0,6.137,0.0,owid,gcb,owid,0.8295485266288186,0.17045147337118138,0.0,False,False,False
Mongolia,MNG,2001,2477704.0,7.804,3.15,0.372,5.007,1.422,6.356,0.0,6.356,0.0,owid,gcb,owid,0.8171766520956545,0.1828233479043456,0.0,False,False,False
Mongolia,MNG,2002,2500074.0,8.197,3.279,0.393,5.031,1.367,6.775,0.0,6.775,0.0,owid,gcb,owid,0.8321051338737412,0.16789486612625892,0.0,False,False,False
Mongolia,MNG,2003,2521809.0,7.935,3.146,-0.262,-3.196,1.491,6.383,0.0,6.383,0.0,owid,gcb,owid,0.8106426212852426,0.18935737871475744,0.0,False,False,False
Mongolia,MNG,2004,2542801.0,8.501,3.343,0.567,7.14,1.652,6.793,0.0,6.793,0.0,owid,gcb,owid,0.8043812907045589,0.19561870929544106,0.0,False,False,False
Mongolia,MNG,2005,2563466.0,8.515,3.322,0.014,0.165,1.63,6.811,0.0,6.811,0.0,owid,gcb,owid,0.806894917663784,0.1931050823362161,0.0,False,False,False
Mongolia,MNG,2006,2584761.0,9.281,3.591,0.766,8.997,1.821,7.372,0.0,7.372,0.0,owid,gcb,owid,0.8019145001631677,0.19808549983683238,0.0,False,False,False
Mongolia,MNG,2007,2607976.0,11.958,4.585,2.677,28.84,2.275,9.57,0.0,9.57,0.0,owid,gcb,owid,0.8079358379062895,0.1920641620937104,0.0,False,False,False
Mongolia,MNG,2008,2634431.0,11.918,4.524,-0.04,-0.335,2.458,9.337,0.0,9.337,0.0,owid,gcb,owid,0.7916066129715981,0.20839338702840188,0.0,False,False,False
Mongolia,MNG,2009,2665333.0,13.03,4.889,1.112,9.333,2.283,10.648,0.0,10.648,0.0,owid,gcb,owid,0.8234475291934112,0.1765524708065888,0.0,False,False,False
Mongolia,MNG,2010,2701739.0,13.772,5.098,0.742,5.697,2.421,11.18,0.0,11.18,0.0,owid,gcb,owid,0.8219983824718771,0.17800161752812294,0.0,False,False,False
Mongolia,MNG,2011,2745183.0,21.368,7.784,7.595,55.15,3.005,18.206,0.0,18.206,0.0,owid,gcb,owid,0.8583282259205129,0.14167177407948706,0.0,False,False,False
Mongolia,MNG,2012,2795463.0,34.996,12.519,13.628,63.78,3.433,31.394,0.0,31.394,0.0,owid,gcb,owid,0.9014270537226864,0.09857294627731358,0.0,False,False,False
Mongolia,MNG,2013,2851887.0,43.478,15.245,8.482,24.236,3.576,39.791,0.0,39.791,0.0,owid,gcb,owid,0.9175409873867226,0.08245901261327739,0.0,False,False,False
Mongolia,MNG,2014,2913041.0,29.63,10.171,-13.848,-31.851,3.408,26.014,0.0,26.014,0.0,owid,gcb,owid,0.8841683094283189,0.11583169057168105,0.0,False,False,False
Mongolia,MNG,2015,2976528.0,23.279,7.821,-6.351,-21.435,3.367,19.694,0.0,19.694,0.0,owid,gcb,owid,0.8539959238541259,0.146004076145874,0.0,False,False,False
Mongolia,MNG,2016,3040815.0,25.629,8.428,2.35,10.097,2.888,22.533,0.0,22.533,0.0,owid,gcb,owid,0.8863931395303096,0.11360686046969042,0.0,False,False,False
Mongolia,MNG,2017,3104371.0,34.139,10.997,8.51,33.204,3.759,30.074,0.0,30.074,0.0,owid,gcb,owid,0.8888954570980996,0.11110454290190051,0.0,False,False,False
Mongolia,MNG,2018,3167714.0,45.319,14.307,11.18,32.749,3.957,40.945,0.0,40.945,0.0,owid,gcb,owid,0.9118747494543673,0.08812525054563271,0.0,False,False,False
Mongolia,MNG,2019,3232118.0,47.119,14.578,1.8,3.971,4.994,41.638,0.0,41.638,0.0,owid,gcb,owid,0.8929061588608681,0.10709384113913192,0.0,False,False,False
Mongolia,MNG,2020,3290786.0,42.478,12.908,-4.641,-9.851,4.961,36.992,0.0,36.992,0.0,owid,gcb,owid,0.8817486234595857,0.11825137654041429,0.0,False,False,False
Mongolia,MNG,2021,3339676.0,35.972,10.771,-6.506,-15.316,4.804,30.594,0.0,30.594,0.0,owid,gcb,owid,0.8642861178597661,0.13571388214023392,0.0,False,False,False
Montenegro,MNE,1992,626030.0,1.671,2.67,0.108,6.931,0.326,1.345,0.0,1.345,0.0,owid,gcb,owid,0.8049072411729503,0.19509275882704968,0.0,False,False,False
Montenegro,MNE,1993,628107.0,1.458,2.321,-0.214,-12.786,0.238,1.219,0.0,1.219,0.0,owid,gcb,owid,0.8366506520247083,0.1633493479752917,0.0,False,False,False
Montenegro,MNE,1994,629890.0,1.416,2.248,-0.042,-2.848,0.217,1.199,0.0,1.199,0.0,owid,gcb,owid,0.8467514124293785,0.15324858757062146,0.0,False,False,False
Montenegro,MNE,1995,631386.0,1.496,2.369,0.08,5.624,0.231,1.265,0.0,1.265,0.0,owid,gcb,owid,0.8455882352941175,0.15441176470588236,0.0,False,False,False
Montenegro,MNE,1996,632625.0,1.75,2.766,0.254,16.972,0.471,1.278,0.0,1.278,0.0,owid,gcb,owid,0.7307032590051458,0.2692967409948542,0.0,False,False,False
Montenegro,MNE,1997,633539.0,1.881,2.969,0.132,7.522,0.629,1.252,0.0,1.252,0.0,owid,gcb,owid,0.6656034024455078,0.3343965975544923,0.0,False,False,False
Montenegro,MNE,1998,634099.0,1.98,3.123,0.099,5.258,0.557,1.424,0.0,1.424,0.0,owid,gcb,owid,0.7188288743059061,0.2811711256940939,0.0,False,False,False
Montenegro,MNE,1999,634280.0,1.365,2.153,-0.615,-31.04,0.274,1.092,0.0,1.092,0.0,owid,gcb,owid,0.7994143484626647,0.2005856515373353,0.0,False,False,False
Montenegro,MNE,2000,634198.0,1.516,2.39,0.15,10.99,0.26,1.256,0.0,1.256,0.0,owid,gcb,owid,0.8284960422163589,0.17150395778364116,0.0,False,False,False
Montenegro,MNE,2001,634001.0,1.627,2.566,0.112,7.359,0.46,1.167,0.0,1.167,0.0,owid,gcb,owid,0.7172710510141365,0.28272894898586354,0.0,False,False,False
Montenegro,MNE,2002,633767.0,1.74,2.746,0.113,6.971,0.528,1.213,0.0,1.213,0.0,owid,gcb,owid,0.6967260195290064,0.3032739804709937,0.0,False,False,False
Montenegro,MNE,2003,633563.0,1.863,2.941,0.123,7.055,0.586,1.278,0.0,1.278,0.0,owid,gcb,owid,0.6856223175965666,0.3143776824034335,0.0,False,False,False
Montenegro,MNE,2004,633756.0,2.034,3.21,0.171,9.168,0.69,1.344,0.0,1.344,0.0,owid,gcb,owid,0.6607669616519175,0.3392330383480826,0.0,False,False,False
Montenegro,MNE,2005,634059.0,1.934,3.05,-0.1,-4.911,0.801,1.134,0.0,1.134,0.0,owid,gcb,owid,0.5860465116279069,0.41395348837209306,0.0,False,False,False
Montenegro,MNE,2006,633876.0,2.063,3.254,0.129,6.652,0.806,1.257,0.0,1.257,0.0,owid,gcb,owid,0.6093068347067377,0.3906931652932623,0.0,False,False,False
Montenegro,MNE,2007,633388.0,2.056,3.245,-0.007,-0.355,1.031,1.024,0.0,1.024,0.0,owid,gcb,owid,0.49829683698296845,0.5017031630170317,0.0,False,False,False
Montenegro,MNE,2008,632855.0,2.605,4.116,0.55,26.738,1.093,1.512,0.0,1.512,0.0,owid,gcb,owid,0.58042226487524,0.41957773512476004,0.0,False,False,False
Montenegro,MNE,2009,632445.0,1.682,2.659,-0.923,-35.443,0.865,0.817,0.0,0.817,0.0,owid,gcb,owid,0.48573127229488705,0.514268727705113,0.0,False,False,False
Montenegro,MNE,2010,632088.0,2.422,3.832,0.74,44.009,0.799,1.623,0.0,1.623,0.0,owid,gcb,owid,0.6701073492981007,0.32989265070189927,0.0,False,False,False
Montenegro,MNE,2011,632689.0,2.407,3.805,-0.015,-0.605,0.73,1.677,0.0,1.677,0.0,owid,gcb,owid,0.6967179061071874,0.30328209389281263,0.0,False,False,False
Montenegro,MNE,2012,633546.0,2.213,3.493,-0.194,-8.067,0.707,1.506,0.0,1.506,0.0,owid,gcb,owid,0.6805241753276096,0.3194758246723904,0.0,False,False,False
Montenegro,MNE,2013,633199.0,2.151,3.397,-0.062,-2.815,0.7,1.451,0.0,1.451,0.0,owid,gcb,owid,0.6745699674569968,0.3254300325430033,0.0,False,False,False
Montenegro,MNE,2014,631377.0,2.107,3.337,-0.044,-2.044,0.689,1.418,0.0,1.418,0.0,owid,gcb,owid,0.6729947793070717,0.32700522069292837,0.0,False,False,False
Montenegro,MNE,2015,628145.0,2.239,3.564,0.132,6.261,0.744,1.495,0.0,1.495,0.0,owid,gcb,owid,0.6677087985707906,0.3322912014292095,0.0,False,False,False
Montenegro,MNE,2016,624246.0,2.015,3.228,-0.224,-9.984,0.832,1.183,0.0,1.183,0.0,owid,gcb,owid,0.5870967741935483,0.41290322580645156,0.0,False,False,False
Montenegro,MNE,2017,620112.0,2.103,3.392,0.088,4.364,0.901,1.202,0.0,1.202,0.0,owid,gcb,owid,0.5715644317641465,0.4284355682358536,0.0,False,False,False
Montenegro,MNE,2018,615798.0,2.404,3.903,0.3,14.286,0.978,1.425,0.0,1.425,0.0,owid,gcb,owid,0.5930087390761548,0.4069912609238452,0.0,False,False,False
Montenegro,MNE,2019,611671.0,2.477,4.049,0.073,3.049,1.022,1.455,0.0,1.455,0.0,owid,gcb,owid,0.5874041178845377,0.4125958821154622,0.0,False,False,False
Montenegro,MNE,2020,607934.0,2.404,3.954,-0.073,-2.959,0.89,1.513,0.0,1.513,0.0,owid,gcb,owid,0.6296296296296295,0.37037037037037035,0.0,False,False,False
Montenegro,MNE,2021,603854.0,2.411,3.993,0.007,0.305,1.085,1.326,0.0,1.326,0.0,owid,gcb,owid,0.5499792617171299,0.45002073828287015,0.0,False,False,False
Montserrat,MSR,1992,10013.0,0.029,2.927,0.0,0.0,0.029,0.0,0.0,0.0,0.0,gcb,gcb,owid,0.0,1.0,0.0,True,False,False
Montserrat,MSR,1993,9454.0,0.029,3.1,0.0,0.0,0.029,0.0,0.0,0.0,0.0,gcb,gcb,owid,0.0,1.0,0.0,True,False,False
Montserrat,MSR,1994,8867.0,0.033,3.719,0.004,12.5,0.033,0.0,0.0,0.0,0.0,gcb,gcb,owid,0.0,1.0,0.0,True,False,False
Montserrat,MSR,1995,8257.0,0.033,3.994,0.0,0.0,0.033,0.0,0.0,0.0,0.0,gcb,gcb,owid,0.0,1.0,0.0,True,False,False
Montserrat,MSR,1996,7626.0,0.037,4.805,0.004,11.111,0.037,0.0,0.0,0.0,0.0,gcb,gcb,owid,0.0,1.0,0.0,True,False,False
Montserrat,MSR,1997,6979.0,0.033,4.725,-0.004,-10.0,0.033,0.0,0.0,0.0,0.0,gcb,gcb,owid,0.0,1.0,0.0,True,False,False
Montserrat,MSR,1998,6321.0,0.029,4.637,-0.004,-11.111,0.029,0.0,0.0,0.0,0.0,gcb,gcb,owid,0.0,1.0,0.0,True,False,False
Montserrat,MSR,1999,5685.0,0.037,6.445,0.007,25.0,0.037,0.0,0.0,0.0,0.0,gcb,gcb,owid,0.0,1.0,0.0,True,False,False
Montserrat,MSR,2000,5053.0,0.026,5.076,-0.011,-30.0,0.026,0.0,0.0,0.0,0.0,gcb,gcb,owid,0.0,1.0,0.0,True,False,False
Montserrat,MSR,2001,4616.0,0.026,5.556,0.0,0.0,0.026,0.0,0.0,0.0,0.0,gcb,gcb,owid,0.0,1.0,0.0,True,False,False
Montserrat,MSR,2002,4500.0,0.044,9.771,0.018,71.429,0.044,0.0,0.0,0.0,0.0,gcb,gcb,owid,0.0,1.0,0.0,True,False,False
Montserrat,MSR,2003,4515.0,0.037,8.115,-0.007,-16.667,0.037,0.0,0.0,0.0,0.0,gcb,gcb,owid,0.0,1.0,0.0,True,False,False
Montserrat,MSR,2004,4541.0,0.048,10.489,0.011,30.0,0.048,0.0,0.0,0.0,0.0,gcb,gcb,owid,0.0,1.0,0.0,True,False,False
Montserrat,MSR,2005,4574.0,0.04,8.812,-0.007,-15.385,0.04,0.0,0.0,0.0,0.0,gcb,gcb,owid,0.0,1.0,0.0,True,False,False
Montserrat,MSR,2006,4606.0,0.04,8.75,0.0,0.0,0.04,0.0,0.0,0.0,0.0,gcb,gcb,owid,0.0,1.0,0.0,True,False,False
Montserrat,MSR,2007,4649.0,0.04,8.669,0.0,0.0,0.04,0.0,0.0,0.0,0.0,gcb,gcb,owid,0.0,1.0,0.0,True,False,False
Montserrat,MSR,2008,4700.0,0.044,9.355,0.004,9.091,0.044,0.0,0.0,0.0,0.0,gcb,gcb,owid,0.0,1.0,0.0,True,False,False
Montserrat,MSR,2009,4759.0,0.044,9.239,0.0,0.0,0.044,0.0,0.0,0.0,0.0,gcb,gcb,owid,0.0,1.0,0.0,True,False,False
Montserrat,MSR,2010,4819.0,0.059,12.165,0.015,33.333,0.059,0.0,0.0,0.0,0.0,gcb,gcb,owid,0.0,1.0,0.0,True,False,False
Montserrat,MSR,2011,4846.0,0.037,7.561,-0.022,-37.5,0.037,0.0,0.0,0.0,0.0,gcb,gcb,owid,0.0,1.0,0.0,True,False,False
Montserrat,MSR,2012,4822.0,0.04,8.358,0.004,10.0,0.04,0.0,0.0,0.0,0.0,gcb,gcb,owid,0.0,1.0,0.0,True,False,False
Montserrat,MSR,2013,4774.0,0.051,10.745,0.011,27.273,0.051,0.0,0.0,0.0,0.0,gcb,gcb,owid,0.0,1.0,0.0,True,False,False
Montserrat,MSR,2014,4738.0,0.044,9.28,-0.007,-14.286,0.044,0.0,0.0,0.0,0.0,gcb,gcb,owid,0.0,1.0,0.0,True,False,False
Montserrat,MSR,2015,4693.0,0.051,10.93,0.007,16.667,0.051,0.0,0.0,0.0,0.0,gcb,gcb,owid,0.0,1.0,0.0,True,False,False
Montserrat,MSR,2016,4665.0,0.029,6.283,-0.022,-42.857,0.029,0.0,0.0,0.0,0.0,gcb,gcb,owid,0.0,1.0,0.0,True,False,False
Montserrat,MSR,2017,4624.0,0.026,5.547,-0.004,-12.5,0.026,0.0,0.0,0.0,0.0,gcb,gcb,owid,0.0,1.0,0.0,True,False,False
Montserrat,MSR,2018,4595.0,0.029,6.379,0.004,14.286,0.029,0.0,0.0,0.0,0.0,gcb,gcb,owid,0.0,1.0,0.0,True,False,False
Montserrat,MSR,2019,4564.0,0.026,5.62,-0.004,-12.5,0.026,0.0,0.0,0.0,0.0,gcb,gcb,owid,0.0,1.0,0.0,True,False,False
Montserrat,MSR,2020,4532.0,0.022,4.851,-0.004,-14.286,0.022,0.0,0.0,0.0,0.0,gcb,gcb,owid,0.0,1.0,0.0,True,False,False
Montserrat,MSR,2021,4505.0,0.022,4.88,0.0,0.0,0.022,0.0,0.0,0.0,0.0,gcb,gcb,owid,0.0,1.0,0.0,True,False,False
Morocco,MAR,1992,25212469.0,24.737,0.981,1.049,4.427,17.76,4.184,0.048,4.184,0.048,owid,owid,owid,0.19025100036376863,0.8075663877773737,0.0021826118588577663,False,False,False
Morocco,MAR,1993,25614586.0,26.782,1.046,2.045,8.269,19.24,4.763,0.048,4.763,0.048,owid,owid,owid,0.19803750363810238,0.7999667373497983,0.001995759012099289,False,False,False
Morocco,MAR,1994,26000824.0,28.124,1.082,1.342,5.009,20.057,5.309,0.044,5.309,0.044,owid,owid,owid,0.20893349075167258,0.7893349075167256,0.0017316017316017314,False,False,False
Morocco,MAR,1995,26399431.0,28.75,1.089,0.626,2.228,19.693,6.314,0.026,6.314,0.026,owid,owid,owid,0.242538316751815,0.7564629508700496,0.0009987323781354433,False,False,False
Morocco,MAR,1996,26808109.0,29.525,1.101,0.774,2.693,18.663,8.051,0.033,8.051,0.033,owid,owid,owid,0.30100572026769357,0.6977604965042808,0.001233783228025573,False,False,False
Morocco,MAR,1997,27213340.0,29.978,1.102,0.453,1.535,19.197,7.682,0.066,7.682,0.066,owid,owid,owid,0.2850992763035814,0.7124512896641307,0.0024494340322879947,False,False,False
Morocco,MAR,1998,27621638.0,30.881,1.118,0.904,3.014,19.159,8.57,0.066,8.57,0.066,owid,owid,owid,0.3083288361216046,0.689296636085627,0.0023745277927684836,False,False,False
Morocco,MAR,1999,28027188.0,31.989,1.141,1.108,3.589,20.5,8.299,0.077,8.299,0.077,owid,owid,owid,0.28740130211940706,0.7099321235628203,0.0026665743177725445,False,False,False
Morocco,MAR,2000,28423439.0,33.199,1.168,1.21,3.782,19.756,10.028,0.088,10.028,0.088,owid,owid,owid,0.3356989823245849,0.6613551151580075,0.0029459025174076057,False,False,False
Morocco,MAR,2001,28814646.0,36.809,1.277,3.61,10.873,19.872,12.774,0.084,12.774,0.084,owid,owid,owid,0.3902841429880842,0.6071494042163152,0.0025664527956003663,False,False,False
Morocco,MAR,2002,29198146.0,37.31,1.278,0.501,1.36,19.987,13.106,0.084,13.106,0.084,owid,owid,owid,0.3950327033788468,0.6024354221297886,0.0025318744913645,False,False,False
Morocco,MAR,2003,29571415.0,36.57,1.237,-0.739,-1.982,20.071,12.234,0.081,12.234,0.081,owid,owid,owid,0.3777558204162292,0.619743098869882,0.0025010807138887174,False,False,False
Morocco,MAR,2004,29953021.0,42.226,1.41,5.655,15.465,24.043,13.689,0.099,13.689,0.099,owid,owid,owid,0.36184610504612624,0.635536993470963,0.0026169014829108407,False,False,False
Morocco,MAR,2005,30358145.0,44.661,1.471,2.435,5.767,25.344,14.084,0.868,14.084,0.868,owid,owid,owid,0.3495135993647012,0.6289458010720668,0.021540599563232083,False,False,False
Morocco,MAR,2006,30771179.0,46.249,1.503,1.589,3.557,25.983,14.699,1.095,14.699,1.095,owid,owid,owid,0.3518443162505685,0.6219450894032602,0.02621059434617134,False,False,False
Morocco,MAR,2007,31186468.0,48.913,1.568,2.663,5.759,27.588,15.078,1.242,15.078,1.242,owid,owid,owid,0.34339983602077073,0.6283137469253895,0.02828641705383985,False,False,False
Morocco,MAR,2008,31606769.0,51.372,1.625,2.46,5.029,30.681,14.122,1.114,14.122,1.114,owid,owid,owid,0.30755493608031886,0.6681838970316006,0.024261166888080672,False,False,False
Morocco,MAR,2009,32030779.0,50.86,1.588,-0.513,-0.998,30.884,13.168,1.209,13.168,1.209,owid,owid,owid,0.29093480038001807,0.6823534610370959,0.02671173858288593,False,False,False
Morocco,MAR,2010,32467009.0,54.365,1.674,3.505,6.892,34.478,13.223,1.304,13.223,1.304,owid,owid,owid,0.2698296092235486,0.7035608611366188,0.02660952963983267,False,False,False
Morocco,MAR,2011,32912585.0,54.868,1.667,0.502,0.924,36.574,11.465,1.638,11.465,1.638,owid,owid,owid,0.23079090927390947,0.7362360851098093,0.03297300561628117,False,False,False
Morocco,MAR,2012,33355246.0,56.954,1.707,2.086,3.802,37.258,11.462,2.396,11.462,2.396,owid,owid,owid,0.22423507316691446,0.7288911495422178,0.04687377729086783,False,False,False
Morocco,MAR,2013,33787573.0,56.606,1.675,-0.347,-0.609,36.973,11.212,2.349,11.212,2.349,owid,owid,owid,0.22187042387303593,0.7316460205010487,0.046483555625915225,False,False,False
Morocco,MAR,2014,34204784.0,57.175,1.672,0.568,1.004,34.458,15.3,2.246,15.3,2.246,owid,owid,owid,0.29420813783555116,0.6626028767017922,0.04318898546265672,False,False,False
Morocco,MAR,2015,34607590.0,58.499,1.69,1.324,2.316,34.079,16.847,2.323,16.847,2.323,owid,owid,owid,0.31638152829161115,0.6399932393096583,0.04362523239873049,False,False,False
Morocco,MAR,2016,35023459.0,58.457,1.669,-0.041,-0.071,34.654,16.235,2.363,16.235,2.363,owid,owid,owid,0.30487117854728457,0.6507549012243672,0.044373920228348226,False,False,False
Morocco,MAR,2017,35446395.0,61.104,1.724,2.646,4.527,36.828,16.875,2.345,16.875,2.345,owid,owid,owid,0.30108121610048527,0.6570796460176992,0.04183913788181559,False,False,False
Morocco,MAR,2018,35839760.0,62.315,1.739,1.211,1.982,35.792,19.519,2.114,19.519,2.114,owid,owid,owid,0.339904222899434,0.6232825424466696,0.03681323465389639,False,False,False
Morocco,MAR,2019,36210907.0,68.743,1.898,6.429,10.316,36.479,25.263,2.004,25.263,2.004,owid,owid,owid,0.39630721927650364,0.5722555140714711,0.031437266652025224,False,False,False
Morocco,MAR,2020,36584208.0,64.542,1.764,-4.202,-6.112,33.152,25.355,1.557,25.355,1.557,owid,owid,owid,0.42213305807139045,0.5519445924347363,0.025922349493873197,False,False,False
Morocco,MAR,2021,36954443.0,70.275,1.902,5.733,8.883,36.986,26.592,1.557,26.592,1.557,owid,owid,owid,0.40825976817379295,0.56783603285484,0.023904198971367162,False,False,False
Mozambique,MOZ,1992,13613314.0,1.027,0.075,0.086,9.107,0.857,0.158,0.0,0.158,0.0,owid,owid,owid,0.15566502463054188,0.8443349753694582,0.0,False,False,False
Mozambique,MOZ,1993,14051203.0,1.14,0.081,0.113,11.012,0.974,0.158,0.0,0.158,0.0,owid,owid,owid,0.13957597173144878,0.8604240282685512,0.0,False,False,False
Mozambique,MOZ,1994,15033852.0,1.098,0.073,-0.042,-3.709,0.916,0.158,0.0,0.158,0.0,owid,owid,owid,0.14711359404096833,0.8528864059590316,0.0,False,False,False
Mozambique,MOZ,1995,15960530.0,1.131,0.071,0.033,3.0,0.956,0.15,0.0,0.15,0.0,owid,owid,owid,0.135623869801085,0.8643761301989151,0.0,False,False,False
Mozambique,MOZ,1996,16492484.0,1.092,0.066,-0.039,-3.462,0.953,0.066,0.0,0.066,0.0,owid,owid,owid,0.06476938174681061,0.9352306182531894,0.0,False,False,False
Mozambique,MOZ,1997,16949988.0,1.17,0.069,0.078,7.183,1.015,0.066,0.0,0.066,0.0,owid,owid,owid,0.06105457909343201,0.938945420906568,0.0,False,False,False
Mozambique,MOZ,1998,17340463.0,1.112,0.064,-0.058,-4.985,1.026,0.0,0.0,0.0,0.0,owid,owid,owid,0.0,1.0,0.0,False,False,False
Mozambique,MOZ,1999,17734499.0,1.168,0.066,0.056,5.077,1.081,0.0,0.0,0.0,0.0,owid,owid,owid,0.0,1.0,0.0,False,False,False
Mozambique,MOZ,2000,18129652.0,1.322,0.073,0.154,13.147,1.213,0.0,0.0,0.0,0.0,owid,owid,owid,0.0,1.0,0.0,False,False,False
Mozambique,MOZ,2001,18537735.0,1.554,0.084,0.232,17.554,1.444,0.0,0.004,0.0,0.004,owid,owid,owid,0.0,0.9972375690607734,0.0027624309392265197,False,False,False
Mozambique,MOZ,2002,18958338.0,1.537,0.081,-0.017,-1.09,1.337,0.0,0.004,0.0,0.004,owid,owid,owid,0.0,0.9970171513795675,0.0029828486204325133,False,False,False
Mozambique,MOZ,2003,19392477.0,1.856,0.096,0.318,20.719,1.612,0.0,0.004,0.0,0.004,owid,owid,owid,0.0,0.9975247524752475,0.0024752475247524753,False,False,False
Mozambique,MOZ,2004,19840312.0,1.864,0.094,0.008,0.456,1.638,0.0,0.007,0.0,0.007,owid,owid,owid,0.0,0.9957446808510639,0.004255319148936171,False,False,False
Mozambique,MOZ,2005,20304577.0,1.77,0.087,-0.094,-5.058,1.436,0.0,0.139,0.0,0.139,owid,owid,owid,0.0,0.9117460317460317,0.08825396825396827,False,False,False
Mozambique,MOZ,2006,20787088.0,1.916,0.092,0.146,8.246,1.517,0.0,0.161,0.0,0.161,owid,owid,owid,0.0,0.9040524433849821,0.09594755661501789,False,False,False
Mozambique,MOZ,2007,21287638.0,2.189,0.103,0.273,14.268,1.836,0.026,0.07,0.026,0.07,owid,owid,owid,0.013457556935817804,0.9503105590062111,0.036231884057971016,False,False,False
Mozambique,MOZ,2008,21819037.0,2.18,0.1,-0.009,-0.415,1.751,0.026,0.117,0.026,0.117,owid,owid,owid,0.013727560718057022,0.9244984160506864,0.06177402323125661,False,False,False
Mozambique,MOZ,2009,22391751.0,2.439,0.109,0.259,11.889,1.964,0.026,0.15,0.026,0.15,owid,owid,owid,0.012149532710280372,0.9177570093457943,0.07009345794392523,False,False,False
Mozambique,MOZ,2010,22999234.0,2.638,0.115,0.199,8.144,2.117,0.026,0.154,0.026,0.154,owid,owid,owid,0.01131911188506748,0.9216369177187638,0.06704397039616893,False,False,False
Mozambique,MOZ,2011,23649045.0,3.107,0.131,0.469,17.781,2.426,0.125,0.183,0.125,0.183,owid,owid,owid,0.0457205559619605,0.8873445501097293,0.06693489392831017,False,False,False
Mozambique,MOZ,2012,24337849.0,3.052,0.125,-0.055,-1.767,2.313,0.04,0.172,0.04,0.172,owid,owid,owid,0.01584158415841584,0.916039603960396,0.06811881188118811,False,False,False
Mozambique,MOZ,2013,25051613.0,3.579,0.143,0.527,17.266,2.675,0.037,0.355,0.037,0.355,owid,owid,owid,0.012063906097163353,0.8721878056732963,0.11574828822954027,False,False,False
Mozambique,MOZ,2014,25788473.0,8.118,0.315,4.54,126.856,5.364,0.821,1.326,0.821,1.326,owid,owid,owid,0.10930635068566104,0.7141525762215418,0.17654107309279726,False,False,False
Mozambique,MOZ,2015,26547576.0,6.731,0.254,-1.388,-17.095,3.934,0.433,1.741,0.433,1.741,owid,owid,owid,0.07089063523248199,0.6440733464309103,0.28503601833660774,False,False,False
Mozambique,MOZ,2016,27337107.0,8.548,0.313,1.817,26.999,6.009,0.051,1.535,0.051,1.535,owid,owid,owid,0.006714944042132982,0.7911784068466096,0.2021066491112574,False,False,False
Mozambique,MOZ,2017,28166397.0,6.905,0.245,-1.642,-19.214,4.335,0.026,1.612,0.026,1.612,owid,owid,owid,0.004352921479993303,0.7257659467604219,0.26988113175958484,False,False,False
Mozambique,MOZ,2018,29018647.0,7.01,0.242,0.105,1.517,4.388,0.062,1.617,0.062,1.617,owid,owid,owid,0.01021921872424592,0.7232569639030823,0.26652381737267183,False,False,False
Mozambique,MOZ,2019,29884378.0,7.097,0.237,0.087,1.246,4.276,0.044,1.729,0.044,1.729,owid,owid,owid,0.007273929575136387,0.7068937014382543,0.2858323689866094,False,False,False
Mozambique,MOZ,2020,30783685.0,6.34,0.206,-0.757,-10.667,3.556,0.077,1.661,0.077,1.661,owid,owid,owid,0.014544767661503588,0.6717038156403475,0.3137514166981488,False,False,False
Mozambique,MOZ,2021,31707798.0,7.722,0.244,1.382,21.792,4.847,0.026,1.803,0.026,1.803,owid,owid,owid,0.003894547633313361,0.726033553025764,0.2700718993409227,False,False,False
Myanmar,MMR,1992,40950342.0,4.842,0.118,0.704,17.028,2.906,0.121,1.616,0.121,1.616,owid,owid,owid,0.026060736592720218,0.6258884342020244,0.3480508292052552,False,False,False
Myanmar,MMR,1993,41502423.0,5.303,0.128,0.461,9.523,3.081,0.051,1.993,0.051,1.993,owid,owid,owid,0.009951219512195122,0.601170731707317,0.3888780487804878,False,False,False
Myanmar,MMR,1994,42055150.0,6.174,0.147,0.871,16.423,3.451,0.04,2.492,0.04,2.492,owid,owid,owid,0.0066856092261407315,0.5768009359852916,0.41651345478856755,False,False,False
Myanmar,MMR,1995,42605343.0,6.893,0.162,0.719,11.64,3.829,0.066,2.788,0.066,2.788,owid,owid,owid,0.009875804279515189,0.5729462816100555,0.4171779141104294,False,False,False
Myanmar,MMR,1996,43154858.0,7.188,0.167,0.295,4.285,3.909,0.048,3.026,0.048,3.026,owid,owid,owid,0.006873836459974224,0.5597880567091508,0.433338106830875,False,False,False
Myanmar,MMR,1997,43708802.0,7.42,0.17,0.232,3.223,3.889,0.051,3.27,0.051,3.27,owid,owid,owid,0.007073509015256588,0.5393897364771151,0.4535367545076283,False,False,False
Myanmar,MMR,1998,44257793.0,8.046,0.182,0.627,8.444,4.673,0.055,3.15,0.055,3.15,owid,owid,owid,0.006981467377506981,0.5931708555470931,0.3998476770753998,False,False,False
Myanmar,MMR,1999,44787727.0,8.934,0.199,0.887,11.029,5.423,0.366,2.979,0.366,2.979,owid,owid,owid,0.041742700729927,0.6184990875912408,0.3397582116788321,False,False,False
Myanmar,MMR,2000,45290850.0,10.219,0.226,1.286,14.392,5.91,1.359,2.741,1.359,2.741,owid,owid,owid,0.13576423576423577,0.5904095904095904,0.27382617382617386,False,False,False
Myanmar,MMR,2001,45771140.0,8.856,0.193,-1.364,-13.344,4.869,1.565,2.224,1.565,2.224,owid,owid,owid,0.18075768075768076,0.5623700623700624,0.2568722568722569,False,False,False
Myanmar,MMR,2002,46232656.0,9.328,0.202,0.472,5.334,5.544,1.235,2.301,1.235,2.301,owid,owid,owid,0.13601321585903084,0.6105726872246695,0.25341409691629957,False,False,False
Myanmar,MMR,2003,46667191.0,9.997,0.214,0.669,7.172,6.051,0.601,3.057,0.601,3.057,owid,owid,owid,0.06190132866412607,0.6232361726233392,0.31486249871253474,False,False,False
Myanmar,MMR,2004,47068779.0,12.565,0.267,2.568,25.691,6.41,0.729,5.157,0.729,5.157,owid,owid,owid,0.05928757319453481,0.5213077423552375,0.4194046844502277,False,False,False
Myanmar,MMR,2005,47438362.0,11.548,0.243,-1.018,-8.099,5.247,0.586,5.456,0.586,5.456,owid,owid,owid,0.051908937904154476,0.46478873239436613,0.4833023297014793,False,False,False
Myanmar,MMR,2006,47785141.0,12.817,0.268,1.269,10.992,5.458,0.952,6.135,0.952,6.135,owid,owid,owid,0.07588680749302511,0.43507373455559983,0.48903945795137505,False,False,False
Myanmar,MMR,2007,48125047.0,12.845,0.267,0.028,0.215,5.566,0.821,6.167,0.821,6.167,owid,owid,owid,0.06539748287398439,0.4433646646487176,0.4912378524772981,False,False,False
Myanmar,MMR,2008,48390790.0,9.772,0.202,-3.073,-23.922,5.163,0.649,3.649,0.649,3.649,owid,owid,owid,0.0685973998520241,0.5457139837226509,0.385688616425325,False,False,False
Myanmar,MMR,2009,48660458.0,10.211,0.21,0.439,4.49,3.867,0.608,5.425,0.608,5.425,owid,owid,owid,0.06141414141414142,0.3906060606060607,0.547979797979798,False,False,False
Myanmar,MMR,2010,49024376.0,13.125,0.268,2.914,28.541,7.495,1.231,4.141,1.231,4.141,owid,owid,owid,0.09567109660371494,0.5824978627496696,0.32183104064661533,False,False,False
Myanmar,MMR,2011,49419825.0,15.122,0.306,1.997,15.214,7.667,1.663,5.495,1.663,5.495,owid,owid,owid,0.11217537942664418,0.5171669477234402,0.3706576728499157,False,False,False
Myanmar,MMR,2012,49837451.0,11.826,0.237,-3.296,-21.798,6.062,1.704,3.577,1.704,3.577,owid,owid,owid,0.15022480825178525,0.5344265185577008,0.31534867319051396,False,False,False
Myanmar,MMR,2013,50262658.0,12.715,0.253,0.889,7.519,6.782,1.143,4.203,1.143,4.203,owid,owid,owid,0.09424472295514512,0.5592018469656992,0.3465534300791557,False,False,False
Myanmar,MMR,2014,50681635.0,15.849,0.313,3.135,24.653,9.226,1.158,4.829,1.158,4.829,owid,owid,owid,0.0761191086570696,0.6064550055873267,0.3174258857556037,False,False,False
Myanmar,MMR,2015,51089060.0,21.88,0.428,6.03,38.049,9.622,0.923,10.849,0.923,10.849,owid,owid,owid,0.04314293727213238,0.4497522669907451,0.5071047957371226,False,False,False
Myanmar,MMR,2016,51495701.0,21.144,0.411,-0.736,-3.363,10.897,1.125,8.079,1.125,8.079,owid,owid,owid,0.055967364807721014,0.5421123327197652,0.40192030247251387,False,False,False
Myanmar,MMR,2017,51894939.0,23.633,0.455,2.489,11.773,11.459,1.55,8.465,1.55,8.465,owid,owid,owid,0.07218031107385676,0.5336220545776288,0.39419763434851446,False,False,False
Myanmar,MMR,2018,52272250.0,34.017,0.651,10.383,43.935,20.888,3.25,8.116,3.25,8.116,owid,owid,owid,0.10076269609970855,0.6476095988094499,0.2516277050908414,False,False,False
Myanmar,MMR,2019,52640718.0,33.617,0.639,-0.4,-1.176,19.716,3.931,7.98,3.931,7.98,owid,owid,owid,0.12429253485945552,0.623391406077086,0.25231605906345844,False,False,False
Myanmar,MMR,2020,53016525.0,34.588,0.652,0.971,2.888,19.225,4.327,8.698,4.327,8.698,owid,owid,owid,0.13417054263565892,0.596124031007752,0.2697054263565892,False,False,False
Myanmar,MMR,2021,53387103.0,29.285,0.549,-5.303,-15.332,14.762,2.88,9.046,2.88,9.046,owid,owid,owid,0.1079136690647482,0.5531324940047962,0.3389538369304556,False,False,False
Namibia,NAM,1992,1461324.0,1.14,0.78,0.095,9.123,1.107,0.033,0.0,0.033,0.0,owid,gcb,owid,0.028947368421052635,0.9710526315789474,0.0,False,False,False
Namibia,NAM,1993,1508698.0,1.374,0.911,0.234,20.579,1.136,0.238,0.0,0.238,0.0,owid,gcb,owid,0.17321688500727803,0.826783114992722,0.0,False,False,False
Namibia,NAM,1994,1556315.0,1.557,1.001,0.183,13.332,1.293,0.264,0.0,0.264,0.0,owid,gcb,owid,0.1695568400770713,0.8304431599229287,0.0,False,False,False
Namibia,NAM,1995,1602181.0,1.619,1.011,0.062,4.001,1.576,0.044,0.0,0.044,0.0,owid,gcb,owid,0.02716049382716049,0.9728395061728394,0.0,False,False,False
Namibia,NAM,1996,1646107.0,1.718,1.044,0.099,6.109,1.682,0.037,0.0,0.037,0.0,owid,gcb,owid,0.02152414194299011,0.97847585805701,0.0,False,False,False
Namibia,NAM,1997,1689274.0,1.814,1.074,0.095,5.546,1.784,0.029,0.0,0.029,0.0,owid,gcb,owid,0.015995587424158852,0.9840044125758411,0.0,False,False,False
Namibia,NAM,1998,1732747.0,1.865,1.076,0.051,2.826,1.836,0.029,0.0,0.029,0.0,owid,gcb,owid,0.015549597855227883,0.9844504021447722,0.0,False,False,False
Namibia,NAM,1999,1776371.0,1.74,0.98,-0.125,-6.68,1.726,0.015,0.0,0.015,0.0,owid,gcb,owid,0.00861573808156232,0.9913842619184378,0.0,False,False,False
Namibia,NAM,2000,1818650.0,1.718,0.945,-0.022,-1.263,1.682,0.037,0.0,0.037,0.0,owid,gcb,owid,0.02152414194299011,0.97847585805701,0.0,False,False,False
Namibia,NAM,2001,1857059.0,2.231,1.202,0.513,29.851,2.129,0.103,0.0,0.103,0.0,owid,gcb,owid,0.04614695340501791,0.953853046594982,0.0,False,False,False
Namibia,NAM,2002,1889976.0,1.971,1.043,-0.26,-11.658,1.894,0.077,0.0,0.077,0.0,owid,gcb,owid,0.039066463723997975,0.9609335362760021,0.0,False,False,False
Namibia,NAM,2003,1917469.0,2.092,1.091,0.121,6.134,1.99,0.103,0.0,0.103,0.0,owid,gcb,owid,0.04921165790731008,0.9507883420926899,0.0,False,False,False
Namibia,NAM,2004,1942087.0,2.239,1.153,0.147,7.005,2.121,0.117,0.0,0.117,0.0,owid,gcb,owid,0.05227882037533512,0.9477211796246648,0.0,False,False,False
Namibia,NAM,2005,1966581.0,2.532,1.287,0.293,13.093,2.44,0.092,0.0,0.092,0.0,owid,gcb,owid,0.036334913112164295,0.9636650868878357,0.0,False,False,False
Namibia,NAM,2006,1991890.0,2.524,1.267,-0.007,-0.289,2.308,0.216,0.0,0.216,0.0,owid,gcb,owid,0.08557844690966719,0.9144215530903327,0.0,False,False,False
Namibia,NAM,2007,2018607.0,2.327,1.153,-0.198,-7.837,2.231,0.095,0.0,0.095,0.0,owid,gcb,owid,0.040842648323301804,0.9591573516766981,0.0,False,False,False
Namibia,NAM,2008,2047059.0,2.858,1.396,0.531,22.835,2.583,0.275,0.0,0.275,0.0,owid,gcb,owid,0.09622113365990204,0.903778866340098,0.0,False,False,False
Namibia,NAM,2009,2077400.0,2.66,1.28,-0.198,-6.923,2.473,0.187,0.0,0.187,0.0,owid,gcb,owid,0.07030075187969925,0.9296992481203008,0.0,False,False,False
Namibia,NAM,2010,2109815.0,2.788,1.322,0.128,4.821,2.598,0.191,0.0,0.191,0.0,owid,gcb,owid,0.06848332735747581,0.9315166726425242,0.0,False,False,False
Namibia,NAM,2011,2146331.0,2.786,1.298,-0.003,-0.099,2.506,0.132,0.0,0.132,0.0,owid,gcb,owid,0.05003790750568613,0.9499620924943138,0.0,False,False,False
Namibia,NAM,2012,2194656.0,3.194,1.455,0.409,14.666,2.814,0.158,0.0,0.158,0.0,owid,gcb,owid,0.0531628532974428,0.9468371467025573,0.0,False,False,False
Namibia,NAM,2013,2252505.0,3.004,1.334,-0.19,-5.959,2.601,0.132,0.0,0.132,0.0,owid,gcb,owid,0.048298572996706916,0.9517014270032931,0.0,False,False,False
Namibia,NAM,2014,2312143.0,3.099,1.34,0.095,3.176,2.734,0.062,0.0,0.062,0.0,owid,gcb,owid,0.022174535050071532,0.9778254649499285,0.0,False,False,False
Namibia,NAM,2015,2374305.0,3.394,1.429,0.295,9.503,2.979,0.084,0.0,0.084,0.0,owid,gcb,owid,0.02742409402546523,0.9725759059745347,0.0,False,False,False
Namibia,NAM,2016,2439219.0,3.582,1.469,0.189,5.556,3.188,0.132,0.0,0.132,0.0,owid,gcb,owid,0.03975903614457831,0.9602409638554217,0.0,False,False,False
Namibia,NAM,2017,2506854.0,3.59,1.432,0.007,0.207,3.03,0.154,0.0,0.154,0.0,owid,gcb,owid,0.04836683417085427,0.9516331658291457,0.0,False,False,False
Namibia,NAM,2018,2577327.0,3.635,1.41,0.045,1.266,3.053,0.099,0.0,0.099,0.0,owid,gcb,owid,0.03140862944162436,0.9685913705583755,0.0,False,False,False
Namibia,NAM,2019,2650499.0,3.73,1.407,0.095,2.615,3.078,0.132,0.0,0.132,0.0,owid,gcb,owid,0.041121495327102804,0.9588785046728971,0.0,False,False,False
Namibia,NAM,2020,2728760.0,3.44,1.261,-0.29,-7.765,2.826,0.146,0.0,0.146,0.0,owid,gcb,owid,0.04912516823687752,0.9508748317631225,0.0,False,False,False
Namibia,NAM,2021,2810552.0,3.608,1.284,0.167,4.865,2.979,0.125,0.0,0.125,0.0,owid,gcb,owid,0.04027061855670103,0.959729381443299,0.0,False,False,False
Nauru,NRU,1992,10042.0,0.121,12.041,-0.004,-2.941,0.121,0.0,0.0,0.0,0.0,gcb,gcb,owid,0.0,1.0,0.0,True,False,False
Nauru,NRU,1993,10123.0,0.114,11.22,-0.007,-6.061,0.114,0.0,0.0,0.0,0.0,gcb,gcb,owid,0.0,1.0,0.0,True,False,False
Nauru,NRU,1994,10163.0,0.11,10.816,-0.004,-3.226,0.11,0.0,0.0,0.0,0.0,gcb,gcb,owid,0.0,1.0,0.0,True,False,False
Nauru,NRU,1995,10187.0,0.106,10.431,-0.004,-3.333,0.106,0.0,0.0,0.0,0.0,gcb,gcb,owid,0.0,1.0,0.0,True,False,False
Nauru,NRU,1996,10206.0,0.103,10.052,-0.004,-3.448,0.103,0.0,0.0,0.0,0.0,gcb,gcb,owid,0.0,1.0,0.0,True,False,False
Nauru,NRU,1997,10218.0,0.103,10.04,0.0,0.0,0.103,0.0,0.0,0.0,0.0,gcb,gcb,owid,0.0,1.0,0.0,True,False,False
Nauru,NRU,1998,10220.0,0.099,9.68,-0.004,-3.571,0.099,0.0,0.0,0.0,0.0,gcb,gcb,owid,0.0,1.0,0.0,True,False,False
Nauru,NRU,1999,10207.0,0.092,8.974,-0.007,-7.407,0.092,0.0,0.0,0.0,0.0,gcb,gcb,owid,0.0,1.0,0.0,True,False,False
Nauru,NRU,2000,10187.0,0.088,8.632,-0.004,-4.0,0.088,0.0,0.0,0.0,0.0,gcb,gcb,owid,0.0,1.0,0.0,True,False,False
Nauru,NRU,2001,10147.0,0.081,7.944,-0.007,-8.333,0.081,0.0,0.0,0.0,0.0,gcb,gcb,owid,0.0,1.0,0.0,True,False,False
Nauru,NRU,2002,10105.0,0.077,7.614,-0.004,-4.545,0.077,0.0,0.0,0.0,0.0,gcb,gcb,owid,0.0,1.0,0.0,True,False,False
Nauru,NRU,2003,10086.0,0.066,6.539,-0.011,-14.286,0.066,0.0,0.0,0.0,0.0,gcb,gcb,owid,0.0,1.0,0.0,True,False,False
Nauru,NRU,2004,10084.0,0.062,6.177,-0.004,-5.556,0.062,0.0,0.0,0.0,0.0,gcb,gcb,owid,0.0,1.0,0.0,True,False,False
Nauru,NRU,2005,10071.0,0.062,6.185,0.0,0.0,0.062,0.0,0.0,0.0,0.0,gcb,gcb,owid,0.0,1.0,0.0,True,False,False
Nauru,NRU,2006,10061.0,0.044,4.37,-0.018,-29.412,0.044,0.0,0.0,0.0,0.0,gcb,gcb,owid,0.0,1.0,0.0,True,False,False
Nauru,NRU,2007,10042.0,0.04,4.014,-0.004,-8.333,0.04,0.0,0.0,0.0,0.0,gcb,gcb,owid,0.0,1.0,0.0,True,False,False
Nauru,NRU,2008,10032.0,0.04,4.018,0.0,0.0,0.04,0.0,0.0,0.0,0.0,gcb,gcb,owid,0.0,1.0,0.0,True,False,False
Nauru,NRU,2009,10041.0,0.04,4.014,0.0,0.0,0.04,0.0,0.0,0.0,0.0,gcb,gcb,owid,0.0,1.0,0.0,True,False,False
Nauru,NRU,2010,10067.0,0.044,4.368,0.004,9.091,0.044,0.0,0.0,0.0,0.0,gcb,gcb,owid,0.0,1.0,0.0,True,False,False
Nauru,NRU,2011,10116.0,0.04,3.984,-0.004,-8.333,0.04,0.0,0.0,0.0,0.0,gcb,gcb,owid,0.0,1.0,0.0,True,False,False
Nauru,NRU,2012,10289.0,0.04,3.917,0.0,0.0,0.04,0.0,0.0,0.0,0.0,gcb,gcb,owid,0.0,1.0,0.0,True,False,False
Nauru,NRU,2013,10539.0,0.048,4.52,0.007,18.182,0.048,0.0,0.0,0.0,0.0,gcb,gcb,owid,0.0,1.0,0.0,True,False,False
Nauru,NRU,2014,10766.0,0.051,4.765,0.004,7.692,0.051,0.0,0.0,0.0,0.0,gcb,gcb,owid,0.0,1.0,0.0,True,False,False
Nauru,NRU,2015,10975.0,0.055,5.008,0.004,7.143,0.055,0.0,0.0,0.0,0.0,gcb,gcb,owid,0.0,1.0,0.0,True,False,False
Nauru,NRU,2016,11173.0,0.051,4.591,-0.004,-6.667,0.051,0.0,0.0,0.0,0.0,gcb,gcb,owid,0.0,1.0,0.0,True,False,False
Nauru,NRU,2017,11351.0,0.055,4.842,0.004,7.143,0.055,0.0,0.0,0.0,0.0,gcb,gcb,owid,0.0,1.0,0.0,True,False,False
Nauru,NRU,2018,11499.0,0.055,4.78,0.0,0.0,0.055,0.0,0.0,0.0,0.0,gcb,gcb,owid,0.0,1.0,0.0,True,False,False
Nauru,NRU,2019,11609.0,0.051,4.419,-0.004,-6.667,0.051,0.0,0.0,0.0,0.0,gcb,gcb,owid,0.0,1.0,0.0,True,False,False
Nauru,NRU,2020,11665.0,0.055,4.712,0.004,7.143,0.055,0.0,0.0,0.0,0.0,gcb,gcb,owid,0.0,1.0,0.0,True,False,False
Nauru,NRU,2021,11727.0,0.055,4.687,0.0,0.0,0.055,0.0,0.0,0.0,0.0,gcb,gcb,owid,0.0,1.0,0.0,True,False,False
Nepal,NPL,1992,20609708.0,1.233,0.06,0.207,20.132,0.855,0.281,0.0,0.281,0.0,owid,gcb,owid,0.24735915492957747,0.7526408450704224,0.0,False,False,False
Nepal,NPL,1993,21180158.0,1.397,0.066,0.164,13.334,0.975,0.311,0.0,0.311,0.0,owid,gcb,owid,0.24183514774494555,0.7581648522550544,0.0,False,False,False
Nepal,NPL,1994,21717483.0,1.619,0.075,0.222,15.894,1.15,0.341,0.0,0.341,0.0,owid,gcb,owid,0.2287055667337358,0.7712944332662642,0.0,False,False,False
Nepal,NPL,1995,22245443.0,2.309,0.104,0.689,42.576,1.433,0.744,0.0,0.744,0.0,owid,gcb,owid,0.34175470831419386,0.6582452916858061,0.0,False,False,False
Nepal,NPL,1996,22741867.0,2.353,0.103,0.044,1.9,1.484,0.744,0.0,0.744,0.0,owid,gcb,owid,0.33393177737881513,0.666068222621185,0.0,False,False,False
Nepal,NPL,1997,23219458.0,2.641,0.114,0.288,12.255,1.74,0.81,0.0,0.81,0.0,owid,gcb,owid,0.31764705882352945,0.6823529411764706,0.0,False,False,False
Nepal,NPL,1998,23680358.0,2.223,0.094,-0.418,-15.818,1.806,0.305,0.0,0.305,0.0,owid,gcb,owid,0.14448128848886782,0.8555187115111321,0.0,False,False,False
Nepal,NPL,1999,24125201.0,3.191,0.132,0.968,43.527,1.964,1.11,0.0,1.11,0.0,owid,gcb,owid,0.36109303838646717,0.6389069616135329,0.0,False,False,False
Nepal,NPL,2000,24546509.0,3.037,0.124,-0.154,-4.815,1.938,0.978,0.0,0.978,0.0,owid,gcb,owid,0.33539094650205764,0.6646090534979424,0.0,False,False,False
Nepal,NPL,2001,24946755.0,3.236,0.13,0.199,6.54,2.004,1.118,0.0,1.118,0.0,owid,gcb,owid,0.35810377962844336,0.6418962203715567,0.0,False,False,False
Nepal,NPL,2002,25328989.0,2.596,0.103,-0.64,-19.768,1.96,0.52,0.0,0.52,0.0,owid,gcb,owid,0.20967741935483872,0.7903225806451613,0.0,False,False,False
Nepal,NPL,2003,25688762.0,2.81,0.109,0.214,8.242,2.03,0.663,0.0,0.663,0.0,owid,gcb,owid,0.24619383587077615,0.753806164129224,0.0,False,False,False
Nepal,NPL,2004,26016652.0,2.582,0.099,-0.228,-8.112,1.883,0.586,0.0,0.586,0.0,owid,gcb,owid,0.23734305386796273,0.7626569461320373,0.0,False,False,False
Nepal,NPL,2005,26309462.0,2.987,0.114,0.404,15.658,1.933,0.939,0.0,0.939,0.0,owid,gcb,owid,0.326949860724234,0.6730501392757661,0.0,False,False,False
Nepal,NPL,2006,26565430.0,2.456,0.092,-0.53,-17.755,1.751,0.59,0.0,0.59,0.0,owid,gcb,owid,0.25202904741563437,0.7479709525843657,0.0,False,False,False
Nepal,NPL,2007,26788498.0,2.57,0.096,0.114,4.636,1.707,0.747,0.0,0.747,0.0,owid,gcb,owid,0.30440097799511,0.69559902200489,0.0,False,False,False
Nepal,NPL,2008,26990036.0,3.355,0.124,0.785,30.54,2.495,0.747,0.0,0.747,0.0,owid,gcb,owid,0.23041332510795806,0.769586674892042,0.0,False,False,False
Nepal,NPL,2009,27173035.0,4.126,0.152,0.771,22.973,2.965,0.703,0.0,0.703,0.0,owid,gcb,owid,0.19165757906215922,0.8083424209378408,0.0,False,False,False
Nepal,NPL,2010,27341955.0,4.828,0.177,0.702,17.01,3.206,1.103,0.0,1.103,0.0,owid,gcb,owid,0.25597586446971454,0.7440241355302855,0.0,False,False,False
Nepal,NPL,2011,27464499.0,5.217,0.19,0.389,8.053,3.309,1.114,0.0,1.114,0.0,owid,gcb,owid,0.25186524983043185,0.7481347501695682,0.0,False,False,False
Nepal,NPL,2012,27534916.0,5.47,0.199,0.253,4.859,3.613,0.832,0.0,0.832,0.0,owid,gcb,owid,0.1871766029246344,0.8128233970753656,0.0,False,False,False
Nepal,NPL,2013,27589997.0,6.218,0.225,0.748,13.666,4.034,1.041,0.0,1.041,0.0,owid,gcb,owid,0.20512315270935963,0.7948768472906405,0.0,False,False,False
Nepal,NPL,2014,27672373.0,7.588,0.274,1.37,22.031,4.569,1.836,0.0,1.836,0.0,owid,gcb,owid,0.2866510538641686,0.7133489461358313,0.0,False,False,False
Nepal,NPL,2015,27823631.0,6.905,0.248,-0.683,-9.002,3.212,2.201,0.0,2.201,0.0,owid,gcb,owid,0.40661370774062444,0.5933862922593756,0.0,False,False,False
Nepal,NPL,2016,27955471.0,10.088,0.361,3.183,46.105,5.24,2.616,0.0,2.616,0.0,owid,gcb,owid,0.3329938900203666,0.6670061099796334,0.0,False,False,False
Nepal,NPL,2017,28011258.0,12.422,0.443,2.334,23.132,6.363,2.987,0.0,2.987,0.0,owid,gcb,owid,0.31946524064171117,0.6805347593582887,0.0,False,False,False
Nepal,NPL,2018,28079688.0,14.039,0.5,1.617,13.021,6.912,3.692,0.0,3.692,0.0,owid,gcb,owid,0.3481705016974727,0.6518294983025273,0.0,False,False,False
Nepal,NPL,2019,28414066.0,12.75,0.449,-1.289,-9.178,5.078,3.909,0.0,3.909,0.0,owid,gcb,owid,0.43496161121620114,0.5650383887837989,0.0,False,False,False
Nepal,NPL,2020,28966580.0,15.631,0.54,2.88,22.59,7.19,5.292,0.0,5.292,0.0,owid,gcb,owid,0.4239705175452652,0.5760294824547348,0.0,False,False,False
Nepal,NPL,2021,29475016.0,15.486,0.525,-0.145,-0.925,7.528,4.524,0.0,4.524,0.0,owid,gcb,owid,0.37537338201128445,0.6246266179887155,0.0,False,False,False
Netherlands,NLD,1992,15276787.0,171.277,11.212,-0.192,-0.112,51.931,34.467,82.528,34.467,82.528,owid,owid,owid,0.20403608680724106,0.30741863301090416,0.48854528018185484,False,False,False
Netherlands,NLD,1993,15389718.0,171.185,11.123,-0.092,-0.054,51.942,33.314,83.614,33.314,83.614,owid,owid,owid,0.19727601113282406,0.3075857168235921,0.49513827204358385,False,False,False
Netherlands,NLD,1994,15485453.0,171.952,11.104,0.767,0.448,52.455,36.511,80.557,36.511,80.557,owid,owid,owid,0.21537490488016373,0.3094270393987836,0.47519805572105256,False,False,False
Netherlands,NLD,1995,15565034.0,173.482,11.146,1.53,0.89,53.171,35.865,82.168,35.865,82.168,owid,owid,owid,0.20948692787551693,0.3105710146959183,0.4799420574285648,False,False,False
Netherlands,NLD,1996,15640032.0,182.543,11.671,9.06,5.223,54.527,34.642,91.306,34.642,91.306,owid,owid,owid,0.19194902341044465,0.30213048898739436,0.5059204876021609,False,False,False
Netherlands,NLD,1997,15723621.0,175.466,11.159,-7.076,-3.877,54.24,33.759,85.289,33.759,85.289,owid,owid,owid,0.19481441300032315,0.313004939753474,0.4921806472462028,False,False,False
Netherlands,NLD,1998,15827109.0,176.396,11.145,0.93,0.53,55.605,34.435,84.315,34.435,84.315,owid,owid,owid,0.19749935476470423,0.318918298872989,0.4835823463623068,False,False,False
Netherlands,NLD,1999,15940183.0,171.053,10.731,-5.343,-3.029,56.175,30.481,82.463,30.481,82.463,owid,owid,owid,0.18023403638857846,0.3321625600908236,0.4876034035205979,False,False,False
Netherlands,NLD,2000,16058757.0,172.154,10.72,1.101,0.644,56.084,31.789,82.368,31.789,82.368,owid,owid,owid,0.18672940126056592,0.32943885433003806,0.4838317444093961,False,False,False
Netherlands,NLD,2001,16182705.0,177.464,10.966,5.31,3.085,56.735,34.235,84.587,34.235,84.587,owid,owid,owid,0.19500788917559536,0.32317139162779035,0.4818207191966142,False,False,False
Netherlands,NLD,2002,16288060.0,176.738,10.851,-0.726,-0.409,55.279,34.726,83.939,34.726,83.939,owid,owid,owid,0.19963896426436095,0.3177976820126018,0.48256335372303727,False,False,False
Netherlands,NLD,2003,16366914.0,180.169,11.008,3.43,1.941,56.653,36.055,84.789,36.055,84.789,owid,owid,owid,0.2031301937497535,0.3191772255305723,0.47769258071967413,False,False,False
Netherlands,NLD,2004,16425562.0,182.09,11.086,1.922,1.067,56.829,35.516,87.1,35.516,87.1,owid,owid,owid,0.1979213686644933,0.31669313717294995,0.4853854941625568,False,False,False
Netherlands,NLD,2005,16465707.0,178.13,10.818,-3.961,-2.175,56.811,34.157,84.417,34.157,84.417,owid,owid,owid,0.1947543974684266,0.32392165806653933,0.4813239444650341,False,False,False
Netherlands,NLD,2006,16493851.0,173.279,10.506,-4.85,-2.723,55.41,32.946,82.233,32.946,82.233,owid,owid,owid,0.1931308583789107,0.3248157853085486,0.4820533563125407,False,False,False
Netherlands,NLD,2007,16531360.0,173.028,10.467,-0.251,-0.145,54.747,35.541,79.979,35.541,79.979,owid,owid,owid,0.2087368662160019,0.32153617553606983,0.46972695824792826,False,False,False
Netherlands,NLD,2008,16597259.0,175.904,10.598,2.875,1.662,55.119,34.516,83.699,34.516,83.699,owid,owid,owid,0.19913000334614095,0.3179930077192011,0.4828769889346579,False,False,False
Netherlands,NLD,2009,16684148.0,170.433,10.215,-5.47,-3.11,52.015,31.75,84.076,31.75,84.076,owid,owid,owid,0.18916712841320057,0.3099063995090592,0.5009264720777402,False,False,False
Netherlands,NLD,2010,16771232.0,182.479,10.88,12.045,7.067,52.661,33.055,94.173,33.055,94.173,owid,owid,owid,0.18375220274724968,0.29274163511943474,0.5235061621333156,False,False,False
Netherlands,NLD,2011,16851061.0,169.346,10.05,-13.133,-7.197,52.533,32.093,82.199,32.093,82.199,owid,owid,owid,0.1923752435186573,0.3148988460962086,0.49272591038513414,False,False,False
Netherlands,NLD,2012,16915191.0,165.752,9.799,-3.594,-2.122,50.443,34.336,78.574,34.336,78.574,owid,owid,owid,0.21019509895747246,0.30879751213629375,0.4810073889062337,False,False,False
Netherlands,NLD,2013,16967066.0,164.925,9.72,-0.826,-0.499,48.444,34.682,79.184,34.682,79.184,owid,owid,owid,0.21367753065122297,0.2984658985891196,0.48785657075965744,False,False,False
Netherlands,NLD,2014,17030085.0,157.503,9.249,-7.423,-4.501,47.304,38.172,69.378,38.172,69.378,owid,owid,owid,0.24650315781316595,0.305474834360107,0.44802200782672713,False,False,False
Netherlands,NLD,2015,17107429.0,163.958,9.584,6.455,4.099,47.298,45.539,68.561,45.539,68.561,owid,owid,owid,0.2821534343672164,0.29305195851249705,0.4247946071202865,False,False,False
Netherlands,NLD,2016,17204693.0,164.812,9.579,0.854,0.521,47.761,42.642,71.762,42.642,71.762,owid,owid,owid,0.26295439829802975,0.294521012548947,0.4425245891530231,False,False,False
Netherlands,NLD,2017,17315376.0,162.296,9.373,-2.516,-1.527,47.637,38.511,73.349,38.511,73.349,owid,owid,owid,0.24145281729436918,0.29867019442371956,0.45987698828191126,False,False,False
Netherlands,NLD,2018,17421285.0,158.264,9.085,-4.031,-2.484,47.787,35.112,72.736,35.112,72.736,owid,owid,owid,0.22560478041571627,0.3070453304205352,0.4673498891637486,False,False,False
Netherlands,NLD,2019,17537505.0,152.727,8.709,-5.537,-3.499,47.835,27.576,75.065,27.576,75.065,owid,owid,owid,0.18325845982083522,0.31789122517876606,0.4988503150003987,False,False,False
Netherlands,NLD,2020,17636732.0,136.974,7.766,-15.753,-10.314,42.415,19.402,73.125,19.402,73.125,owid,owid,owid,0.14378029079159935,0.31432022646766755,0.5418994827407331,False,False,False
Netherlands,NLD,2021,17730565.0,139.886,7.89,2.912,2.126,42.795,24.983,69.826,24.983,69.826,owid,owid,owid,0.18155722217377404,0.3110011336879742,0.5074416441382518,False,False,False
New Caledonia,NCL,1992,186084.0,1.575,8.466,-0.183,-10.419,1.216,0.322,0.0,0.322,0.0,owid,gcb,owid,0.2093628088426528,0.7906371911573472,0.0,False,False,False
New Caledonia,NCL,1993,190858.0,1.832,9.598,0.256,16.271,1.377,0.419,0.0,0.419,0.0,owid,gcb,owid,0.23329621380846324,0.7667037861915368,0.0,False,False,False
New Caledonia,NCL,1994,195626.0,1.975,10.095,0.143,7.803,1.403,0.535,0.0,0.535,0.0,owid,gcb,owid,0.2760577915376677,0.7239422084623323,0.0,False,False,False
New Caledonia,NCL,1995,200392.0,2.067,10.313,0.092,4.656,1.532,0.495,0.0,0.495,0.0,owid,gcb,owid,0.2442032560434139,0.755796743956586,0.0,False,False,False
New Caledonia,NCL,1996,205048.0,2.184,10.651,0.117,5.671,1.477,0.667,0.0,0.667,0.0,owid,gcb,owid,0.3111007462686567,0.6888992537313433,0.0,False,False,False
New Caledonia,NCL,1997,209568.0,1.817,8.672,-0.366,-16.779,1.477,0.3,0.0,0.3,0.0,owid,gcb,owid,0.16882386043894201,0.831176139561058,0.0,False,False,False
New Caledonia,NCL,1998,214062.0,1.81,8.456,-0.007,-0.41,1.491,0.319,0.0,0.319,0.0,owid,gcb,owid,0.17624309392265194,0.8237569060773481,0.0,False,False,False
New Caledonia,NCL,1999,218532.0,2.056,9.406,0.245,13.563,1.762,0.293,0.0,0.293,0.0,owid,gcb,owid,0.14257907542579074,0.8574209245742092,0.0,False,False,False
New Caledonia,NCL,2000,223110.0,2.224,9.968,0.169,8.199,1.532,0.652,0.0,0.652,0.0,owid,gcb,owid,0.29853479853479853,0.7014652014652014,0.0,False,False,False
New Caledonia,NCL,2001,227714.0,1.877,8.241,-0.347,-15.62,1.176,0.663,0.0,0.663,0.0,owid,gcb,owid,0.3605220228384992,0.6394779771615008,0.0,False,False,False
New Caledonia,NCL,2002,232239.0,2.392,10.301,0.516,27.474,1.645,0.707,0.0,0.707,0.0,owid,gcb,owid,0.3005952380952381,0.699404761904762,0.0,False,False,False
New Caledonia,NCL,2003,236684.0,2.726,11.516,0.333,13.933,1.883,0.802,0.0,0.802,0.0,owid,gcb,owid,0.29869646182495346,0.7013035381750465,0.0,False,False,False
New Caledonia,NCL,2004,240865.0,2.515,10.441,-0.211,-7.728,1.75,0.719,0.0,0.719,0.0,owid,gcb,owid,0.2912110166059133,0.7087889833940867,0.0,False,False,False
New Caledonia,NCL,2005,244391.0,2.806,11.482,0.291,11.578,2.093,0.666,0.0,0.666,0.0,owid,gcb,owid,0.2413918086263139,0.7586081913736862,0.0,False,False,False
New Caledonia,NCL,2006,247557.0,2.71,10.948,-0.096,-3.414,1.938,0.725,0.0,0.725,0.0,owid,gcb,owid,0.27224934284641383,0.7277506571535862,0.0,False,False,False
New Caledonia,NCL,2007,250730.0,2.927,11.673,0.216,7.987,2.253,0.627,0.0,0.627,0.0,owid,gcb,owid,0.21770833333333334,0.7822916666666667,0.0,False,False,False
New Caledonia,NCL,2008,253831.0,2.848,11.22,-0.079,-2.693,2.154,0.641,0.0,0.641,0.0,owid,gcb,owid,0.2293381037567084,0.7706618962432916,0.0,False,False,False
New Caledonia,NCL,2009,257261.0,3.036,11.8,0.188,6.596,2.125,0.859,0.0,0.859,0.0,owid,owid,owid,0.2878686327077748,0.7121313672922253,0.0,False,False,False
New Caledonia,NCL,2010,261580.0,3.658,13.983,0.622,20.483,2.287,1.31,0.0,1.31,0.0,owid,owid,owid,0.3641923825410064,0.6358076174589936,0.0,False,False,False
New Caledonia,NCL,2011,266550.0,3.694,13.86,0.037,1.006,2.278,1.361,0.0,1.361,0.0,owid,owid,owid,0.3740038472107722,0.6259961527892278,0.0,False,False,False
New Caledonia,NCL,2012,271640.0,3.706,13.641,0.011,0.301,2.3,1.359,0.0,1.359,0.0,owid,owid,owid,0.37141295435911453,0.6285870456408855,0.0,False,False,False
New Caledonia,NCL,2013,276832.0,3.97,14.341,0.265,7.14,2.543,1.382,0.0,1.382,0.0,owid,owid,owid,0.35210191082802544,0.6478980891719746,0.0,False,False,False
New Caledonia,NCL,2014,281233.0,5.009,17.811,1.039,26.169,3.029,1.939,0.0,1.939,0.0,owid,owid,owid,0.39029790660225444,0.6097020933977455,0.0,False,False,False
New Caledonia,NCL,2015,283179.0,4.877,17.222,-0.132,-2.638,2.794,2.041,0.0,2.041,0.0,owid,owid,owid,0.42213029989658735,0.5778697001034127,0.0,False,False,False
New Caledonia,NCL,2016,283432.0,5.482,19.341,0.605,12.402,2.805,2.634,0.0,2.634,0.0,owid,owid,owid,0.4842801985659128,0.5157198014340871,0.0,False,False,False
New Caledonia,NCL,2017,283554.0,5.584,19.692,0.102,1.861,2.569,2.975,0.0,2.975,0.0,owid,owid,owid,0.5366161616161615,0.46338383838383834,0.0,False,False,False
New Caledonia,NCL,2018,283551.0,5.913,20.853,0.329,5.896,2.823,3.057,0.0,3.057,0.0,owid,owid,owid,0.5198979591836734,0.4801020408163265,0.0,False,False,False
New Caledonia,NCL,2019,283616.0,5.673,20.002,-0.24,-4.061,2.602,3.041,0.0,3.041,0.0,owid,owid,owid,0.5388977494240652,0.4611022505759348,0.0,False,False,False
New Caledonia,NCL,2020,284187.0,5.109,17.978,-0.564,-9.937,2.367,2.714,0.0,2.714,0.0,owid,owid,owid,0.5341468214918323,0.4658531785081677,0.0,False,False,False
New Caledonia,NCL,2021,285227.0,4.537,15.906,-0.572,-11.203,2.218,2.293,0.0,2.293,0.0,owid,owid,owid,0.5083130126357792,0.4916869873642208,0.0,False,False,False
New Zealand,NZL,1992,3532246.0,28.154,7.971,1.984,7.582,13.128,4.929,8.413,4.929,8.413,owid,owid,owid,0.18621080468454854,0.49595768794862105,0.31783150736683036,False,False,False
New Zealand,NZL,1993,3573609.0,27.746,7.764,-0.408,-1.449,12.998,4.897,8.159,4.897,8.159,owid,owid,owid,0.187955784140631,0.49888692715130106,0.31315728870806786,False,False,False
New Zealand,NZL,1994,3621030.0,27.885,7.701,0.139,0.502,13.936,4.636,7.604,4.636,7.604,owid,owid,owid,0.17710880195599024,0.53239608801956,0.2904951100244499,False,False,False
New Zealand,NZL,1995,3674434.0,27.989,7.617,0.104,0.374,14.589,4.64,7.007,4.64,7.007,owid,owid,owid,0.17685622808354934,0.5560679981704529,0.2670757737459979,False,False,False
New Zealand,NZL,1996,3729383.0,29.288,7.853,1.298,4.639,14.754,4.595,8.099,4.595,8.099,owid,owid,owid,0.1674074613815214,0.537525502768872,0.29506703584960653,False,False,False
New Zealand,NZL,1997,3776950.0,31.261,8.277,1.974,6.739,15.064,4.946,9.267,4.946,9.267,owid,owid,owid,0.1689380742562421,0.5145335929227722,0.31652833282098575,False,False,False
New Zealand,NZL,1998,3811376.0,29.837,7.828,-1.424,-4.556,15.336,4.53,7.989,4.53,7.989,owid,owid,owid,0.1626278944534195,0.5505654281098546,0.2868066774367259,False,False,False
New Zealand,NZL,1999,3835561.0,31.443,8.198,1.605,5.38,15.632,4.63,9.163,4.63,9.163,owid,owid,owid,0.15734919286321156,0.53124893797791,0.3114018691588785,False,False,False
New Zealand,NZL,2000,3857576.0,32.221,8.353,0.779,2.476,16.302,4.419,9.481,4.419,9.481,owid,owid,owid,0.14631481358850407,0.539765578438514,0.31391960797298196,False,False,False
New Zealand,NZL,2001,3891763.0,34.356,8.828,2.135,6.627,16.427,5.422,10.44,5.422,10.44,owid,owid,owid,0.16792096379571989,0.5087491096038899,0.32332992660039017,False,False,False
New Zealand,NZL,2002,3951116.0,34.519,8.737,0.163,0.474,17.165,5.432,9.856,5.432,9.856,owid,owid,owid,0.1673805195205374,0.5289187440298276,0.3037007364496348,False,False,False
New Zealand,NZL,2003,4022585.0,36.22,9.004,1.7,4.926,17.952,7.752,8.52,7.752,8.52,owid,owid,owid,0.22650771388499297,0.5245441795231417,0.2489481065918653,False,False,False
New Zealand,NZL,2004,4083912.0,35.806,8.768,-0.414,-1.142,18.325,8.025,7.253,8.025,7.253,owid,owid,owid,0.2388179626819034,0.5453382138499538,0.2158438234681427,False,False,False
New Zealand,NZL,2005,4135002.0,37.401,9.045,1.595,4.456,18.516,8.931,7.564,8.931,7.564,owid,owid,owid,0.25509125703350377,0.5288623575447716,0.21604638542172463,False,False,False
New Zealand,NZL,2006,4181943.0,37.304,8.92,-0.097,-0.259,18.648,8.808,7.547,8.808,7.547,owid,owid,owid,0.2516355740936491,0.5327543353426849,0.21561009056366595,False,False,False
New Zealand,NZL,2007,4223270.0,36.383,8.615,-0.922,-2.471,18.858,6.739,8.251,6.739,8.251,owid,owid,owid,0.19909595840226896,0.5571377924840464,0.2437662491136847,False,False,False
New Zealand,NZL,2008,4261819.0,37.485,8.796,1.103,3.031,18.726,8.298,7.801,8.298,7.801,owid,owid,owid,0.23827709978463746,0.5377171572146446,0.22400574300071785,False,False,False
New Zealand,NZL,2009,4304304.0,34.594,8.037,-2.891,-7.713,18.001,6.33,7.446,6.33,7.446,owid,owid,owid,0.19920067973691663,0.5664788998332128,0.23432042042987064,False,False,False
New Zealand,NZL,2010,4347766.0,34.787,8.001,0.193,0.557,18.081,5.472,8.369,5.472,8.369,owid,owid,owid,0.17141783096297225,0.5664118789549527,0.26217029008207504,False,False,False
New Zealand,NZL,2011,4382699.0,34.241,7.813,-0.546,-1.569,18.28,5.548,7.614,5.548,7.614,owid,owid,owid,0.17645187965142164,0.5813879524203295,0.2421601679282488,False,False,False
New Zealand,NZL,2012,4411682.0,35.918,8.142,1.677,4.898,18.026,6.867,8.329,6.867,8.329,owid,owid,owid,0.20670037926675094,0.5425922581421949,0.25070736259105414,False,False,False
New Zealand,NZL,2013,4453857.0,35.219,7.908,-0.699,-1.946,18.42,6.028,8.359,6.028,8.359,owid,owid,owid,0.18374127472795437,0.5614655408906636,0.254793184381382,False,False,False
New Zealand,NZL,2014,4522976.0,35.399,7.827,0.18,0.511,18.724,5.458,8.579,5.458,8.579,owid,owid,owid,0.1666005311193187,0.5715332254815176,0.26186624339916365,False,False,False
New Zealand,NZL,2015,4614035.0,35.805,7.76,0.406,1.146,19.251,5.486,8.311,5.486,8.311,owid,owid,owid,0.16600096828854996,0.5825163398692811,0.2514826918421689,False,False,False
New Zealand,NZL,2016,4714768.0,34.135,7.24,-1.67,-4.665,19.363,4.481,7.893,4.481,7.893,owid,owid,owid,0.14119166902983898,0.6101080757475501,0.2487002552226108,False,False,False
New Zealand,NZL,2017,4812749.0,35.661,7.41,1.526,4.471,20.227,4.687,8.519,4.687,8.519,owid,owid,owid,0.1401908294200341,0.6050010468698591,0.2548081237101068,False,False,False
New Zealand,NZL,2018,4900840.0,35.687,7.282,0.026,0.072,20.41,5.267,7.897,5.267,7.897,owid,owid,owid,0.15687734556502056,0.6079108834216954,0.2352117710132841,False,False,False
New Zealand,NZL,2019,4989410.0,36.711,7.358,1.024,2.869,20.778,5.618,8.245,5.618,8.245,owid,owid,owid,0.16217776623076702,0.5998094743223348,0.23801275944689818,False,False,False
New Zealand,NZL,2020,5069895.0,34.109,6.728,-2.602,-7.087,18.997,5.34,7.954,5.34,7.954,owid,owid,owid,0.16537115604967328,0.5883063392276486,0.24632250472267816,False,False,False
New Zealand,NZL,2021,5107694.0,34.597,6.773,0.488,1.429,19.733,6.191,6.968,6.191,6.968,owid,owid,owid,0.1882220600753983,0.5999331144351211,0.21184482548948075,False,False,False
Nicaragua,NIC,1992,4357031.0,2.37,0.544,0.386,19.429,2.253,0.0,0.0,0.0,0.0,gcb,gcb,owid,0.0,1.0,0.0,False,False,False
Nicaragua,NIC,1993,4453733.0,2.28,0.512,-0.09,-3.815,2.173,0.0,0.0,0.0,0.0,gcb,gcb,owid,0.0,1.0,0.0,False,False,False
Nicaragua,NIC,1994,4549317.0,2.514,0.553,0.234,10.286,2.385,0.0,0.0,0.0,0.0,gcb,gcb,owid,0.0,1.0,0.0,False,False,False
Nicaragua,NIC,1995,4642933.0,2.751,0.592,0.236,9.403,2.616,0.0,0.0,0.0,0.0,gcb,gcb,owid,0.0,1.0,0.0,False,False,False
Nicaragua,NIC,1996,4729979.0,2.842,0.601,0.091,3.313,2.693,0.0,0.0,0.0,0.0,gcb,gcb,owid,0.0,1.0,0.0,False,False,False
Nicaragua,NIC,1997,4809574.0,3.108,0.646,0.266,9.374,2.953,0.0,0.0,0.0,0.0,gcb,gcb,owid,0.0,1.0,0.0,False,False,False
Nicaragua,NIC,1998,4883659.0,3.386,0.693,0.278,8.934,3.232,0.0,0.0,0.0,0.0,gcb,gcb,owid,0.0,1.0,0.0,False,False,False
Nicaragua,NIC,1999,4954021.0,3.59,0.725,0.204,6.037,3.448,0.0,0.0,0.0,0.0,gcb,gcb,owid,0.0,1.0,0.0,False,False,False
Nicaragua,NIC,2000,5022636.0,3.71,0.739,0.12,3.333,3.495,0.0,0.0,0.0,0.0,gcb,gcb,owid,0.0,1.0,0.0,False,False,False
Nicaragua,NIC,2001,5087827.0,3.909,0.768,0.2,5.384,3.704,0.0,0.0,0.0,0.0,gcb,gcb,owid,0.0,1.0,0.0,False,False,False
Nicaragua,NIC,2002,5149914.0,3.976,0.772,0.066,1.691,3.759,0.0,0.0,0.0,0.0,gcb,gcb,owid,0.0,1.0,0.0,False,False,False
Nicaragua,NIC,2003,5210970.0,4.31,0.827,0.335,8.422,3.964,0.0,0.0,0.0,0.0,gcb,gcb,owid,0.0,1.0,0.0,False,False,False
Nicaragua,NIC,2004,5272909.0,4.362,0.827,0.052,1.202,4.162,0.0,0.0,0.0,0.0,gcb,gcb,owid,0.0,1.0,0.0,False,False,False
Nicaragua,NIC,2005,5342108.0,4.253,0.796,-0.109,-2.5,4.052,0.0,0.0,0.0,0.0,gcb,gcb,owid,0.0,1.0,0.0,False,False,False
Nicaragua,NIC,2006,5418857.0,4.407,0.813,0.153,3.607,4.203,0.0,0.0,0.0,0.0,gcb,gcb,owid,0.0,1.0,0.0,False,False,False
Nicaragua,NIC,2007,5497247.0,4.54,0.826,0.133,3.023,4.338,0.0,0.0,0.0,0.0,gcb,gcb,owid,0.0,1.0,0.0,False,False,False
Nicaragua,NIC,2008,5576597.0,4.353,0.781,-0.187,-4.109,4.155,0.0,0.0,0.0,0.0,gcb,gcb,owid,0.0,1.0,0.0,False,False,False
Nicaragua,NIC,2009,5656602.0,4.432,0.784,0.079,1.812,4.236,0.0,0.0,0.0,0.0,gcb,gcb,owid,0.0,1.0,0.0,False,False,False
Nicaragua,NIC,2010,5737451.0,4.453,0.776,0.021,0.472,4.232,0.0,0.0,0.0,0.0,gcb,gcb,owid,0.0,1.0,0.0,False,False,False
Nicaragua,NIC,2011,5819051.0,4.789,0.823,0.335,7.534,4.532,0.0,0.0,0.0,0.0,gcb,gcb,owid,0.0,1.0,0.0,False,False,False
Nicaragua,NIC,2012,5901290.0,4.534,0.768,-0.255,-5.319,4.309,0.0,0.0,0.0,0.0,gcb,gcb,owid,0.0,1.0,0.0,False,False,False
Nicaragua,NIC,2013,5983852.0,4.586,0.766,0.052,1.144,4.353,0.0,0.0,0.0,0.0,gcb,gcb,owid,0.0,1.0,0.0,False,False,False
Nicaragua,NIC,2014,6066493.0,4.72,0.778,0.134,2.924,4.47,0.0,0.0,0.0,0.0,gcb,gcb,owid,0.0,1.0,0.0,False,False,False
Nicaragua,NIC,2015,6149417.0,5.408,0.879,0.688,14.586,5.144,0.0,0.0,0.0,0.0,gcb,gcb,owid,0.0,1.0,0.0,False,False,False
Nicaragua,NIC,2016,6232664.0,5.379,0.863,-0.03,-0.549,5.1,0.0,0.0,0.0,0.0,gcb,gcb,owid,0.0,1.0,0.0,False,False,False
Nicaragua,NIC,2017,6316235.0,5.441,0.861,0.062,1.158,5.163,0.0,0.0,0.0,0.0,gcb,gcb,owid,0.0,1.0,0.0,False,False,False
Nicaragua,NIC,2018,6400074.0,5.178,0.809,-0.263,-4.831,4.935,0.0,0.0,0.0,0.0,gcb,gcb,owid,0.0,1.0,0.0,False,False,False
Nicaragua,NIC,2019,6483660.0,5.208,0.803,0.03,0.582,5.001,0.0,0.0,0.0,0.0,gcb,gcb,owid,0.0,1.0,0.0,False,False,False
Nicaragua,NIC,2020,6565267.0,4.641,0.707,-0.567,-10.889,4.459,0.0,0.0,0.0,0.0,gcb,gcb,owid,0.0,1.0,0.0,False,False,False
Nicaragua,NIC,2021,6644745.0,5.133,0.772,0.492,10.592,4.95,0.0,0.0,0.0,0.0,gcb,gcb,owid,0.0,1.0,0.0,False,False,False
Niger,NER,1992,8817633.0,0.521,0.059,-0.045,-8.007,0.319,0.194,0.0,0.194,0.0,owid,gcb,owid,0.37816764132553604,0.621832358674464,0.0,False,False,False
Niger,NER,1993,9100789.0,0.602,0.066,0.081,15.574,0.366,0.227,0.0,0.227,0.0,owid,gcb,owid,0.38279932546374373,0.6172006745362564,0.0,False,False,False
Niger,NER,1994,9398266.0,0.577,0.061,-0.025,-4.147,0.342,0.226,0.0,0.226,0.0,owid,gcb,owid,0.39788732394366194,0.602112676056338,0.0,False,False,False
Niger,NER,1995,9714537.0,0.558,0.057,-0.019,-3.304,0.3,0.249,0.0,0.249,0.0,owid,gcb,owid,0.45355191256830607,0.546448087431694,0.0,False,False,False
Niger,NER,1996,10044848.0,0.639,0.064,0.081,14.483,0.368,0.262,0.0,0.262,0.0,owid,gcb,owid,0.4158730158730159,0.5841269841269842,0.0,False,False,False
Niger,NER,1997,10383977.0,0.648,0.062,0.009,1.408,0.402,0.236,0.0,0.236,0.0,owid,gcb,owid,0.36990595611285265,0.6300940438871474,0.0,False,False,False
Niger,NER,1998,10741416.0,0.696,0.065,0.048,7.458,0.423,0.262,0.0,0.262,0.0,owid,gcb,owid,0.38248175182481753,0.6175182481751824,0.0,False,False,False
Niger,NER,1999,11117414.0,0.682,0.061,-0.015,-2.088,0.425,0.245,0.0,0.245,0.0,owid,gcb,owid,0.36567164179104483,0.6343283582089553,0.0,False,False,False
Niger,NER,2000,11509634.0,0.683,0.059,0.002,0.273,0.445,0.23,0.0,0.23,0.0,owid,gcb,owid,0.34074074074074073,0.6592592592592592,0.0,False,False,False
Niger,NER,2001,11920648.0,0.646,0.054,-0.037,-5.462,0.397,0.237,0.0,0.237,0.0,owid,gcb,owid,0.3738170347003154,0.6261829652996845,0.0,False,False,False
Niger,NER,2002,12349150.0,0.685,0.055,0.038,5.957,0.409,0.265,0.0,0.265,0.0,owid,gcb,owid,0.39317507418397635,0.6068249258160238,0.0,False,False,False
Niger,NER,2003,12796979.0,0.744,0.058,0.059,8.624,0.459,0.273,0.0,0.273,0.0,owid,gcb,owid,0.3729508196721312,0.6270491803278689,0.0,False,False,False
Niger,NER,2004,13265843.0,0.795,0.06,0.052,6.948,0.442,0.35,0.0,0.35,0.0,owid,gcb,owid,0.4419191919191919,0.5580808080808081,0.0,False,False,False
Niger,NER,2005,13756192.0,0.691,0.05,-0.104,-13.083,0.43,0.255,0.0,0.255,0.0,owid,gcb,owid,0.3722627737226277,0.6277372262773722,0.0,False,False,False
Niger,NER,2006,14268583.0,0.671,0.047,-0.02,-2.944,0.398,0.265,0.0,0.265,0.0,owid,gcb,owid,0.3996983408748115,0.6003016591251885,0.0,False,False,False
Niger,NER,2007,14803604.0,0.706,0.048,0.035,5.204,0.464,0.232,0.0,0.232,0.0,owid,gcb,owid,0.3333333333333333,0.6666666666666666,0.0,False,False,False
Niger,NER,2008,15361921.0,0.792,0.052,0.086,12.207,0.512,0.269,0.0,0.269,0.0,owid,gcb,owid,0.3444302176696543,0.6555697823303457,0.0,False,False,False
Niger,NER,2009,15943673.0,0.952,0.06,0.16,20.218,0.667,0.278,0.0,0.278,0.0,owid,gcb,owid,0.2941798941798942,0.7058201058201058,0.0,False,False,False
Niger,NER,2010,16548833.0,1.16,0.07,0.208,21.823,0.828,0.33,0.0,0.33,0.0,owid,gcb,owid,0.2849740932642487,0.7150259067357513,0.0,False,False,False
Niger,NER,2011,17176286.0,1.313,0.076,0.153,13.194,0.923,0.37,0.0,0.37,0.0,owid,gcb,owid,0.2861562258313998,0.7138437741686001,0.0,False,False,False
Niger,NER,2012,17836770.0,1.852,0.104,0.539,41.034,1.348,0.385,0.0,0.385,0.0,owid,gcb,owid,0.22215810732833235,0.7778418926716676,0.0,False,False,False
Niger,NER,2013,18519899.0,2.078,0.112,0.227,12.234,1.539,0.341,0.0,0.341,0.0,owid,gcb,owid,0.18138297872340428,0.8186170212765957,0.0,False,False,False
Niger,NER,2014,19215917.0,2.256,0.117,0.178,8.56,1.678,0.388,0.0,0.388,0.0,owid,gcb,owid,0.1878025169409487,0.8121974830590514,0.0,False,False,False
Niger,NER,2015,19939496.0,2.199,0.11,-0.057,-2.548,1.756,0.326,0.0,0.326,0.0,owid,gcb,owid,0.15658021133525457,0.8434197886647455,0.0,False,False,False
Niger,NER,2016,20685758.0,2.142,0.104,-0.057,-2.604,1.681,0.356,0.0,0.356,0.0,owid,gcb,owid,0.17476681394207166,0.8252331860579284,0.0,False,False,False
Niger,NER,2017,21435449.0,2.243,0.105,0.101,4.716,1.814,0.337,0.0,0.337,0.0,owid,gcb,owid,0.15667131566713155,0.8433286843328683,0.0,False,False,False
Niger,NER,2018,22188074.0,1.803,0.081,-0.439,-19.581,1.385,0.326,0.0,0.326,0.0,owid,gcb,owid,0.19053185271770895,0.809468147282291,0.0,False,False,False
Niger,NER,2019,22947765.0,2.513,0.11,0.71,39.367,2.026,0.326,0.073,0.326,0.073,owid,owid,owid,0.13443298969072168,0.8354639175257732,0.030103092783505155,False,False,False
Niger,NER,2020,23717615.0,3.04,0.128,0.527,20.955,2.505,0.356,0.077,0.356,0.077,owid,owid,owid,0.1211708645336964,0.8526208304969367,0.02620830496936692,False,False,False
Niger,NER,2021,24502145.0,2.588,0.106,-0.452,-14.863,2.188,0.154,0.117,0.154,0.117,owid,owid,owid,0.0626270841805612,0.8897925986173242,0.04758031720211468,False,False,False
Nigeria,NGA,1992,102372779.0,46.162,0.451,4.32,10.325,35.102,0.139,9.592,0.139,9.592,owid,owid,owid,0.0031003947984743385,0.7829500591082461,0.2139495460932795,False,False,False
Nigeria,NGA,1993,105122075.0,44.705,0.425,-1.457,-3.156,33.006,0.022,10.478,0.022,10.478,owid,owid,owid,0.0005056773778329425,0.7586539787615502,0.24084034386061692,False,False,False
Nigeria,NGA,1994,107935717.0,80.36,0.745,35.656,79.758,23.528,0.066,10.269,0.066,10.269,owid,owid,owid,0.0019490299146561144,0.6947996338186221,0.3032513362667218,False,False,False
Nigeria,NGA,1995,110819430.0,84.23,0.76,3.87,4.816,22.239,0.051,10.066,0.051,10.066,owid,owid,owid,0.0015762146124366422,0.68732228952899,0.3111014958585734,False,False,False
Nigeria,NGA,1996,113754783.0,97.767,0.859,13.537,16.071,25.531,0.022,10.201,0.022,10.201,owid,owid,owid,0.0006153157688650221,0.7140739497678582,0.28531073446327687,False,False,False
Nigeria,NGA,1997,116754790.0,95.649,0.819,-2.119,-2.167,29.294,0.026,10.666,0.026,10.666,owid,owid,owid,0.0006502275796528784,0.7326064122442855,0.2667433601760616,False,False,False
Nigeria,NGA,1998,119846261.0,86.338,0.72,-9.311,-9.734,25.589,0.033,11.029,0.033,11.029,owid,owid,owid,0.0009003847098305641,0.6981801315107364,0.30091948377943306,False,False,False
Nigeria,NGA,1999,123047324.0,84.838,0.689,-1.501,-1.738,26.923,0.044,11.608,0.044,11.608,owid,owid,owid,0.0011406351263771872,0.6979390797148411,0.3009202851587816,False,False,False
Nigeria,NGA,2000,126382490.0,96.831,0.766,11.993,14.137,31.54,0.158,13.179,0.158,13.179,owid,owid,owid,0.003520734451946431,0.7028099026227242,0.29366936292532925,False,False,False
Nigeria,NGA,2001,129862594.0,100.218,0.772,3.387,3.498,37.204,0.154,11.608,0.154,11.608,owid,owid,owid,0.0031450394151043577,0.7597925090879385,0.23706245149695704,False,False,False
Nigeria,NGA,2002,133471995.0,89.906,0.674,-10.312,-10.289,37.573,0.136,11.889,0.136,11.889,owid,owid,owid,0.0027420460502439615,0.7575507076898262,0.23970724625992984,False,False,False
Nigeria,NGA,2003,137202646.0,100.03,0.729,10.123,11.26,34.203,0.15,20.097,0.15,20.097,owid,owid,owid,0.002754820936639118,0.6281542699724518,0.3690909090909091,False,False,False
Nigeria,NGA,2004,141057045.0,94.962,0.673,-5.068,-5.066,30.847,0.15,20.507,0.15,20.507,owid,owid,owid,0.0029123951537744636,0.5989243553898727,0.3981632494563529,False,False,False
Nigeria,NGA,2005,145017256.0,101.666,0.701,6.704,7.06,39.793,0.172,20.631,0.172,20.631,owid,owid,owid,0.002838471186216912,0.6566935111228465,0.3404680176909367,False,False,False
Nigeria,NGA,2006,149077335.0,90.097,0.604,-11.569,-11.379,31.979,0.213,21.618,0.213,21.618,owid,owid,owid,0.0039583720498048685,0.5942947407545066,0.40174688719568846,False,False,False
Nigeria,NGA,2007,153267254.0,82.17,0.536,-7.927,-8.798,27.26,0.3,22.233,0.3,22.233,owid,owid,owid,0.0060249432651175855,0.5474665113570181,0.44650854537786433,False,False,False
Nigeria,NGA,2008,157595014.0,86.489,0.549,4.319,5.256,33.499,0.641,20.653,0.641,20.653,owid,owid,owid,0.011698574635446135,0.6113737156206085,0.37692770974394535,False,False,False
Nigeria,NGA,2009,162049466.0,77.031,0.475,-9.457,-10.935,27.253,0.641,18.053,0.641,18.053,owid,owid,owid,0.013950856421529153,0.5931399220841403,0.39290922149433044,False,False,False
Nigeria,NGA,2010,166642888.0,112.05,0.672,35.018,45.46,58.741,0.641,20.196,0.641,20.196,owid,owid,owid,0.00805499007263314,0.7381562743471813,0.2537887355801855,False,False,False
Nigeria,NGA,2011,171379602.0,126.115,0.736,14.066,12.553,69.442,0.678,28.003,0.678,28.003,owid,owid,owid,0.006909694974674644,0.7077035965064256,0.2853867085188998,False,False,False
Nigeria,NGA,2012,176200627.0,110.125,0.625,-15.991,-12.68,55.858,0.901,28.872,0.901,28.872,owid,owid,owid,0.010521890436874497,0.6523104950310051,0.33716761453212035,False,False,False
Nigeria,NGA,2013,181049440.0,117.401,0.648,7.276,6.607,62.251,1.129,28.63,1.129,28.63,owid,owid,owid,0.012270405390718402,0.6765677643734377,0.31116183023584393,False,False,False
Nigeria,NGA,2014,185896917.0,123.971,0.667,6.57,5.597,66.604,1.129,32.676,1.129,32.676,owid,owid,owid,0.011244011990956985,0.6633269926002648,0.3254289954087781,False,False,False
Nigeria,NGA,2015,190671883.0,110.525,0.58,-13.447,-10.847,54.11,1.183,32.448,1.183,32.448,owid,owid,owid,0.013482864339362442,0.6167014280666963,0.3698157075939413,False,False,False
Nigeria,NGA,2016,195443698.0,116.396,0.596,5.871,5.312,60.54,1.238,34.434,1.238,34.434,owid,owid,owid,0.012867417785723196,0.6292354384068516,0.35789714380742527,False,False,False
Nigeria,NGA,2017,200254580.0,112.54,0.562,-3.856,-3.313,58.476,1.07,32.416,1.07,32.416,owid,owid,owid,0.011635240642874233,0.6358713381614146,0.35249342119571125,False,False,False
Nigeria,NGA,2018,204938752.0,106.786,0.521,-5.755,-5.113,48.436,1.253,34.34,1.253,34.34,owid,owid,owid,0.014911518642373466,0.5764200454604959,0.4086684358971308,False,False,False
Nigeria,NGA,2019,209485637.0,127.859,0.61,21.074,19.734,68.002,1.268,35.106,1.268,35.106,owid,owid,owid,0.01214838660228405,0.6515099256534068,0.33634168774430906,False,False,False
Nigeria,NGA,2020,213996185.0,124.899,0.584,-2.96,-2.315,64.36,1.499,35.293,1.499,35.293,owid,owid,owid,0.014819281872825059,0.6362701676684595,0.3489105504587156,False,False,False
Nigeria,NGA,2021,218529286.0,147.777,0.676,22.877,18.317,82.841,3.049,38.114,3.049,38.114,owid,owid,owid,0.024587916518821976,0.6680510306119157,0.3073610528692623,False,False,False
Niue,NIU,1992,2443.0,0.007,3.0,0.0,0.0,0.007,0.0,0.0,0.0,0.0,gcb,gcb,owid,0.0,1.0,0.0,True,False,False
Niue,NIU,1993,2403.0,0.007,3.05,0.0,0.0,0.007,0.0,0.0,0.0,0.0,gcb,gcb,owid,0.0,1.0,0.0,True,False,False
Niue,NIU,1994,2362.0,0.007,3.102,0.0,0.0,0.007,0.0,0.0,0.0,0.0,gcb,gcb,owid,0.0,1.0,0.0,True,False,False
Niue,NIU,1995,2326.0,0.004,1.575,-0.004,-50.0,0.004,0.0,0.0,0.0,0.0,gcb,gcb,owid,0.0,1.0,0.0,True,False,False
Niue,NIU,1996,2290.0,0.004,1.6,0.0,0.0,0.004,0.0,0.0,0.0,0.0,gcb,gcb,owid,0.0,1.0,0.0,True,False,False
Niue,NIU,1997,2242.0,0.004,1.634,0.0,0.0,0.004,0.0,0.0,0.0,0.0,gcb,gcb,owid,0.0,1.0,0.0,True,False,False
Niue,NIU,1998,2187.0,0.007,3.351,0.004,100.0,0.007,0.0,0.0,0.0,0.0,gcb,gcb,owid,0.0,1.0,0.0,True,False,False
Niue,NIU,1999,2138.0,0.007,3.428,0.0,0.0,0.007,0.0,0.0,0.0,0.0,gcb,gcb,owid,0.0,1.0,0.0,True,False,False
Niue,NIU,2000,2068.0,0.007,3.544,0.0,0.0,0.007,0.0,0.0,0.0,0.0,gcb,gcb,owid,0.0,1.0,0.0,True,False,False
Niue,NIU,2001,2007.0,0.007,3.651,0.0,0.0,0.007,0.0,0.0,0.0,0.0,gcb,gcb,owid,0.0,1.0,0.0,True,False,False
Niue,NIU,2002,1965.0,0.007,3.729,0.0,0.0,0.007,0.0,0.0,0.0,0.0,gcb,gcb,owid,0.0,1.0,0.0,True,False,False
Niue,NIU,2003,1928.0,0.004,1.9,-0.004,-50.0,0.004,0.0,0.0,0.0,0.0,gcb,gcb,owid,0.0,1.0,0.0,True,False,False
Niue,NIU,2004,1891.0,0.004,1.938,0.0,0.0,0.004,0.0,0.0,0.0,0.0,gcb,gcb,owid,0.0,1.0,0.0,True,False,False
Niue,NIU,2005,1849.0,0.004,1.982,0.0,0.0,0.004,0.0,0.0,0.0,0.0,gcb,gcb,owid,0.0,1.0,0.0,True,False,False
Niue,NIU,2006,1818.0,0.004,2.015,0.0,0.0,0.004,0.0,0.0,0.0,0.0,gcb,gcb,owid,0.0,1.0,0.0,True,False,False
Niue,NIU,2007,1810.0,0.004,2.024,0.0,0.0,0.004,0.0,0.0,0.0,0.0,gcb,gcb,owid,0.0,1.0,0.0,True,False,False
Niue,NIU,2008,1805.0,0.007,4.06,0.004,100.0,0.007,0.0,0.0,0.0,0.0,gcb,gcb,owid,0.0,1.0,0.0,True,False,False
Niue,NIU,2009,1801.0,0.004,2.034,-0.004,-50.0,0.004,0.0,0.0,0.0,0.0,gcb,gcb,owid,0.0,1.0,0.0,True,False,False
Niue,NIU,2010,1786.0,0.004,2.052,0.0,0.0,0.004,0.0,0.0,0.0,0.0,gcb,gcb,owid,0.0,1.0,0.0,True,False,False
Niue,NIU,2011,1776.0,0.004,2.063,0.0,0.0,0.004,0.0,0.0,0.0,0.0,gcb,gcb,owid,0.0,1.0,0.0,True,False,False
Niue,NIU,2012,1784.0,0.004,2.054,0.0,0.0,0.004,0.0,0.0,0.0,0.0,gcb,gcb,owid,0.0,1.0,0.0,True,False,False
Niue,NIU,2013,1786.0,0.007,4.103,0.004,100.0,0.007,0.0,0.0,0.0,0.0,gcb,gcb,owid,0.0,1.0,0.0,True,False,False
Niue,NIU,2014,1792.0,0.007,4.089,0.0,0.0,0.007,0.0,0.0,0.0,0.0,gcb,gcb,owid,0.0,1.0,0.0,True,False,False
Niue,NIU,2015,1803.0,0.007,4.064,0.0,0.0,0.007,0.0,0.0,0.0,0.0,gcb,gcb,owid,0.0,1.0,0.0,True,False,False
Niue,NIU,2016,1806.0,0.007,4.058,0.0,0.0,0.007,0.0,0.0,0.0,0.0,gcb,gcb,owid,0.0,1.0,0.0,True,False,False
Niue,NIU,2017,1803.0,0.007,4.064,0.0,0.0,0.007,0.0,0.0,0.0,0.0,gcb,gcb,owid,0.0,1.0,0.0,True,False,False
Niue,NIU,2018,1805.0,0.007,4.06,0.0,0.0,0.007,0.0,0.0,0.0,0.0,gcb,gcb,owid,0.0,1.0,0.0,True,False,False
Niue,NIU,2019,1814.0,0.007,4.04,0.0,0.0,0.007,0.0,0.0,0.0,0.0,gcb,gcb,owid,0.0,1.0,0.0,True,False,False
Niue,NIU,2020,1822.0,0.007,4.022,0.0,0.0,0.007,0.0,0.0,0.0,0.0,gcb,gcb,owid,0.0,1.0,0.0,True,False,False
Niue,NIU,2021,1836.0,0.007,3.991,0.0,0.0,0.007,0.0,0.0,0.0,0.0,gcb,gcb,owid,0.0,1.0,0.0,True,False,False
North Korea,PRK,1992,21750912.0,97.985,4.505,-14.834,-13.148,5.02,91.036,0.0,91.036,0.0,owid,gcb,owid,0.9477388190222371,0.052261180977762965,0.0,False,False,False
North Korea,PRK,1993,22073354.0,89.585,4.059,-8.4,-8.573,4.496,83.473,0.0,83.473,0.0,owid,gcb,owid,0.9488910866327912,0.051108913367208915,0.0,False,False,False
North Korea,PRK,1994,22393967.0,81.584,3.643,-8.001,-8.931,3.037,76.79,0.0,76.79,0.0,owid,gcb,owid,0.9619552281809413,0.03804477181905871,0.0,False,False,False
North Korea,PRK,1995,22669307.0,76.085,3.356,-5.499,-6.74,4.038,70.338,0.0,70.338,0.0,owid,gcb,owid,0.9457082929977413,0.054291707002258806,0.0,False,False,False
North Korea,PRK,1996,22895753.0,66.292,2.895,-9.794,-12.872,4.353,60.405,0.0,60.405,0.0,owid,gcb,owid,0.9327805058834431,0.06721949411655703,0.0,False,False,False
North Korea,PRK,1997,23110836.0,63.679,2.755,-2.613,-3.941,3.037,59.291,0.0,59.291,0.0,owid,gcb,owid,0.9512739057887306,0.048726094211269416,0.0,False,False,False
North Korea,PRK,1998,23311570.0,58.749,2.52,-4.93,-7.741,3.99,53.487,0.0,53.487,0.0,owid,gcb,owid,0.9305809280233832,0.06941907197661673,0.0,False,False,False
North Korea,PRK,1999,23497594.0,64.143,2.73,5.394,9.182,2.609,59.881,0.0,59.881,0.0,owid,gcb,owid,0.9582493198911826,0.04175068010881741,0.0,False,False,False
North Korea,PRK,2000,23665909.0,69.165,2.923,5.022,7.829,3.136,64.175,0.0,64.175,0.0,owid,gcb,owid,0.953410289551485,0.046589710448515106,0.0,False,False,False
North Korea,PRK,2001,23815364.0,71.668,3.009,2.503,3.619,3.488,66.11,0.0,66.11,0.0,owid,gcb,owid,0.949883617345326,0.05011638265467398,0.0,False,False,False
North Korea,PRK,2002,23943975.0,68.642,2.867,-3.026,-4.223,3.495,63.021,0.0,63.021,0.0,owid,gcb,owid,0.9474562511275482,0.05254374887245174,0.0,False,False,False
North Korea,PRK,2003,24090382.0,70.143,2.912,1.501,2.187,3.404,64.534,0.0,64.534,0.0,owid,gcb,owid,0.949895492949454,0.05010450705054608,0.0,False,False,False
North Korea,PRK,2004,24254946.0,71.722,2.957,1.579,2.251,3.426,66.066,0.0,66.066,0.0,owid,gcb,owid,0.950699361077534,0.049300638922465896,0.0,False,False,False
North Korea,PRK,2005,24396434.0,75.01,3.075,3.288,4.585,2.876,69.796,0.0,69.796,0.0,owid,gcb,owid,0.9604249229414354,0.0395750770585645,0.0,False,False,False
North Korea,PRK,2006,24524508.0,76.17,3.106,1.16,1.547,2.195,71.572,0.0,71.572,0.0,owid,gcb,owid,0.9702441471118523,0.029755852888147815,0.0,False,False,False
North Korea,PRK,2007,24646384.0,63.478,2.576,-12.692,-16.663,2.623,58.496,0.0,58.496,0.0,owid,gcb,owid,0.9570837219195341,0.04291627808046598,0.0,False,False,False
North Korea,PRK,2008,24764620.0,70.326,2.84,6.848,10.788,2.686,65.19,0.0,65.19,0.0,owid,gcb,owid,0.9604278390005303,0.03957216099946962,0.0,False,False,False
North Korea,PRK,2009,24878338.0,67.66,2.72,-2.666,-3.791,2.59,62.732,0.0,62.732,0.0,owid,gcb,owid,0.9603502648418603,0.03964973515813967,0.0,False,False,False
North Korea,PRK,2010,24987257.0,65.355,2.616,-2.305,-3.407,2.568,60.39,0.0,60.39,0.0,owid,gcb,owid,0.9592109025064329,0.04078909749356714,0.0,False,False,False
North Korea,PRK,2011,25097877.0,47.867,1.907,-17.488,-26.759,2.642,42.785,0.0,42.785,0.0,owid,gcb,owid,0.9418407554978316,0.05815924450216831,0.0,False,False,False
North Korea,PRK,2012,25211737.0,46.755,1.854,-1.112,-2.323,2.532,41.792,0.0,41.792,0.0,owid,gcb,owid,0.9428751917696959,0.05712480823030413,0.0,False,False,False
North Korea,PRK,2013,25329456.0,36.144,1.427,-10.61,-22.694,2.733,30.888,0.0,30.888,0.0,owid,gcb,owid,0.9187115195859731,0.08128848041402695,0.0,False,False,False
North Korea,PRK,2014,25451263.0,39.825,1.565,3.68,10.182,2.609,34.668,0.0,34.668,0.0,owid,gcb,owid,0.930010462215307,0.06998953778469297,0.0,False,False,False
North Korea,PRK,2015,25575355.0,31.278,1.223,-8.547,-21.461,2.986,25.736,0.0,25.736,0.0,owid,gcb,owid,0.8960378803704477,0.10396211962955226,0.0,False,False,False
North Korea,PRK,2016,25698325.0,34.236,1.332,2.959,9.459,3.199,28.337,0.0,28.337,0.0,owid,gcb,owid,0.8985603754439371,0.1014396245560629,0.0,False,False,False
North Korea,PRK,2017,25817710.0,69.708,2.7,35.472,103.608,2.931,64.168,0.0,64.168,0.0,owid,gcb,owid,0.956318275980268,0.043681724019732034,0.0,False,False,False
North Korea,PRK,2018,25931153.0,62.608,2.414,-7.1,-10.185,2.906,57.477,0.0,57.477,0.0,owid,gcb,owid,0.9518738717851051,0.048126128214894925,0.0,False,False,False
North Korea,PRK,2019,26037633.0,69.512,2.67,6.904,11.027,3.173,64.201,0.0,64.201,0.0,owid,gcb,owid,0.9529046813310772,0.047095318668922734,0.0,False,False,False
North Korea,PRK,2020,26136312.0,65.577,2.509,-3.935,-5.662,3.052,60.353,0.0,60.353,0.0,owid,gcb,owid,0.9518649948742213,0.04813500512577872,0.0,False,False,False
North Korea,PRK,2021,26232530.0,53.97,2.057,-11.607,-17.7,2.477,49.219,0.0,49.219,0.0,owid,gcb,owid,0.9520852677189725,0.04791473228102754,0.0,False,False,False
North Macedonia,MKD,1992,2032516.0,8.394,4.13,0.605,7.773,3.155,5.24,0.0,5.24,0.0,owid,gcb,owid,0.6241810601548541,0.3758189398451459,0.0,False,False,False
North Macedonia,MKD,1993,2006853.0,7.599,3.787,-0.795,-9.471,2.344,5.255,0.0,5.255,0.0,owid,gcb,owid,0.6915383603105671,0.3084616396894328,0.0,False,False,False
North Macedonia,MKD,1994,1992669.0,7.903,3.966,0.304,4.001,2.433,5.47,0.0,5.47,0.0,owid,gcb,owid,0.6921422244717196,0.3078577755282804,0.0,False,False,False
North Macedonia,MKD,1995,1998531.0,7.925,3.966,0.022,0.278,2.283,5.643,0.0,5.643,0.0,owid,gcb,owid,0.7119606358819076,0.28803936411809233,0.0,False,False,False
North Macedonia,MKD,1996,2012553.0,9.416,4.679,1.491,18.816,3.572,5.844,0.0,5.844,0.0,owid,gcb,owid,0.6206457094307561,0.37935429056924386,0.0,False,False,False
North Macedonia,MKD,1997,2025764.0,8.446,4.169,-0.971,-10.311,2.979,5.467,0.0,5.467,0.0,owid,gcb,owid,0.6472886573525929,0.35271134264740706,0.0,False,False,False
North Macedonia,MKD,1998,2037575.0,9.647,4.735,1.202,14.229,2.734,6.873,0.04,6.873,0.04,owid,owid,owid,0.7124494661552816,0.2834041670985799,0.004146366746138697,False,False,False
North Macedonia,MKD,1999,2048088.0,8.783,4.288,-0.865,-8.962,2.685,6.021,0.077,6.021,0.077,owid,owid,owid,0.6855288625754299,0.305704201297962,0.008766936126608222,False,False,False
North Macedonia,MKD,2000,2057254.0,8.468,4.116,-0.315,-3.588,2.816,5.527,0.125,5.527,0.125,owid,owid,owid,0.6526924893717525,0.33254605573925367,0.01476145488899386,False,False,False
North Macedonia,MKD,2001,2066300.0,8.292,4.013,-0.176,-2.079,2.298,5.828,0.165,5.828,0.165,owid,owid,owid,0.7029308889156917,0.2771680135086238,0.01990109757568448,False,False,False
North Macedonia,MKD,2002,2074482.0,7.837,3.778,-0.454,-5.478,2.561,5.104,0.172,5.104,0.172,owid,owid,owid,0.6512696184764578,0.3267832078601506,0.021947173663391602,False,False,False
North Macedonia,MKD,2003,2081417.0,8.533,4.1,0.696,8.881,2.529,5.854,0.15,5.854,0.15,owid,owid,owid,0.6860424235321693,0.29637876479549985,0.01757881167233095,False,False,False
North Macedonia,MKD,2004,2086581.0,8.229,3.944,-0.304,-3.562,2.598,5.496,0.136,5.496,0.136,owid,owid,owid,0.6678007290400972,0.3156743620899149,0.01652490886998785,False,False,False
North Macedonia,MKD,2005,2089809.0,8.596,4.113,0.366,4.452,2.682,5.771,0.143,5.771,0.143,owid,owid,owid,0.6713587715216379,0.3120055839925547,0.01663564448580735,False,False,False
North Macedonia,MKD,2006,2089232.0,8.651,4.141,0.055,0.639,2.865,5.632,0.154,5.632,0.154,owid,owid,owid,0.6510230031210265,0.331175586637383,0.017801410241590567,False,False,False
North Macedonia,MKD,2007,2081972.0,9.013,4.329,0.363,4.191,3.097,5.722,0.194,5.722,0.194,owid,owid,owid,0.6348607566847886,0.3436147786530566,0.02152446466215466,False,False,False
North Macedonia,MKD,2008,2070837.0,8.936,4.315,-0.077,-0.852,2.777,5.936,0.224,5.936,0.224,owid,owid,owid,0.6642049904889783,0.3107306702472865,0.025064339263735032,False,False,False
North Macedonia,MKD,2009,2060601.0,8.248,4.002,-0.689,-7.71,2.822,5.278,0.147,5.278,0.147,owid,owid,owid,0.6399902995028495,0.3421850369831454,0.017824663514005093,False,False,False
North Macedonia,MKD,2010,2051510.0,8.182,3.988,-0.066,-0.796,2.739,5.223,0.22,5.223,0.22,owid,owid,owid,0.6383524810559765,0.3347592275727206,0.026888291371302858,False,False,False
North Macedonia,MKD,2011,2040445.0,8.823,4.324,0.641,7.835,2.752,5.818,0.253,5.818,0.253,owid,owid,owid,0.6594128981072197,0.31191204805621664,0.028675053836563526,False,False,False
North Macedonia,MKD,2012,2027288.0,8.457,4.171,-0.366,-4.153,2.675,5.522,0.26,5.522,0.26,owid,owid,owid,0.6529502187536953,0.31630601868274805,0.03074376256355682,False,False,False
North Macedonia,MKD,2013,2013280.0,7.452,3.702,-1.004,-11.873,2.599,4.557,0.297,4.557,0.297,owid,owid,owid,0.61143163826647,0.34871863679055415,0.03984972494297598,False,False,False
North Macedonia,MKD,2014,1997842.0,7.167,3.587,-0.286,-3.833,2.594,4.32,0.253,4.32,0.253,owid,owid,owid,0.6027626622017581,0.3619366541091112,0.03530068368913074,False,False,False
North Macedonia,MKD,2015,1980366.0,6.72,3.393,-0.447,-6.237,2.737,3.752,0.231,3.752,0.231,owid,owid,owid,0.5583333333333333,0.4072916666666667,0.034375,False,False,False
North Macedonia,MKD,2016,1961268.0,6.606,3.368,-0.114,-1.69,2.81,3.433,0.363,3.433,0.363,owid,owid,owid,0.5196790796245837,0.42537087496215564,0.05495004541326067,False,False,False
North Macedonia,MKD,2017,1940877.0,7.09,3.653,0.484,7.324,2.813,3.812,0.465,3.812,0.465,owid,owid,owid,0.5376586741889986,0.3967559943582511,0.06558533145275036,False,False,False
North Macedonia,MKD,2018,1919730.0,6.654,3.466,-0.436,-6.152,2.77,3.408,0.476,3.408,0.476,owid,owid,owid,0.5121731289449954,0.4162909528103397,0.07153591824466486,False,False,False
North Macedonia,MKD,2019,1897643.0,7.625,4.018,0.971,14.59,3.017,4.051,0.557,4.051,0.557,owid,owid,owid,0.5312786885245901,0.39567213114754096,0.07304918032786886,False,False,False
North Macedonia,MKD,2020,1872021.0,6.98,3.729,-0.645,-8.455,2.88,3.459,0.641,3.459,0.641,owid,owid,owid,0.4955587392550143,0.4126074498567335,0.09183381088825214,False,False,False
North Macedonia,MKD,2021,1851109.0,6.518,3.521,-0.462,-6.614,3.155,2.55,0.813,2.55,0.813,owid,owid,owid,0.3912243019331083,0.4840441853329242,0.12473151273396747,False,False,False
Norway,NOR,1992,4286255.0,34.402,8.026,0.936,2.797,19.749,3.292,8.334,3.292,8.334,owid,owid,owid,0.10492430278884463,0.6294501992031872,0.26562549800796814,False,False,False
Norway,NOR,1993,4311864.0,35.948,8.337,1.546,4.494,20.13,3.7,8.719,3.7,8.719,owid,owid,owid,0.1136747672739562,0.6184521797904697,0.26787305293557406,False,False,False
Norway,NOR,1994,4336467.0,37.863,8.731,1.915,5.327,20.876,4.067,9.423,4.067,9.423,owid,owid,owid,0.11834371180818251,0.6074608624803586,0.274195425711459,False,False,False
Norway,NOR,1995,4358991.0,38.469,8.825,0.606,1.601,21.313,4.138,9.396,4.138,9.396,owid,owid,owid,0.11874766837891353,0.6116164949636984,0.26963583665738805,False,False,False
Norway,NOR,1996,4381137.0,41.54,9.482,3.071,7.983,23.388,4.139,10.118,4.139,10.118,owid,owid,owid,0.10994820029220348,0.6212777261256475,0.268774073582149,False,False,False
Norway,NOR,1997,4404988.0,41.644,9.454,0.104,0.25,23.045,4.212,10.553,4.212,10.553,owid,owid,owid,0.11139910076699285,0.6094948426342237,0.2791060565987834,False,False,False
Norway,NOR,1998,4431308.0,41.838,9.441,0.194,0.466,23.751,4.417,9.862,4.417,9.862,owid,owid,owid,0.11614514856692085,0.6245332632132528,0.2593215882198264,False,False,False
Norway,NOR,1999,4461789.0,42.609,9.55,0.771,1.843,24.282,4.402,9.615,4.402,9.615,owid,owid,owid,0.11493772683359879,0.6340113318885611,0.25105094127784017,False,False,False
Norway,NOR,2000,4490864.0,42.131,9.381,-0.478,-1.122,22.346,4.324,11.042,4.324,11.042,owid,owid,owid,0.11465846414934237,0.5925434874840899,0.29279804836656764,False,False,False
Norway,NOR,2001,4513650.0,43.519,9.642,1.388,3.294,23.33,3.939,12.131,3.939,12.131,owid,owid,owid,0.09997461928934011,0.5921319796954314,0.30789340101522844,False,False,False
Norway,NOR,2002,4538016.0,42.571,9.381,-0.948,-2.178,23.322,3.434,12.302,3.434,12.302,owid,owid,owid,0.08792052844487686,0.5971119873009371,0.3149674842541861,False,False,False
Norway,NOR,2003,4564666.0,43.919,9.622,1.348,3.166,24.382,3.284,13.021,3.284,13.021,owid,owid,owid,0.08071374148991078,0.5992577481750928,0.32002851033499646,False,False,False
Norway,NOR,2004,4591739.0,44.257,9.638,0.338,0.77,24.047,3.67,13.595,3.67,13.595,owid,owid,owid,0.08883617350890782,0.5820826878388846,0.3290811386522076,False,False,False
Norway,NOR,2005,4623120.0,43.279,9.361,-0.978,-2.21,23.64,3.319,13.426,3.319,13.426,owid,owid,owid,0.0821839792001981,0.5853658536585367,0.33245016714126535,False,False,False
Norway,NOR,2006,4660487.0,43.859,9.411,0.58,1.34,24.743,2.747,13.6,2.747,13.6,owid,owid,owid,0.06685324896568509,0.6021659771233877,0.33098077391092723,False,False,False
Norway,NOR,2007,4709017.0,45.605,9.685,1.746,3.981,24.389,3.11,13.92,3.11,13.92,owid,owid,owid,0.07508631304473792,0.5888360414302615,0.33607764552500063,False,False,False
Norway,NOR,2008,4768097.0,44.692,9.373,-0.913,-2.002,23.62,3.23,14.09,3.23,14.09,owid,owid,owid,0.07889594528578407,0.576941866145579,0.34416218856863706,False,False,False
Norway,NOR,2009,4828625.0,43.098,8.926,-1.594,-3.567,23.144,2.322,14.793,2.322,14.793,owid,owid,owid,0.05767654437517077,0.5748776671054919,0.3674457885193373,False,False,False
Norway,NOR,2010,4889160.0,45.659,9.339,2.561,5.942,24.535,3.053,15.053,3.053,15.053,owid,owid,owid,0.0715977580263127,0.5753851926549565,0.3530170493187308,False,False,False
Norway,NOR,2011,4952969.0,44.775,9.04,-0.884,-1.936,24.308,3.202,14.368,3.202,14.368,owid,owid,owid,0.07646019389655666,0.5804479679067768,0.3430918381966665,False,False,False
Norway,NOR,2012,5018453.0,44.258,8.819,-0.517,-1.155,24.279,3.175,14.086,3.175,14.086,owid,owid,owid,0.07643235435724602,0.5844727973038035,0.3390948483389504,False,False,False
Norway,NOR,2013,5080126.0,44.539,8.767,0.281,0.635,24.539,3.242,13.909,3.242,13.909,owid,owid,owid,0.07776445190693211,0.5886063804269609,0.33362916766610695,False,False,False
Norway,NOR,2014,5137397.0,44.975,8.754,0.436,0.979,24.091,3.473,14.651,3.473,14.651,owid,owid,owid,0.08226933554423782,0.5706739310671562,0.34705673338860593,False,False,False
Norway,NOR,2015,5189777.0,45.523,8.772,0.548,1.218,23.893,3.362,15.516,3.362,15.516,owid,owid,owid,0.07860466203736176,0.5586261719389306,0.3627691660237076,False,False,False
Norway,NOR,2016,5235974.0,44.708,8.539,-0.815,-1.79,23.38,3.479,15.152,3.479,15.152,owid,owid,owid,0.08281164456927949,0.5565209111899265,0.3606674442407941,False,False,False
Norway,NOR,2017,5276807.0,44.197,8.376,-0.511,-1.143,22.723,3.581,15.498,3.581,15.498,owid,owid,owid,0.08566575761925267,0.5435864312712311,0.37074781110951627,False,False,False
Norway,NOR,2018,5311751.0,44.472,8.372,0.275,0.622,23.347,3.466,15.335,3.466,15.335,owid,owid,owid,0.08223403245705609,0.5539290120527665,0.36383695549017747,False,False,False
Norway,NOR,2019,5347733.0,42.866,8.016,-1.606,-3.611,22.084,3.485,15.057,3.485,15.057,owid,owid,owid,0.0857825038152907,0.5435927731009699,0.3706247230837395,False,False,False
Norway,NOR,2020,5379275.0,41.275,7.673,-1.591,-3.712,21.328,3.539,14.318,3.539,14.318,owid,owid,owid,0.09031517162179405,0.5442899068521118,0.36539492152609415,False,False,False
Norway,NOR,2021,5408082.0,41.058,7.592,-0.217,-0.526,22.07,3.639,13.397,3.639,13.397,owid,owid,owid,0.09305477420344703,0.5643635247788064,0.34258170101774665,False,False,False
Oman,OMN,1992,1938240.0,11.956,6.168,0.298,2.552,4.043,0.0,6.256,0.0,6.256,owid,owid,owid,0.0,0.3925623846975435,0.6074376153024565,False,False,False
Oman,OMN,1993,2021677.0,13.291,6.574,1.335,11.169,4.085,0.0,7.588,0.0,7.588,owid,owid,owid,0.0,0.3499528827208087,0.6500471172791913,False,False,False
Oman,OMN,1994,2081839.0,17.466,8.39,4.175,31.408,5.276,0.0,8.416,0.0,8.416,owid,owid,owid,0.0,0.38533450189891905,0.614665498101081,False,False,False
Oman,OMN,1995,2120531.0,18.816,8.873,1.35,7.731,7.678,0.0,6.876,0.0,6.876,owid,owid,owid,0.0,0.5275525628693143,0.4724474371306857,False,False,False
Oman,OMN,1996,2156925.0,18.197,8.437,-0.619,-3.29,7.273,0.0,6.383,0.0,6.383,owid,owid,owid,0.0,0.5325864089045108,0.4674135910954892,False,False,False
Oman,OMN,1997,2190726.0,18.145,8.282,-0.053,-0.29,5.518,0.0,7.497,0.0,7.497,owid,owid,owid,0.0,0.4239723396081444,0.5760276603918555,False,False,False
Oman,OMN,1998,2222492.0,18.543,8.343,0.399,2.197,5.363,0.0,8.839,0.0,8.839,owid,owid,owid,0.0,0.37762287001830724,0.6223771299816927,False,False,False
Oman,OMN,1999,2252910.0,22.076,9.799,3.533,19.053,7.738,0.0,9.754,0.0,9.754,owid,owid,owid,0.0,0.4423736565286988,0.5576263434713011,False,False,False
Oman,OMN,2000,2282139.0,23.984,10.51,1.908,8.644,8.163,0.0,11.029,0.0,11.029,owid,owid,owid,0.0,0.4253334722801167,0.5746665277198832,False,False,False
Oman,OMN,2001,2310223.0,22.512,9.744,-1.473,-6.14,5.251,0.0,12.134,0.0,12.134,owid,owid,owid,0.0,0.3020419902214553,0.6979580097785447,False,False,False
Oman,OMN,2002,2337144.0,26.979,11.544,4.467,19.844,6.226,0.0,15.314,0.0,15.314,owid,owid,owid,0.0,0.28904363974001857,0.7109563602599814,False,False,False
Oman,OMN,2003,2363801.0,34.563,14.622,7.584,28.112,11.12,0.0,16.818,0.0,16.818,owid,owid,owid,0.0,0.39802419643496306,0.6019758035650369,False,False,False
Oman,OMN,2004,2404822.0,29.247,12.162,-5.316,-15.38,7.504,0.001,15.37,0.001,15.37,owid,owid,owid,4.371584699453552e-05,0.32804371584699454,0.6719125683060109,False,False,False
Oman,OMN,2005,2459808.0,31.835,12.942,2.588,8.849,6.87,0.004,18.892,0.004,18.892,owid,owid,owid,0.00015524334394162852,0.266630443219747,0.7332143134363115,False,False,False
Oman,OMN,2006,2514794.0,40.45,16.085,8.614,27.059,14.029,0.0,20.625,0.0,20.625,owid,owid,owid,0.0,0.404830611184856,0.595169388815144,False,False,False
Oman,OMN,2007,2570175.0,45.308,17.629,4.859,12.012,18.148,0.003,21.717,0.003,21.717,owid,owid,owid,7.524831945419886e-05,0.45520216715160033,0.5447225845289455,False,False,False
Oman,OMN,2008,2626536.0,47.436,18.06,2.127,4.695,13.275,0.009,28.689,0.009,28.689,owid,owid,owid,0.00021442355800157243,0.31627474805231937,0.6835108283896791,False,False,False
Oman,OMN,2009,2684665.0,44.504,16.577,-2.932,-6.18,10.53,0.025,28.729,0.025,28.729,owid,owid,owid,0.0006363914061704512,0.26804806027899397,0.7313155483148356,False,False,False
Oman,OMN,2010,2757450.0,51.429,18.651,6.925,15.561,12.109,0.029,34.106,0.029,34.106,owid,owid,owid,0.0006271083816278869,0.2618501859700718,0.7375227056483004,False,False,False
Oman,OMN,2011,3076762.0,57.305,18.625,5.876,11.425,12.45,0.027,39.117,0.027,39.117,owid,owid,owid,0.0005233166647284569,0.24130712873589955,0.7581695545993721,False,False,False
Oman,OMN,2012,3547104.0,63.105,17.791,5.8,10.121,14.983,0.014,41.637,0.014,41.637,owid,owid,owid,0.00024720132782427517,0.2645583924850796,0.7351944061870961,False,False,False
Oman,OMN,2013,3833915.0,65.587,17.107,2.482,3.933,13.168,0.021,45.635,0.021,45.635,owid,owid,owid,0.00035699714402284786,0.22385420916632667,0.7757887936896505,False,False,False
Oman,OMN,2014,4002444.0,66.19,16.537,0.603,0.919,14.275,0.015,44.965,0.015,44.965,owid,owid,owid,0.0002531431946671167,0.24090794025820605,0.7588389165471269,False,False,False
Oman,OMN,2015,4184898.0,67.883,16.221,1.693,2.558,12.703,0.214,48.251,0.214,48.251,owid,owid,owid,0.0034985613392623594,0.20767394716191473,0.7888274914988229,False,False,False
Oman,OMN,2016,4390880.0,66.24,15.086,-1.643,-2.421,10.941,0.186,48.255,0.186,48.255,owid,owid,owid,0.003132262301707588,0.1842477518439931,0.8126199858542993,False,False,False
Oman,OMN,2017,4537397.0,66.344,14.622,0.104,0.157,11.828,0.166,47.496,0.166,47.496,owid,owid,owid,0.0027903849386451507,0.19882333165237853,0.7983862834089763,False,False,False
Oman,OMN,2018,4597878.0,70.678,15.372,4.334,6.533,12.599,0.111,51.296,0.111,51.296,owid,owid,owid,0.0017342124175858513,0.1968409211636409,0.8014248664187732,False,False,False
Oman,OMN,2019,4591248.0,72.035,15.69,1.357,1.92,12.324,0.191,52.344,0.191,52.344,owid,owid,owid,0.002944849596817712,0.19001218026796587,0.8070429701352163,False,False,False
Oman,OMN,2020,4522502.0,71.845,15.886,-0.19,-0.263,10.069,0.329,54.171,0.329,54.171,owid,owid,owid,0.005095324381669222,0.15594170577211974,0.838962969846211,False,False,False
Oman,OMN,2021,4500429.0,75.041,16.674,3.196,4.449,11.147,0.165,56.451,0.165,56.451,owid,owid,owid,0.002434957129997196,0.1644998007762348,0.833065242093768,False,False,False
Pakistan,PAK,1992,123546855.0,72.015,0.583,4.538,6.725,34.971,8.361,25.515,8.361,25.515,owid,owid,owid,0.12144320013943964,0.5079524162272866,0.3706043836332738,False,False,False
Pakistan,PAK,1993,127020117.0,77.176,0.608,5.161,7.166,38.384,8.464,26.949,8.464,26.949,owid,owid,owid,0.11469300920091603,0.520129544561432,0.36517744623765197,False,False,False
Pakistan,PAK,1994,130748076.0,84.018,0.643,6.843,8.866,42.986,9.208,28.539,9.208,28.539,owid,owid,owid,0.11405497132523255,0.5324464593165124,0.35349856935825497,False,False,False
Pakistan,PAK,1995,134582255.0,83.614,0.621,-0.404,-0.481,43.693,8.332,28.11,8.332,28.11,owid,owid,owid,0.10397454295875712,0.545242403444188,0.35078305359705503,False,False,False
Pakistan,PAK,1996,138557089.0,93.542,0.675,9.928,11.874,50.178,9.358,30.404,9.358,30.404,owid,owid,owid,0.10404714253947077,0.55790527018012,0.3380475872804092,False,False,False
Pakistan,PAK,1997,142531801.0,93.788,0.658,0.246,0.263,49.358,8.574,32.218,8.574,32.218,owid,owid,owid,0.09510815307820299,0.5475097060454797,0.35738214087631726,False,False,False
Pakistan,PAK,1998,146522354.0,96.741,0.66,2.953,3.148,52.58,8.182,32.384,8.182,32.384,owid,owid,owid,0.08784059433577394,0.5644901552401606,0.34766925042406543,False,False,False
Pakistan,PAK,1999,150565381.0,99.389,0.66,2.649,2.738,52.448,8.592,34.476,8.592,34.476,owid,owid,owid,0.08995351564135853,0.5491017211776038,0.36094476318103774,False,False,False
Pakistan,PAK,2000,154879124.0,103.94,0.671,4.55,4.578,55.39,8.192,36.368,8.192,36.368,owid,owid,owid,0.08196098049024512,0.5541770885442722,0.36386193096548275,False,False,False
Pakistan,PAK,2001,159270910.0,105.401,0.662,1.461,1.406,55.088,8.042,37.856,8.042,37.856,owid,owid,owid,0.07963480086348602,0.5455013566236904,0.37486384251282356,False,False,False
Pakistan,PAK,2002,163222552.0,110.566,0.677,5.166,4.901,53.659,7.742,44.77,7.742,44.77,owid,owid,owid,0.0729201005924405,0.5054016633544,0.42167823605315957,False,False,False
Pakistan,PAK,2003,167110250.0,113.142,0.677,2.576,2.329,44.217,8.841,54.912,8.841,54.912,owid,owid,owid,0.08188385662684078,0.40953042511808835,0.5085857182550708,False,False,False
Pakistan,PAK,2004,171285999.0,124.637,0.728,11.495,10.16,46.331,11.923,60.778,11.923,60.778,owid,owid,owid,0.10016634182404731,0.3892314671684925,0.5106021910074601,False,False,False
Pakistan,PAK,2005,175453212.0,129.947,0.741,5.311,4.261,48.365,11.446,63.497,11.446,63.497,owid,owid,owid,0.09282447205371915,0.3922292146494956,0.5149463132967853,False,False,False
Pakistan,PAK,2006,179682690.0,137.912,0.768,7.964,6.129,54.216,12.051,63.757,12.051,63.757,owid,owid,owid,0.09268288931274227,0.41696917492155294,0.4903479357657048,False,False,False
Pakistan,PAK,2007,184493231.0,148.349,0.804,10.437,7.568,57.866,16.067,64.952,16.067,64.952,owid,owid,owid,0.11568563919789755,0.41664686611225116,0.46766749468985136,False,False,False
Pakistan,PAK,2008,189499112.0,147.901,0.78,-0.448,-0.302,58.93,12.887,65.756,12.887,65.756,owid,owid,owid,0.0936739040364025,0.4283544009362302,0.47797169502736725,False,False,False
Pakistan,PAK,2009,194376535.0,148.355,0.763,0.454,0.307,58.311,11.446,66.987,11.446,66.987,owid,owid,owid,0.08370385537939508,0.4264245597613058,0.4898715848592991,False,False,False
Pakistan,PAK,2010,199239048.0,147.504,0.74,-0.851,-0.574,62.145,11.021,63.123,11.021,63.123,owid,owid,owid,0.08086492673656716,0.4559795728195233,0.4631555004439097,False,False,False
Pakistan,PAK,2011,203746069.0,149.488,0.734,1.984,1.345,60.504,12.003,65.959,12.003,65.959,owid,owid,owid,0.08668554013259572,0.43695925353516385,0.4763552063322404,False,False,False
Pakistan,PAK,2012,207667129.0,150.555,0.725,1.067,0.714,63.616,10.369,64.177,10.369,64.177,owid,owid,owid,0.07504957947916213,0.4604449848728304,0.46450543564800745,False,False,False
Pakistan,PAK,2013,211073979.0,148.183,0.702,-2.372,-1.576,61.042,10.318,63.721,10.318,63.721,owid,owid,owid,0.07638379935001963,0.45189182786624327,0.4717243727837372,False,False,False
Pakistan,PAK,2014,214264649.0,150.81,0.704,2.626,1.772,60.428,13.117,64.202,13.117,64.202,owid,owid,owid,0.09522530436234546,0.43868831989081425,0.46608637574684014,False,False,False
Pakistan,PAK,2015,217290884.0,144.896,0.667,-5.914,-3.921,54.382,12.506,64.407,12.506,64.407,owid,owid,owid,0.09525115198598574,0.4141970372062911,0.490551810807723,False,False,False
Pakistan,PAK,2016,220138863.0,176.741,0.803,31.845,21.978,74.33,22.614,64.522,22.614,64.522,owid,owid,owid,0.1400542529077329,0.46034459266966415,0.3996011544226029,False,False,False
Pakistan,PAK,2017,223273974.0,211.981,0.949,35.24,19.939,83.47,37.259,75.724,37.259,75.724,owid,owid,owid,0.18965859518561692,0.42488534153207125,0.3854560632823118,False,False,False
Pakistan,PAK,2018,226928893.0,203.5,0.897,-8.481,-4.001,66.654,46.21,74.561,46.21,74.561,owid,owid,owid,0.24655195411497932,0.3556302521008403,0.39781779378418036,False,False,False
Pakistan,PAK,2019,230800908.0,190.826,0.827,-12.674,-6.228,61.867,44.715,68.337,44.715,68.337,owid,owid,owid,0.2556326070924257,0.353689421961022,0.3906779709465525,False,False,False
Pakistan,PAK,2020,235001745.0,215.51,0.917,24.684,12.935,80.077,52.01,66.395,52.01,66.395,owid,owid,owid,0.26203887506171847,0.40344716397456704,0.3345139609637146,False,False,False
Pakistan,PAK,2021,239477805.0,243.552,1.017,28.043,13.012,94.018,62.292,67.872,62.292,67.872,owid,owid,owid,0.2778635216029833,0.4193824660320632,0.3027540123649535,False,False,False
Palau,PLW,1992,16017.0,0.194,12.124,-0.04,-17.188,0.194,0.0,0.0,0.0,0.0,gcb,gcb,owid,0.0,1.0,0.0,True,False,False
Palau,PLW,1993,16397.0,0.194,11.843,0.0,0.0,0.194,0.0,0.0,0.0,0.0,gcb,gcb,owid,0.0,1.0,0.0,True,False,False
Palau,PLW,1994,16796.0,0.198,11.78,0.004,1.887,0.198,0.0,0.0,0.0,0.0,gcb,gcb,owid,0.0,1.0,0.0,True,False,False
Palau,PLW,1995,17217.0,0.194,11.279,-0.004,-1.852,0.194,0.0,0.0,0.0,0.0,gcb,gcb,owid,0.0,1.0,0.0,True,False,False
Palau,PLW,1996,17683.0,0.198,11.189,0.004,1.887,0.198,0.0,0.0,0.0,0.0,gcb,gcb,owid,0.0,1.0,0.0,True,False,False
Palau,PLW,1997,18126.0,0.198,10.916,0.0,0.0,0.198,0.0,0.0,0.0,0.0,gcb,gcb,owid,0.0,1.0,0.0,True,False,False
Palau,PLW,1998,18548.0,0.202,10.865,0.004,1.852,0.202,0.0,0.0,0.0,0.0,gcb,gcb,owid,0.0,1.0,0.0,True,False,False
Palau,PLW,1999,18926.0,0.202,10.648,0.0,0.0,0.202,0.0,0.0,0.0,0.0,gcb,gcb,owid,0.0,1.0,0.0,True,False,False
Palau,PLW,2000,19206.0,0.209,10.874,0.007,3.636,0.209,0.0,0.0,0.0,0.0,gcb,gcb,owid,0.0,1.0,0.0,True,False,False
Palau,PLW,2001,19379.0,0.213,10.966,0.004,1.754,0.213,0.0,0.0,0.0,0.0,gcb,gcb,owid,0.0,1.0,0.0,True,False,False
Palau,PLW,2002,19527.0,0.213,10.883,0.0,0.0,0.213,0.0,0.0,0.0,0.0,gcb,gcb,owid,0.0,1.0,0.0,True,False,False
Palau,PLW,2003,19683.0,0.213,10.797,0.0,0.0,0.213,0.0,0.0,0.0,0.0,gcb,gcb,owid,0.0,1.0,0.0,True,False,False
Palau,PLW,2004,19841.0,0.213,10.711,0.0,0.0,0.213,0.0,0.0,0.0,0.0,gcb,gcb,owid,0.0,1.0,0.0,True,False,False
Palau,PLW,2005,19837.0,0.224,11.267,0.011,5.172,0.224,0.0,0.0,0.0,0.0,gcb,gcb,owid,0.0,1.0,0.0,True,False,False
Palau,PLW,2006,19616.0,0.227,11.581,0.004,1.639,0.227,0.0,0.0,0.0,0.0,gcb,gcb,owid,0.0,1.0,0.0,True,False,False
Palau,PLW,2007,19324.0,0.253,13.083,0.026,11.29,0.253,0.0,0.0,0.0,0.0,gcb,gcb,owid,0.0,1.0,0.0,True,False,False
Palau,PLW,2008,19031.0,0.205,10.782,-0.048,-18.841,0.205,0.0,0.0,0.0,0.0,gcb,gcb,owid,0.0,1.0,0.0,True,False,False
Palau,PLW,2009,18736.0,0.194,10.365,-0.011,-5.357,0.194,0.0,0.0,0.0,0.0,gcb,gcb,owid,0.0,1.0,0.0,True,False,False
Palau,PLW,2010,18420.0,0.209,11.338,0.015,7.547,0.209,0.0,0.0,0.0,0.0,gcb,gcb,owid,0.0,1.0,0.0,True,False,False
Palau,PLW,2011,18099.0,0.213,11.742,0.004,1.754,0.213,0.0,0.0,0.0,0.0,gcb,gcb,owid,0.0,1.0,0.0,True,False,False
Palau,PLW,2012,17791.0,0.224,12.563,0.011,5.172,0.224,0.0,0.0,0.0,0.0,gcb,gcb,owid,0.0,1.0,0.0,True,False,False
Palau,PLW,2013,17670.0,0.227,12.856,0.004,1.639,0.227,0.0,0.0,0.0,0.0,gcb,gcb,owid,0.0,1.0,0.0,True,False,False
Palau,PLW,2014,17740.0,0.22,12.392,-0.007,-3.226,0.22,0.0,0.0,0.0,0.0,gcb,gcb,owid,0.0,1.0,0.0,True,False,False
Palau,PLW,2015,17791.0,0.202,11.327,-0.018,-8.333,0.202,0.0,0.0,0.0,0.0,gcb,gcb,owid,0.0,1.0,0.0,True,False,False
Palau,PLW,2016,17824.0,0.209,11.717,0.007,3.636,0.209,0.0,0.0,0.0,0.0,gcb,gcb,owid,0.0,1.0,0.0,True,False,False
Palau,PLW,2017,17838.0,0.216,12.119,0.007,3.509,0.216,0.0,0.0,0.0,0.0,gcb,gcb,owid,0.0,1.0,0.0,True,False,False
Palau,PLW,2018,17843.0,0.213,11.91,-0.004,-1.695,0.213,0.0,0.0,0.0,0.0,gcb,gcb,owid,0.0,1.0,0.0,True,False,False
Palau,PLW,2019,17821.0,0.216,12.13,0.004,1.724,0.216,0.0,0.0,0.0,0.0,gcb,gcb,owid,0.0,1.0,0.0,True,False,False
Palau,PLW,2020,17817.0,0.209,11.722,-0.007,-3.39,0.209,0.0,0.0,0.0,0.0,gcb,gcb,owid,0.0,1.0,0.0,True,False,False
Palau,PLW,2021,17809.0,0.213,11.933,0.004,1.754,0.213,0.0,0.0,0.0,0.0,gcb,gcb,owid,0.0,1.0,0.0,True,False,False
Palestine,PSE,1992,2324698.0,0.912,0.392,0.029,3.32,0.912,0.0,0.0,0.0,0.0,gcb,gcb,owid,0.0,1.0,0.0,False,False,False
Palestine,PSE,1993,2425066.0,0.934,0.385,0.022,2.41,0.934,0.0,0.0,0.0,0.0,gcb,gcb,owid,0.0,1.0,0.0,False,False,False
Palestine,PSE,1994,2529164.0,0.964,0.381,0.029,3.137,0.964,0.0,0.0,0.0,0.0,gcb,gcb,owid,0.0,1.0,0.0,False,False,False
Palestine,PSE,1995,2636554.0,0.945,0.359,-0.018,-1.901,0.945,0.0,0.0,0.0,0.0,gcb,gcb,owid,0.0,1.0,0.0,False,False,False
Palestine,PSE,1996,2746830.0,1.037,0.377,0.092,9.69,1.037,0.0,0.0,0.0,0.0,gcb,gcb,owid,0.0,1.0,0.0,False,False,False
Palestine,PSE,1997,2859581.0,0.865,0.302,-0.172,-16.608,0.865,0.0,0.0,0.0,0.0,gcb,gcb,owid,0.0,1.0,0.0,False,False,False
Palestine,PSE,1998,2962895.0,1.458,0.492,0.594,68.644,1.458,0.0,0.0,0.0,0.0,gcb,gcb,owid,0.0,1.0,0.0,False,False,False
Palestine,PSE,1999,3056256.0,1.367,0.447,-0.092,-6.281,1.367,0.0,0.0,0.0,0.0,gcb,gcb,owid,0.0,1.0,0.0,False,False,False
Palestine,PSE,2000,3151800.0,1.66,0.527,0.293,21.448,1.66,0.0,0.0,0.0,0.0,gcb,gcb,owid,0.0,1.0,0.0,False,False,False
Palestine,PSE,2001,3242286.0,1.345,0.415,-0.315,-18.985,1.345,0.0,0.0,0.0,0.0,gcb,gcb,owid,0.0,1.0,0.0,False,False,False
Palestine,PSE,2002,3322369.0,1.154,0.347,-0.191,-14.169,1.154,0.0,0.0,0.0,0.0,gcb,gcb,owid,0.0,1.0,0.0,False,False,False
Palestine,PSE,2003,3398071.0,1.275,0.375,0.121,10.476,1.275,0.0,0.0,0.0,0.0,gcb,gcb,owid,0.0,1.0,0.0,False,False,False
Palestine,PSE,2004,3475178.0,2.191,0.63,0.916,71.839,2.191,0.0,0.0,0.0,0.0,gcb,gcb,owid,0.0,1.0,0.0,False,False,False
Palestine,PSE,2005,3557406.0,2.737,0.769,0.546,24.916,2.737,0.0,0.0,0.0,0.0,gcb,gcb,owid,0.0,1.0,0.0,False,False,False
Palestine,PSE,2006,3645096.0,2.268,0.622,-0.469,-17.135,2.268,0.0,0.0,0.0,0.0,gcb,gcb,owid,0.0,1.0,0.0,False,False,False
Palestine,PSE,2007,3736694.0,2.327,0.623,0.059,2.585,2.327,0.0,0.0,0.0,0.0,gcb,gcb,owid,0.0,1.0,0.0,False,False,False
Palestine,PSE,2008,3829039.0,2.052,0.536,-0.275,-11.811,2.052,0.0,0.0,0.0,0.0,gcb,gcb,owid,0.0,1.0,0.0,False,False,False
Palestine,PSE,2009,3921245.0,2.088,0.533,0.037,1.786,2.088,0.0,0.0,0.0,0.0,gcb,gcb,owid,0.0,1.0,0.0,False,False,False
Palestine,PSE,2010,4016918.0,2.034,0.506,-0.055,-2.632,2.034,0.0,0.0,0.0,0.0,gcb,gcb,owid,0.0,1.0,0.0,False,False,False
Palestine,PSE,2011,4115912.0,2.246,0.546,0.213,10.45,2.246,0.0,0.0,0.0,0.0,gcb,gcb,owid,0.0,1.0,0.0,False,False,False
Palestine,PSE,2012,4215318.0,2.195,0.521,-0.051,-2.284,2.195,0.0,0.0,0.0,0.0,gcb,gcb,owid,0.0,1.0,0.0,False,False,False
Palestine,PSE,2013,4315263.0,2.437,0.565,0.242,11.018,2.437,0.0,0.0,0.0,0.0,gcb,gcb,owid,0.0,1.0,0.0,False,False,False
Palestine,PSE,2014,4415887.0,2.836,0.642,0.399,16.391,2.836,0.0,0.0,0.0,0.0,gcb,gcb,owid,0.0,1.0,0.0,False,False,False
Palestine,PSE,2015,4521564.0,3.001,0.664,0.165,5.814,3.001,0.0,0.0,0.0,0.0,gcb,gcb,owid,0.0,1.0,0.0,False,False,False
Palestine,PSE,2016,4632743.0,3.235,0.698,0.234,7.814,3.235,0.0,0.0,0.0,0.0,gcb,gcb,owid,0.0,1.0,0.0,False,False,False
Palestine,PSE,2017,4742747.0,3.265,0.688,0.029,0.906,3.265,0.0,0.0,0.0,0.0,gcb,gcb,owid,0.0,1.0,0.0,False,False,False
Palestine,PSE,2018,4850593.0,2.957,0.61,-0.308,-9.428,2.957,0.0,0.0,0.0,0.0,gcb,gcb,owid,0.0,1.0,0.0,False,False,False
Palestine,PSE,2019,4957773.0,3.265,0.658,0.308,10.409,3.265,0.0,0.0,0.0,0.0,gcb,gcb,owid,0.0,1.0,0.0,False,False,False
Palestine,PSE,2020,5069692.0,3.327,0.656,0.062,1.908,3.327,0.0,0.0,0.0,0.0,gcb,gcb,owid,0.0,1.0,0.0,False,False,False
Palestine,PSE,2021,5185341.0,3.635,0.701,0.308,9.251,3.635,0.0,0.0,0.0,0.0,gcb,gcb,owid,0.0,1.0,0.0,False,False,False
Panama,PAN,1992,2561342.0,4.098,1.6,1.009,32.674,3.876,0.128,0.0,0.128,0.0,owid,gcb,owid,0.031968031968031975,0.9680319680319681,0.0,False,False,False
Panama,PAN,1993,2615099.0,3.749,1.434,-0.349,-8.509,3.4,0.139,0.0,0.139,0.0,owid,gcb,owid,0.03927663181689744,0.9607233681831027,0.0,False,False,False
Panama,PAN,1994,2669545.0,4.136,1.549,0.386,10.309,3.77,0.143,0.0,0.143,0.0,owid,gcb,owid,0.03654485049833887,0.9634551495016612,0.0,False,False,False
Panama,PAN,1995,2724555.0,3.608,1.324,-0.527,-12.751,3.294,0.095,0.0,0.095,0.0,owid,gcb,owid,0.028031867807612864,0.9719681321923871,0.0,False,False,False
Panama,PAN,1996,2780228.0,4.397,1.581,0.788,21.846,3.906,0.264,0.0,0.264,0.0,owid,gcb,owid,0.06330935251798561,0.9366906474820145,0.0,False,False,False
Panama,PAN,1997,2836702.0,4.572,1.612,0.176,3.996,4.18,0.15,0.0,0.15,0.0,owid,gcb,owid,0.03464203233256351,0.9653579676674364,0.0,False,False,False
Panama,PAN,1998,2893918.0,5.835,2.016,1.263,27.618,5.423,0.158,0.0,0.158,0.0,owid,gcb,owid,0.028310338648987635,0.9716896613510123,0.0,False,False,False
Panama,PAN,1999,2951820.0,5.552,1.881,-0.283,-4.852,5.14,0.158,0.0,0.158,0.0,owid,gcb,owid,0.02982257455643639,0.9701774254435636,0.0,False,False,False
Panama,PAN,2000,3010376.0,5.636,1.872,0.084,1.511,5.166,0.158,0.0,0.158,0.0,owid,gcb,owid,0.02967693463561232,0.9703230653643876,0.0,False,False,False
Panama,PAN,2001,3069545.0,6.909,2.251,1.274,22.598,6.438,0.169,0.0,0.169,0.0,owid,gcb,owid,0.025578931436355385,0.9744210685636446,0.0,False,False,False
Panama,PAN,2002,3129343.0,5.71,1.825,-1.199,-17.359,5.383,0.121,0.0,0.121,0.0,owid,gcb,owid,0.021984011627906978,0.9780159883720931,0.0,False,False,False
Panama,PAN,2003,3189813.0,5.929,1.859,0.219,3.83,5.72,0.0,0.0,0.0,0.0,gcb,gcb,owid,0.0,1.0,0.0,False,False,False
Panama,PAN,2004,3251158.0,5.505,1.693,-0.424,-7.153,5.28,0.0,0.0,0.0,0.0,gcb,gcb,owid,0.0,1.0,0.0,False,False,False
Panama,PAN,2005,3313024.0,6.742,2.035,1.237,22.478,6.54,0.0,0.0,0.0,0.0,gcb,gcb,owid,0.0,1.0,0.0,False,False,False
Panama,PAN,2006,3375024.0,7.282,2.158,0.54,8.009,7.097,0.0,0.0,0.0,0.0,gcb,gcb,owid,0.0,1.0,0.0,False,False,False
Panama,PAN,2007,3437490.0,7.134,2.075,-0.148,-2.038,6.929,0.0,0.0,0.0,0.0,gcb,gcb,owid,0.0,1.0,0.0,False,False,False
Panama,PAN,2008,3500646.0,6.809,1.945,-0.324,-4.548,6.603,0.0,0.0,0.0,0.0,gcb,gcb,owid,0.0,1.0,0.0,False,False,False
Panama,PAN,2009,3564383.0,8.051,2.259,1.242,18.244,7.797,0.0,0.0,0.0,0.0,gcb,gcb,owid,0.0,1.0,0.0,False,False,False
Panama,PAN,2010,3628537.0,9.06,2.497,1.008,12.524,8.482,0.0,0.0,0.0,0.0,owid,gcb,owid,0.0,1.0,0.0,False,False,False
Panama,PAN,2011,3693509.0,9.899,2.68,0.84,9.268,8.636,0.553,0.0,0.553,0.0,owid,gcb,owid,0.06018065077810426,0.9398193492218957,0.0,False,False,False
Panama,PAN,2012,3759261.0,9.54,2.538,-0.359,-3.627,8.013,0.755,0.0,0.755,0.0,owid,gcb,owid,0.08610857664233576,0.9138914233576642,0.0,False,False,False
Panama,PAN,2013,3825333.0,10.274,2.686,0.733,7.686,8.687,0.795,0.0,0.795,0.0,owid,gcb,owid,0.0838430710820502,0.9161569289179498,0.0,False,False,False
Panama,PAN,2014,3892100.0,10.689,2.746,0.415,4.039,9.075,0.821,0.0,0.821,0.0,owid,gcb,owid,0.08296281325788198,0.9170371867421181,0.0,False,False,False
Panama,PAN,2015,3960034.0,10.652,2.69,-0.037,-0.342,9.083,0.828,0.0,0.828,0.0,owid,gcb,owid,0.08354353748360407,0.916456462516396,0.0,False,False,False
Panama,PAN,2016,4029085.0,10.334,2.565,-0.318,-2.988,8.867,0.733,0.0,0.733,0.0,owid,gcb,owid,0.07635416666666665,0.9236458333333333,0.0,False,False,False
Panama,PAN,2017,4098704.0,9.568,2.334,-0.766,-7.411,8.596,0.205,0.0,0.205,0.0,owid,gcb,owid,0.023292807635495964,0.976707192364504,0.0,False,False,False
Panama,PAN,2018,4167860.0,9.121,2.188,-0.447,-4.671,7.434,0.51,0.535,0.51,0.535,owid,owid,owid,0.060148602429531794,0.8767543342375281,0.06309706333294021,False,False,False
Panama,PAN,2019,4234698.0,12.449,2.94,3.328,36.484,8.134,2.096,1.663,2.096,1.663,owid,owid,owid,0.17623812326578658,0.6839317245438493,0.13983015219036407,False,False,False
Panama,PAN,2020,4293258.0,6.557,1.527,-5.891,-47.325,3.133,2.253,0.898,2.253,0.898,owid,owid,owid,0.35852959898154046,0.49856779121578615,0.14290260980267347,False,False,False
Panama,PAN,2021,4345410.0,10.145,2.335,3.587,54.706,6.434,2.147,1.07,2.147,1.07,owid,owid,owid,0.22246399336856282,0.6666666666666667,0.1108693399647705,False,False,False
Papua New Guinea,PNG,1992,4166702.0,2.191,0.526,0.018,0.843,2.037,0.004,0.15,0.004,0.15,owid,owid,owid,0.0018256503879507076,0.9297124600638978,0.06846188954815154,False,False,False
Papua New Guinea,PNG,1993,4320880.0,2.195,0.508,0.004,0.167,2.037,0.004,0.154,0.004,0.154,owid,owid,owid,0.0018223234624145787,0.9280182232346241,0.07015945330296128,False,False,False
Papua New Guinea,PNG,1994,4480210.0,2.186,0.488,-0.009,-0.401,2.012,0.004,0.165,0.004,0.165,owid,owid,owid,0.0018340210912425492,0.9225126088950023,0.07565337001375516,False,False,False
Papua New Guinea,PNG,1995,4644282.0,2.052,0.442,-0.134,-6.134,1.858,0.004,0.19,0.004,0.19,owid,owid,owid,0.001949317738791423,0.905458089668616,0.09259259259259259,False,False,False
Papua New Guinea,PNG,1996,4813363.0,2.197,0.457,0.146,7.093,1.924,0.004,0.267,0.004,0.267,owid,owid,owid,0.0018223234624145787,0.8765375854214124,0.12164009111617313,False,False,False
Papua New Guinea,PNG,1997,4987887.0,2.611,0.523,0.414,18.829,2.341,0.004,0.227,0.004,0.227,owid,owid,owid,0.0015552099533437014,0.9101866251944013,0.08825816485225506,False,False,False
Papua New Guinea,PNG,1998,5166390.0,3.536,0.684,0.925,35.428,2.598,0.004,0.264,0.004,0.264,owid,owid,owid,0.0013956734124214935,0.90648988136776,0.09211444521981858,False,False,False
Papua New Guinea,PNG,1999,5349333.0,2.548,0.476,-0.988,-27.931,2.206,0.0,0.234,0.0,0.234,gcb,owid,owid,0.0,0.9040983606557377,0.0959016393442623,False,False,False
Papua New Guinea,PNG,2000,5537068.0,2.938,0.531,0.389,15.28,2.418,0.0,0.246,0.0,0.246,gcb,owid,owid,0.0,0.9076576576576577,0.09234234234234234,False,False,False
Papua New Guinea,PNG,2001,5728444.0,3.336,0.582,0.398,13.55,2.909,0.0,0.297,0.0,0.297,gcb,owid,owid,0.0,0.9073611977542108,0.09263880224578915,False,False,False
Papua New Guinea,PNG,2002,5924010.0,3.666,0.619,0.33,9.896,3.191,0.0,0.297,0.0,0.297,gcb,owid,owid,0.0,0.9148509174311926,0.08514908256880734,False,False,False
Papua New Guinea,PNG,2003,6124005.0,4.053,0.662,0.387,10.565,3.664,0.0,0.275,0.0,0.275,gcb,owid,owid,0.0,0.9301853262249302,0.06981467377506982,False,False,False
Papua New Guinea,PNG,2004,6328042.0,4.687,0.741,0.634,15.632,4.225,0.0,0.253,0.0,0.253,gcb,owid,owid,0.0,0.9435015631978562,0.056498436802143816,False,False,False
Papua New Guinea,PNG,2005,6535905.0,4.984,0.763,0.297,6.331,4.092,0.0,0.293,0.0,0.293,gcb,owid,owid,0.0,0.9331812998859749,0.06681870011402509,False,False,False
Papua New Guinea,PNG,2006,6747724.0,5.051,0.749,0.067,1.347,4.026,0.0,0.279,0.0,0.279,gcb,owid,owid,0.0,0.935191637630662,0.06480836236933799,False,False,False
Papua New Guinea,PNG,2007,6963353.0,6.581,0.945,1.53,30.294,5.855,0.0,0.26,0.0,0.26,gcb,owid,owid,0.0,0.9574816026165168,0.04251839738348324,False,False,False
Papua New Guinea,PNG,2008,7183002.0,5.545,0.772,-1.037,-15.75,4.503,0.0,0.289,0.0,0.289,gcb,owid,owid,0.0,0.9396911519198665,0.06030884808013355,False,False,False
Papua New Guinea,PNG,2009,7406442.0,5.265,0.711,-0.28,-5.049,4.789,0.0,0.3,0.0,0.3,gcb,owid,owid,0.0,0.9410493220672038,0.05895067793279623,False,False,False
Papua New Guinea,PNG,2010,7633524.0,4.715,0.618,-0.55,-10.445,4.371,0.0,0.289,0.0,0.289,gcb,owid,owid,0.0,0.9379828326180258,0.06201716738197424,False,False,False
Papua New Guinea,PNG,2011,7859349.0,5.298,0.674,0.584,12.38,4.921,0.0,0.304,0.0,0.304,gcb,owid,owid,0.0,0.9418181818181818,0.058181818181818175,False,False,False
Papua New Guinea,PNG,2012,8081396.0,4.372,0.541,-0.926,-17.476,4.019,0.0,0.26,0.0,0.26,gcb,owid,owid,0.0,0.9392381397522787,0.060761860247721435,False,False,False
Papua New Guinea,PNG,2013,8302700.0,4.532,0.546,0.16,3.648,4.173,0.0,0.26,0.0,0.26,gcb,owid,owid,0.0,0.9413489736070382,0.05865102639296188,False,False,False
Papua New Guinea,PNG,2014,8523440.0,6.125,0.719,1.593,35.149,4.932,0.0,0.645,0.0,0.645,gcb,owid,owid,0.0,0.8843464228079614,0.11565357719203874,False,False,False
Papua New Guinea,PNG,2015,8743247.0,6.316,0.722,0.191,3.124,5.229,0.0,0.948,0.0,0.948,gcb,owid,owid,0.0,0.8465274405050996,0.15347255949490043,False,False,False
Papua New Guinea,PNG,2016,8961717.0,7.024,0.784,0.708,11.206,5.766,0.0,1.081,0.0,1.081,gcb,owid,owid,0.0,0.8421206367752301,0.15787936322476998,False,False,False
Papua New Guinea,PNG,2017,9178717.0,6.55,0.714,-0.474,-6.747,5.33,0.0,1.125,0.0,1.125,gcb,owid,owid,0.0,0.82571649883811,0.17428350116189,False,False,False
Papua New Guinea,PNG,2018,9394518.0,7.596,0.809,1.046,15.966,6.647,0.0,0.861,0.0,0.861,gcb,owid,owid,0.0,0.8853223228556207,0.11467767714437933,False,False,False
Papua New Guinea,PNG,2019,9609014.0,7.583,0.789,-0.013,-0.173,6.515,0.0,1.003,0.0,1.003,gcb,owid,owid,0.0,0.8665868582069699,0.13341314179303004,False,False,False
Papua New Guinea,PNG,2020,9815743.0,7.911,0.806,0.328,4.326,5.841,0.0,1.967,0.0,1.967,gcb,owid,owid,0.0,0.748078893442623,0.25192110655737704,False,False,False
Papua New Guinea,PNG,2021,10012898.0,7.873,0.786,-0.038,-0.477,5.837,0.0,1.913,0.0,1.913,gcb,owid,owid,0.0,0.7531612903225806,0.24683870967741936,False,False,False
Paraguay,PRY,1992,4253608.0,2.571,0.604,0.473,22.548,2.36,0.0,0.0,0.0,0.0,gcb,gcb,owid,0.0,1.0,0.0,False,False,False
Paraguay,PRY,1993,4362706.0,2.905,0.666,0.335,13.014,2.704,0.0,0.0,0.0,0.0,gcb,gcb,owid,0.0,1.0,0.0,False,False,False
Paraguay,PRY,1994,4471423.0,3.393,0.759,0.488,16.794,3.14,0.0,0.0,0.0,0.0,gcb,gcb,owid,0.0,1.0,0.0,False,False,False
Paraguay,PRY,1995,4579803.0,3.925,0.857,0.532,15.67,3.646,0.0,0.0,0.0,0.0,gcb,gcb,owid,0.0,1.0,0.0,False,False,False
Paraguay,PRY,1996,4687540.0,3.706,0.791,-0.219,-5.574,3.444,0.0,0.0,0.0,0.0,gcb,gcb,owid,0.0,1.0,0.0,False,False,False
Paraguay,PRY,1997,4794415.0,4.092,0.853,0.385,10.395,3.855,0.0,0.0,0.0,0.0,gcb,gcb,owid,0.0,1.0,0.0,False,False,False
Paraguay,PRY,1998,4900028.0,4.374,0.893,0.282,6.895,4.137,0.0,0.0,0.0,0.0,gcb,gcb,owid,0.0,1.0,0.0,False,False,False
Paraguay,PRY,1999,5003139.0,4.362,0.872,-0.011,-0.259,4.133,0.0,0.0,0.0,0.0,gcb,gcb,owid,0.0,1.0,0.0,False,False,False
Paraguay,PRY,2000,5100875.0,3.592,0.704,-0.77,-17.649,3.36,0.0,0.0,0.0,0.0,gcb,gcb,owid,0.0,1.0,0.0,False,False,False
Paraguay,PRY,2001,5187690.0,3.687,0.711,0.095,2.639,3.495,0.0,0.0,0.0,0.0,gcb,gcb,owid,0.0,1.0,0.0,False,False,False
Paraguay,PRY,2002,5261334.0,3.853,0.732,0.166,4.502,3.675,0.0,0.0,0.0,0.0,gcb,gcb,owid,0.0,1.0,0.0,False,False,False
Paraguay,PRY,2003,5326437.0,4.026,0.756,0.173,4.48,3.811,0.0,0.0,0.0,0.0,gcb,gcb,owid,0.0,1.0,0.0,False,False,False
Paraguay,PRY,2004,5388181.0,4.058,0.753,0.032,0.786,3.855,0.0,0.0,0.0,0.0,owid,gcb,owid,0.0,1.0,0.0,False,False,False
Paraguay,PRY,2005,5448100.0,3.772,0.692,-0.285,-7.026,3.554,0.0,0.0,0.0,0.0,owid,gcb,owid,0.0,1.0,0.0,False,False,False
Paraguay,PRY,2006,5505145.0,3.901,0.709,0.128,3.394,3.682,0.0,0.0,0.0,0.0,owid,gcb,owid,0.0,1.0,0.0,False,False,False
Paraguay,PRY,2007,5559385.0,4.041,0.727,0.141,3.607,3.84,0.0,0.0,0.0,0.0,owid,gcb,owid,0.0,1.0,0.0,False,False,False
Paraguay,PRY,2008,5613577.0,4.27,0.761,0.228,5.651,4.049,0.0,0.0,0.0,0.0,owid,gcb,owid,0.0,1.0,0.0,False,False,False
Paraguay,PRY,2009,5671243.0,4.525,0.798,0.255,5.982,4.261,0.0,0.0,0.0,0.0,owid,gcb,owid,0.0,1.0,0.0,False,False,False
Paraguay,PRY,2010,5737973.0,5.011,0.873,0.486,10.738,4.767,0.0,0.0,0.0,0.0,owid,gcb,owid,0.0,1.0,0.0,False,False,False
Paraguay,PRY,2011,5814632.0,5.192,0.893,0.181,3.606,4.99,0.004,0.0,0.004,0.0,owid,gcb,owid,0.000800961153384061,0.999199038846616,0.0,False,False,False
Paraguay,PRY,2012,5897011.0,5.159,0.875,-0.032,-0.624,4.873,0.004,0.0,0.004,0.0,owid,gcb,owid,0.0008201763379126512,0.9991798236620875,0.0,False,False,False
Paraguay,PRY,2013,5982447.0,5.169,0.864,0.01,0.193,4.954,0.0,0.0,0.0,0.0,owid,gcb,owid,0.0,1.0,0.0,False,False,False
Paraguay,PRY,2014,6069819.0,5.451,0.898,0.282,5.459,5.199,0.0,0.0,0.0,0.0,owid,gcb,owid,0.0,1.0,0.0,False,False,False
Paraguay,PRY,2015,6159106.0,6.045,0.982,0.594,10.901,5.69,0.011,0.0,0.011,0.0,owid,gcb,owid,0.0019294860550780563,0.998070513944922,0.0,False,False,False
Paraguay,PRY,2016,6249129.0,7.187,1.15,1.141,18.874,6.8,0.004,0.0,0.004,0.0,owid,gcb,owid,0.0005878894767783658,0.9994121105232217,0.0,False,False,False
Paraguay,PRY,2017,6338658.0,7.939,1.253,0.753,10.477,7.669,0.004,0.0,0.004,0.0,owid,gcb,owid,0.000521308484295582,0.9994786915157045,0.0,False,False,False
Paraguay,PRY,2018,6427382.0,8.504,1.323,0.564,7.105,8.09,0.015,0.0,0.015,0.0,owid,gcb,owid,0.0018507094386181367,0.9981492905613818,0.0,False,False,False
Paraguay,PRY,2019,6515059.0,8.268,1.269,-0.235,-2.766,7.83,0.004,0.0,0.004,0.0,owid,gcb,owid,0.0005105948429920858,0.999489405157008,0.0,False,False,False
Paraguay,PRY,2020,6603741.0,7.444,1.127,-0.825,-9.974,7.108,0.004,0.0,0.004,0.0,owid,gcb,owid,0.0005624296962879641,0.999437570303712,0.0,False,False,False
Paraguay,PRY,2021,6684184.0,8.187,1.225,0.743,9.984,7.837,0.004,0.0,0.004,0.0,owid,gcb,owid,0.0005101390128810101,0.999489860987119,0.0,False,False,False
Peru,PER,1992,22946345.0,20.986,0.915,0.228,1.098,17.697,1.048,1.268,1.048,1.268,owid,owid,owid,0.052365962124619005,0.884275221106281,0.06335881676910009,False,False,False
Peru,PER,1993,23413783.0,23.885,1.02,2.899,13.814,19.811,1.579,1.334,1.579,1.334,owid,owid,owid,0.06948600598486182,0.8718095405738426,0.05870445344129555,False,False,False
Peru,PER,1994,23881497.0,24.177,1.012,0.292,1.222,19.65,1.246,1.392,1.246,1.392,owid,owid,owid,0.05590452261306533,0.8816403445800431,0.062455132806891606,False,False,False
Peru,PER,1995,24348922.0,25.143,1.033,0.967,3.998,20.58,1.393,0.945,1.393,0.945,owid,owid,owid,0.06078191814294441,0.8979841172877214,0.04123396456933415,False,False,False
Peru,PER,1996,24811174.0,24.717,0.996,-0.426,-1.694,20.115,1.315,1.022,1.315,1.022,owid,owid,owid,0.05856939248173882,0.8959112773917691,0.04551933012649208,False,False,False
Peru,PER,1997,25274149.0,27.747,1.098,3.03,12.259,23.259,1.264,0.788,1.264,0.788,owid,owid,owid,0.049938761803168585,0.9189285290980206,0.031132709098810794,False,False,False
Peru,PER,1998,25738101.0,28.066,1.09,0.319,1.148,23.069,1.466,1.092,1.466,1.092,owid,owid,owid,0.057205291294338004,0.900183400319975,0.042611308385686976,False,False,False
Peru,PER,1999,26186499.0,29.562,1.129,1.497,5.332,24.549,1.411,1.48,1.411,1.48,owid,owid,owid,0.05142128279883382,0.8946428571428571,0.05393586005830903,False,False,False
Peru,PER,2000,26598328.0,28.678,1.078,-0.885,-2.993,23.167,1.971,1.396,1.971,1.396,owid,owid,owid,0.07428205321474335,0.8731062033617245,0.052611743423532066,False,False,False
Peru,PER,2001,26964610.0,25.26,0.937,-3.417,-11.917,20.185,2.059,1.048,2.059,1.048,owid,owid,owid,0.08839945045509187,0.8666065601923406,0.044993989352567404,False,False,False
Peru,PER,2002,27288211.0,25.592,0.938,0.332,1.313,19.364,2.796,1.147,2.796,1.147,owid,owid,owid,0.11996395932552452,0.8308233577895053,0.04921268288497018,False,False,False
Peru,PER,2003,27580485.0,24.914,0.903,-0.678,-2.648,18.445,2.766,1.268,2.766,1.268,owid,owid,owid,0.12304817829974643,0.820543618488367,0.05640820321188665,False,False,False
Peru,PER,2004,27852190.0,28.504,1.023,3.589,14.407,20.698,3.25,1.982,3.25,1.982,owid,owid,owid,0.1253374469726186,0.7982259930582337,0.07643655996914771,False,False,False
Peru,PER,2005,28101175.0,30.321,1.079,1.817,6.376,20.953,3.419,3.346,3.419,3.346,owid,owid,owid,0.12334944801212208,0.7559347716285446,0.1207157803593333,False,False,False
Peru,PER,2006,28324488.0,28.299,0.999,-2.022,-6.668,18.727,2.869,3.829,2.869,3.829,owid,owid,owid,0.1128416912487709,0.7365585054080629,0.15059980334316617,False,False,False
Peru,PER,2007,28530704.0,34.567,1.212,6.268,22.148,22.501,3.605,5.346,3.605,5.346,owid,owid,owid,0.11461910212387129,0.7154076052397303,0.16997329263639832,False,False,False
Peru,PER,2008,28719038.0,35.572,1.239,1.005,2.909,21.423,3.389,7.431,3.389,7.431,owid,owid,owid,0.10510808547591727,0.66442328567441,0.23046862884967284,False,False,False
Peru,PER,2009,28896819.0,39.424,1.364,3.851,10.827,23.664,3.056,9.386,3.056,9.386,owid,owid,owid,0.08463967207666316,0.6554035340386639,0.25995679388467285,False,False,False
Peru,PER,2010,29086021.0,42.505,1.461,3.081,7.816,23.193,3.301,12.579,3.301,12.579,owid,owid,owid,0.0844828909988995,0.5935812453612469,0.3219358636398536,False,False,False
Peru,PER,2011,29304083.0,42.327,1.444,-0.178,-0.419,23.911,3.129,11.666,3.129,11.666,owid,owid,owid,0.08084017981708262,0.6177595204877797,0.3014002996951377,False,False,False
Peru,PER,2012,29550367.0,45.509,1.54,3.182,7.517,25.696,2.898,12.945,2.898,12.945,owid,owid,owid,0.06976576229567394,0.618599388526445,0.31163484917788103,False,False,False
Peru,PER,2013,29817908.0,42.718,1.433,-2.791,-6.133,23.277,3.371,11.864,3.371,11.864,owid,owid,owid,0.08753115911923556,0.6044090153718322,0.3080598255089323,False,False,False
Peru,PER,2014,30115825.0,49.388,1.64,6.67,15.615,24.847,3.049,16.533,3.049,16.533,owid,owid,owid,0.0686263476558104,0.559251840014405,0.3721218123297846,False,False,False
Peru,PER,2015,30457598.0,49.204,1.615,-0.184,-0.372,24.994,3.089,16.245,3.089,16.245,owid,owid,owid,0.06968507489622812,0.5638422667388557,0.3664726583649161,False,False,False
Peru,PER,2016,30866497.0,52.698,1.707,3.494,7.1,27.861,3.213,17.089,3.213,17.089,owid,owid,owid,0.06671096069596995,0.5784731017586114,0.3548159375454187,False,False,False
Peru,PER,2017,31324639.0,54.726,1.747,2.029,3.85,33.123,2.807,14.458,2.807,14.458,owid,owid,owid,0.05570770818448837,0.657358894974994,0.2869333968405176,False,False,False
Peru,PER,2018,31897590.0,56.014,1.756,1.287,2.352,33.898,2.503,14.95,2.503,14.95,owid,owid,owid,0.04874296508344531,0.6601234640026485,0.29113357091390624,False,False,False
Peru,PER,2019,32449302.0,58.668,1.808,2.655,4.739,35.457,2.572,15.678,2.572,15.678,owid,owid,owid,0.04788947437019382,0.6601932708957863,0.29191725473401975,False,False,False
Peru,PER,2020,32838577.0,47.237,1.438,-11.432,-19.485,29.235,1.883,13.172,1.883,13.172,owid,owid,owid,0.04251524046060059,0.6600812824565364,0.29740347708286297,False,False,False
Peru,PER,2021,33155883.0,59.962,1.808,12.725,26.939,34.533,2.649,17.375,2.649,17.375,owid,owid,owid,0.048554722583719775,0.63297102113386,0.3184742562824202,False,False,False
Philippines,PHL,1992,65926130.0,47.772,0.725,4.897,11.422,41.161,3.869,0.0,3.869,0.0,owid,gcb,owid,0.08592049744614702,0.914079502553853,0.0,False,False,False
Philippines,PHL,1993,67530621.0,48.342,0.716,0.57,1.194,41.282,3.811,0.0,3.811,0.0,owid,gcb,owid,0.08451422615483557,0.9154857738451644,0.0,False,False,False
Philippines,PHL,1994,69019297.0,53.479,0.775,5.137,10.626,45.793,3.763,0.011,3.763,0.011,owid,owid,owid,0.07591744507434381,0.9238606330824943,0.00022192184316178101,False,False,False
Philippines,PHL,1995,70546245.0,59.22,0.839,5.741,10.736,50.699,4.25,0.015,4.25,0.015,owid,owid,owid,0.07732333891274289,0.9224037551852121,0.0002729059020449749,False,False,False
Philippines,PHL,1996,72190237.0,60.437,0.837,1.217,2.055,49.999,5.452,0.018,5.452,0.018,owid,owid,owid,0.0982891344715066,0.9013863599488002,0.0003245055796931619,False,False,False
Philippines,PHL,1997,73908813.0,69.147,0.936,8.71,14.412,56.98,6.338,0.011,6.338,0.011,owid,owid,owid,0.10008053182586177,0.8997457720791422,0.0001736960949959734,False,False,False
Philippines,PHL,1998,75791031.0,67.379,0.889,-1.768,-2.557,55.883,6.405,0.018,6.405,0.018,owid,owid,owid,0.10279908837030141,0.8969120148942317,0.0002888967354668892,False,False,False
Philippines,PHL,1999,77753256.0,67.295,0.865,-0.084,-0.124,50.956,11.42,0.015,11.42,0.015,owid,owid,owid,0.18303922040037823,0.8167203603083778,0.00024041929124392938,False,False,False
Philippines,PHL,2000,79625401.0,71.467,0.898,4.172,6.199,50.969,15.848,0.018,15.848,0.018,owid,owid,owid,0.23712126879628936,0.7626094112366274,0.0002693199670831151,False,False,False
Philippines,PHL,2001,81401488.0,69.799,0.857,-1.668,-2.334,50.054,16.184,0.26,16.184,0.26,owid,owid,owid,0.24337574062377815,0.7527143673493939,0.003909892026827874,False,False,False
Philippines,PHL,2002,83068889.0,69.492,0.837,-0.307,-0.44,47.038,14.103,3.265,14.103,3.265,owid,owid,owid,0.21897028227183804,0.7303356830108997,0.05069403471726237,False,False,False
Philippines,PHL,2003,84731836.0,69.501,0.82,0.009,0.013,45.023,14.678,4.976,14.678,4.976,owid,owid,owid,0.22694311733692038,0.6961207229772561,0.07693615968582339,False,False,False
Philippines,PHL,2004,86394510.0,71.999,0.833,2.498,3.594,46.496,15.957,4.76,15.957,4.76,owid,owid,owid,0.23740942972341658,0.6917709371698927,0.07081963310669066,False,False,False
Philippines,PHL,2005,88015959.0,72.334,0.822,0.335,0.466,41.971,18.631,6.302,18.631,6.302,owid,owid,owid,0.27847363386344615,0.6273316991510224,0.09419466698553151,False,False,False
Philippines,PHL,2006,89508992.0,65.646,0.733,-6.688,-9.247,38.648,17.51,5.21,17.51,5.21,owid,owid,owid,0.28532785816712297,0.6297744752965715,0.08489766653630557,False,False,False
Philippines,PHL,2007,91075180.0,70.01,0.769,4.364,6.649,36.638,21.536,7.078,21.536,7.078,owid,owid,owid,0.3300435235701588,0.5614847054496414,0.10847177098019985,False,False,False
Philippines,PHL,2008,92699091.0,76.605,0.826,6.595,9.42,39.234,25.106,7.449,25.106,7.449,owid,owid,owid,0.34971931632979986,0.5465182688155568,0.10376241485464346,False,False,False
Philippines,PHL,2009,94384256.0,75.581,0.801,-1.024,-1.337,38.652,23.963,7.504,23.963,7.504,owid,owid,owid,0.34174760050770836,0.5512343302100715,0.10701806928222021,False,False,False
Philippines,PHL,2010,96337127.0,82.246,0.854,6.665,8.819,41.597,27.769,7.068,27.769,7.068,owid,owid,owid,0.36330690530392235,0.5442211581233483,0.09247193657272941,False,False,False
Philippines,PHL,2011,98248614.0,82.98,0.845,0.734,0.893,38.983,30.519,7.629,30.519,7.629,owid,owid,owid,0.39567748376139295,0.5054128690150522,0.09890964722355472,False,False,False
Philippines,PHL,2012,100175511.0,87.476,0.873,4.496,5.418,41.434,31.933,7.314,31.933,7.314,owid,owid,owid,0.39579330945327906,0.5135533768793149,0.09065331366740623,False,False,False
Philippines,PHL,2013,102076334.0,94.825,0.929,7.349,8.401,41.319,39.509,6.738,39.509,6.738,owid,owid,owid,0.45119110156910214,0.4718612246762442,0.07694767375465364,False,False,False
Philippines,PHL,2014,103767127.0,100.074,0.964,5.248,5.535,43.212,42.036,7.086,42.036,7.086,owid,owid,owid,0.45526025082851385,0.4679966209630256,0.07674312820846059,False,False,False
Philippines,PHL,2015,105312988.0,111.046,1.054,10.972,10.964,49.862,45.82,6.661,45.82,6.661,owid,owid,owid,0.4477101511583596,0.48720479172977144,0.0650850571118689,False,False,False
Philippines,PHL,2016,106735721.0,120.216,1.126,9.169,8.257,53.546,50.684,7.632,50.684,7.632,owid,owid,owid,0.4530939908101053,0.47867908673186604,0.06822692245802864,False,False,False
Philippines,PHL,2017,108119691.0,133.576,1.235,13.36,11.113,55.787,60.931,7.529,60.931,7.529,owid,owid,owid,0.4904021827488793,0.4490007807029546,0.06059703654816616,False,False,False
Philippines,PHL,2018,109465284.0,139.857,1.278,6.281,4.702,57.4,64.171,8.405,64.171,8.405,owid,owid,owid,0.4937142241644612,0.44161999138302455,0.06466578445251431,False,False,False
Philippines,PHL,2019,110804685.0,142.601,1.287,2.744,1.962,55.411,68.894,8.464,68.894,8.464,owid,owid,owid,0.5189012495386724,0.41734892934344614,0.06374982111788144,False,False,False
Philippines,PHL,2020,112081270.0,131.457,1.173,-11.144,-7.815,46.295,69.305,7.676,69.305,7.676,owid,owid,owid,0.5621937765664039,0.37553943995587136,0.062266783477724776,False,False,False
Philippines,PHL,2021,113100947.0,140.27,1.24,8.812,6.703,49.391,74.705,6.581,74.705,6.581,owid,owid,owid,0.57167672964638,0.3779624570505904,0.05036081330302961,False,False,False
Poland,POL,1992,38233636.0,364.283,9.528,-9.083,-2.433,41.081,293.86,16.611,293.86,16.611,owid,owid,owid,0.8358934097942836,0.116856112324777,0.047250477880939376,False,False,False
Poland,POL,1993,38294882.0,364.958,9.53,0.675,0.185,42.687,293.178,16.836,293.178,16.836,owid,owid,owid,0.8312366565447786,0.12102886013932479,0.04773448331589646,False,False,False
Poland,POL,1994,38344312.0,359.991,9.388,-4.967,-1.361,45.428,283.683,18.124,283.683,18.124,owid,owid,owid,0.8169769752473108,0.13082782553602026,0.05219519921666882,False,False,False
Poland,POL,1995,38364668.0,362.483,9.448,2.492,0.692,46.431,282.565,19.091,282.565,19.091,owid,owid,owid,0.8117654494422372,0.13338906652647184,0.05484548403129103,False,False,False
Poland,POL,1996,38359164.0,377.119,9.831,14.636,4.038,50.641,293.186,19.81,293.186,19.81,owid,owid,owid,0.8062600890448441,0.13926250629061399,0.05447740466454183,False,False,False
Poland,POL,1997,38348307.0,367.199,9.575,-9.92,-2.63,53.636,277.516,21.004,277.516,21.004,owid,owid,owid,0.7880484785152034,0.1523075000851895,0.059644021399606985,False,False,False
Poland,POL,1998,38326431.0,338.98,8.845,-28.219,-7.685,52.514,251.777,20.625,251.777,20.625,owid,owid,owid,0.7748987430597446,0.161623311871376,0.06347794506887934,False,False,False
Poland,POL,1999,38287717.0,329.204,8.598,-9.776,-2.884,54.681,239.663,20.428,239.663,20.428,owid,owid,owid,0.7613860190868311,0.1737162136403492,0.06489776727281969,False,False,False
Poland,POL,2000,38258077.0,317.306,8.294,-11.898,-3.614,52.421,228.827,21.839,228.827,21.839,owid,owid,owid,0.7549878417748039,0.17295693975657156,0.07205521846862452,False,False,False
Poland,POL,2001,38247359.0,313.267,8.191,-4.039,-1.273,52.183,226.152,22.636,226.152,22.636,owid,owid,owid,0.7514079429579593,0.17338215309780677,0.07520990394423382,False,False,False
Poland,POL,2002,38229407.0,305.852,8.0,-7.415,-2.367,51.404,219.897,22.423,219.897,22.423,owid,owid,owid,0.7486517955631817,0.17500783048031487,0.07634037395650338,False,False,False
Poland,POL,2003,38203527.0,318.733,8.343,12.88,4.211,54.731,226.406,24.834,226.406,24.834,owid,owid,owid,0.7399590157237124,0.17887642946553758,0.08116455481075004,False,False,False
Poland,POL,2004,38167568.0,323.621,8.479,4.888,1.534,58.002,226.424,26.565,226.424,26.565,owid,owid,owid,0.7280725165680036,0.18650700502586892,0.08542047840612751,False,False,False
Poland,POL,2005,38124377.0,322.577,8.461,-1.044,-0.323,59.595,222.638,27.404,222.638,27.404,owid,owid,owid,0.7190290566049923,0.192467308493494,0.08850363490151371,False,False,False
Poland,POL,2006,38071169.0,336.387,8.836,13.81,4.281,62.093,232.308,27.634,232.308,27.634,owid,owid,owid,0.7213750058223484,0.19281444563479125,0.08581054854286024,False,False,False
Poland,POL,2007,38020420.0,335.735,8.83,-0.653,-0.194,65.011,227.707,27.914,227.707,27.914,owid,owid,owid,0.7101817660121261,0.20275892612091123,0.08705930786696277,False,False,False
Poland,POL,2008,37995902.0,329.428,8.67,-6.306,-1.878,66.173,220.472,28.135,220.472,28.135,owid,owid,owid,0.7004002795603279,0.2102198360759896,0.08937988436368259,False,False,False
Poland,POL,2009,38002153.0,315.886,8.312,-13.542,-4.111,66.945,209.074,27.274,209.074,27.274,owid,owid,owid,0.6893466054277547,0.22072715163224998,0.08992624293999532,False,False,False
Poland,POL,2010,38095356.0,334.028,8.768,18.141,5.743,69.973,220.927,29.135,220.927,29.135,owid,owid,owid,0.690321371100036,0.21864171106285252,0.09103691783711158,False,False,False
Poland,POL,2011,38208644.0,333.406,8.726,-0.621,-0.186,69.599,218.379,29.325,218.379,29.325,owid,owid,owid,0.6882349048070772,0.2193455466856601,0.09241954850726278,False,False,False
Poland,POL,2012,38247867.0,325.778,8.518,-7.628,-2.288,66.312,214.04,30.559,214.04,30.559,owid,owid,owid,0.6884285213453367,0.2132829008944682,0.09828857776019505,False,False,False
Poland,POL,2013,38259267.0,321.757,8.41,-4.021,-1.234,61.681,214.314,30.808,214.314,30.808,owid,owid,owid,0.6985394536559291,0.20104431834108533,0.10041622800298564,False,False,False
Poland,POL,2014,38265113.0,309.415,8.086,-12.342,-3.836,61.381,202.997,29.468,202.997,29.468,owid,owid,owid,0.6908278486009678,0.20888832926090534,0.10028382213812675,False,False,False
Poland,POL,2015,38266314.0,312.549,8.168,3.134,1.013,64.794,201.647,30.634,201.647,30.634,owid,owid,owid,0.6787747201885046,0.2181065387528402,0.10311874105865523,False,False,False
Poland,POL,2016,38263260.0,323.3,8.449,10.752,3.44,72.897,202.099,32.42,202.099,32.42,owid,owid,owid,0.657412106071252,0.23712819111562186,0.1054597028131262,False,False,False
Poland,POL,2017,38254964.0,336.505,8.796,13.205,4.084,82.452,203.504,34.13,203.504,34.13,owid,owid,owid,0.6357791343576413,0.2575932718082015,0.10662759383415707,False,False,False
Poland,POL,2018,38241070.0,335.719,8.779,-0.786,-0.234,85.491,198.673,34.274,198.673,34.274,owid,owid,owid,0.6238985296980888,0.26846984342320956,0.10763162687870167,False,False,False
Poland,POL,2019,38225884.0,317.444,8.304,-18.275,-5.443,87.278,177.753,35.495,177.753,35.495,owid,owid,owid,0.591472950759668,0.29041746803937096,0.11810958120096098,False,False,False
Poland,POL,2020,38171005.0,302.102,7.914,-15.342,-4.833,84.235,164.196,36.731,164.196,36.731,owid,owid,owid,0.5757990195047026,0.2953934956270471,0.12880748486825033,False,False,False
Poland,POL,2021,38040303.0,330.694,8.693,28.591,9.464,89.709,184.114,39.734,184.114,39.734,owid,owid,owid,0.5871787266748949,0.28610109166754377,0.1267201816575615,False,False,False
Portugal,PRT,1992,9960345.0,50.957,5.116,4.077,8.697,34.734,11.872,0.583,11.872,0.583,owid,owid,owid,0.2515840556061794,0.7360613702345886,0.012354574159232024,False,False,False
Portugal,PRT,1993,9972341.0,49.469,4.961,-1.488,-2.92,32.544,12.527,0.545,12.527,0.545,owid,owid,owid,0.27461855489302,0.7134338828481234,0.011947562258856542,False,False,False
Portugal,PRT,1994,9998487.0,50.243,5.025,0.774,1.564,32.446,13.179,0.433,13.179,0.433,owid,owid,owid,0.28613921577141865,0.7044595944244213,0.009401189804159972,False,False,False
Portugal,PRT,1995,10031756.0,54.503,5.433,4.26,8.479,34.592,14.585,0.775,14.585,0.775,owid,owid,owid,0.2919803010890455,0.6925048046124279,0.015514894298526587,False,False,False
Portugal,PRT,1996,10067655.0,51.8,5.145,-2.703,-4.96,32.912,13.54,0.915,13.54,0.915,owid,owid,owid,0.2858530200350455,0.6948297337809023,0.01931724618405219,False,False,False
Portugal,PRT,1997,10110548.0,54.669,5.407,2.87,5.54,35.048,13.722,1.129,13.722,1.129,owid,owid,owid,0.274995490891601,0.7023788051864767,0.022625703921922282,False,False,False
Portugal,PRT,1998,10159524.0,59.211,5.828,4.541,8.307,39.703,12.297,2.445,12.297,2.445,owid,owid,owid,0.22586096060244285,0.7292313343741391,0.04490770502341813,False,False,False
Portugal,PRT,1999,10214877.0,66.878,6.547,7.667,12.949,40.49,14.898,6.448,14.898,6.448,owid,owid,owid,0.24092761498156412,0.6547965586389805,0.10427582637945533,False,False,False
Portugal,PRT,2000,10283196.0,65.504,6.37,-1.375,-2.055,39.902,14.853,5.717,14.853,5.717,owid,owid,owid,0.24561780658817303,0.6598425717687525,0.09453962164307447,False,False,False
Portugal,PRT,2001,10354329.0,65.187,6.296,-0.316,-0.483,41.266,12.702,6.27,12.702,6.27,owid,owid,owid,0.2108635744878648,0.6850493044257777,0.10408712108635744,False,False,False
Portugal,PRT,2002,10413045.0,69.583,6.682,4.395,6.743,43.318,13.709,7.35,13.709,7.35,owid,owid,owid,0.21294872392314027,0.6728800658620315,0.11417121021482828,False,False,False
Portugal,PRT,2003,10454246.0,64.482,6.168,-5.101,-7.33,39.266,12.973,7.315,12.973,7.315,owid,owid,owid,0.21783591362460963,0.6593343855996239,0.12282970077576655,False,False,False
Portugal,PRT,2004,10481386.0,67.302,6.421,2.82,4.374,39.741,13.079,9.107,13.079,9.107,owid,owid,owid,0.21120028420559692,0.6417394674374667,0.14706024835693637,False,False,False
Portugal,PRT,2005,10502993.0,69.64,6.63,2.337,3.473,41.481,13.061,9.582,13.061,9.582,owid,owid,owid,0.20368348824153204,0.6468872808932694,0.1494292308651987,False,False,False
Portugal,PRT,2006,10524123.0,64.856,6.163,-4.784,-6.869,37.34,13.065,9.071,13.065,9.071,owid,owid,owid,0.21966843768915192,0.6278162620216559,0.15251530028919227,False,False,False
Portugal,PRT,2007,10546822.0,62.38,5.915,-2.476,-3.818,35.579,11.43,9.742,11.43,9.742,owid,owid,owid,0.20140614262303747,0.626931684023189,0.1716621733537735,False,False,False
Portugal,PRT,2008,10564086.0,60.01,5.681,-2.37,-3.8,34.273,9.833,10.449,9.833,10.449,owid,owid,owid,0.1802401246448538,0.6282283933644947,0.19153148199065165,False,False,False
Portugal,PRT,2009,10576265.0,57.147,5.403,-2.863,-4.77,32.181,10.735,9.701,10.735,9.701,owid,owid,owid,0.20402151395936674,0.6116084155311021,0.18437007050953116,False,False,False
Portugal,PRT,2010,10578659.0,52.89,5.0,-4.257,-7.449,31.346,6.424,10.409,6.424,10.409,owid,owid,owid,0.13333610079080097,0.650615413354366,0.21604848585483302,False,False,False
Portugal,PRT,2011,10557050.0,51.784,4.905,-1.106,-2.092,28.457,8.632,10.526,8.632,10.526,owid,owid,owid,0.18128740942980154,0.5976478000630054,0.22106479050719313,False,False,False
Portugal,PRT,2012,10513155.0,49.932,4.749,-1.852,-3.576,25.601,11.135,9.103,11.135,9.103,owid,owid,owid,0.24291542136608565,0.5584982220380026,0.19858635659591178,False,False,False
Portugal,PRT,2013,10458287.0,48.146,4.604,-1.786,-3.576,24.973,10.191,8.119,10.191,8.119,owid,owid,owid,0.23545040778134604,0.5769701730471547,0.1875794191714992,False,False,False
Portugal,PRT,2014,10406203.0,47.942,4.607,-0.204,-0.423,24.989,10.316,7.661,10.316,7.661,owid,owid,owid,0.24009682074198205,0.5815994041800493,0.1783037750779686,False,False,False
Portugal,PRT,2015,10370264.0,52.233,5.037,4.291,8.95,25.623,12.563,9.103,12.563,9.103,owid,owid,owid,0.26566431939774576,0.5418384825223626,0.1924971980798917,False,False,False
Portugal,PRT,2016,10346377.0,50.311,4.863,-1.922,-3.68,25.592,10.82,9.684,10.82,9.684,owid,owid,owid,0.23472752516487333,0.555189170426935,0.2100833044081916,False,False,False
Portugal,PRT,2017,10330838.0,55.165,5.34,4.854,9.648,25.93,12.394,12.318,12.394,12.318,owid,owid,owid,0.2447375696062557,0.5120255914063426,0.24323683898740178,False,False,False
Portugal,PRT,2018,10325355.0,51.34,4.972,-3.825,-6.934,25.501,10.376,11.242,10.376,11.242,owid,owid,owid,0.22020840849763365,0.5412041851482418,0.23858740635412468,False,False,False
Portugal,PRT,2019,10343218.0,47.583,4.6,-3.757,-7.318,26.18,5.026,12.125,5.026,12.125,owid,owid,owid,0.11599086104636402,0.6041863792665758,0.27982275968706005,False,False,False
Portugal,PRT,2020,10370519.0,41.738,4.025,-5.845,-12.284,23.175,2.417,12.012,2.417,12.012,owid,owid,owid,0.06427507711945538,0.6162908201255186,0.3194341027550261,False,False,False
Portugal,PRT,2021,10390957.0,40.3,3.878,-1.438,-3.446,23.781,1.038,11.576,1.038,11.576,owid,owid,owid,0.028520401154004674,0.6534139304849568,0.31806566836103867,False,False,False
Qatar,QAT,1992,469657.0,26.816,57.097,9.402,53.989,4.503,0.0,22.054,0.0,22.054,owid,owid,owid,0.0,0.1695598147381105,0.8304401852618896,False,True,False
Qatar,QAT,1993,484553.0,30.721,63.4,3.905,14.562,4.551,0.0,25.912,0.0,25.912,owid,owid,owid,0.0,0.14939434724091522,0.8506056527590847,False,True,False
Qatar,QAT,1994,499469.0,32.375,64.819,1.655,5.386,4.199,0.0,25.915,0.0,25.915,owid,owid,owid,0.0,0.13943680680082354,0.8605631931991765,False,True,False
Qatar,QAT,1995,514334.0,33.17,64.491,0.795,2.455,5.192,0.0,25.915,0.0,25.915,owid,owid,owid,0.0,0.16690776995531553,0.8330922300446845,False,True,False
Qatar,QAT,1996,529024.0,34.472,65.162,1.302,3.926,5.097,0.0,26.297,0.0,26.297,owid,owid,owid,0.0,0.16235586417786838,0.8376441358221316,False,True,False
Qatar,QAT,1997,550511.0,42.232,76.715,7.76,22.51,8.42,0.0,28.096,0.0,28.096,owid,owid,owid,0.0,0.23058385365319314,0.7694161463468069,False,True,False
Qatar,QAT,1998,580543.0,36.96,63.665,-5.272,-12.484,11.314,0.0,20.02,0.0,20.02,owid,owid,owid,0.0,0.3610774238845982,0.6389225761154018,False,True,False
Qatar,QAT,1999,612510.0,36.325,59.305,-0.635,-1.719,7.973,0.0,22.383,0.0,22.383,owid,owid,owid,0.0,0.26264988799578337,0.7373501120042166,False,True,False
Qatar,QAT,2000,644993.0,40.406,62.646,4.082,11.237,9.258,0.0,24.286,0.0,24.286,owid,owid,owid,0.0,0.2759957071309325,0.7240042928690676,False,True,False
Qatar,QAT,2001,677934.0,45.914,67.727,5.508,13.631,15.559,0.0,24.61,0.0,24.61,owid,owid,owid,0.0,0.3873384948592198,0.6126615051407802,False,True,False
Qatar,QAT,2002,711215.0,45.175,63.518,-0.74,-1.611,14.638,0.0,24.992,0.0,24.992,owid,owid,owid,0.0,0.3693666414332576,0.6306333585667423,False,True,False
Qatar,QAT,2003,744690.0,46.631,62.618,1.456,3.224,13.425,0.0,26.791,0.0,26.791,owid,owid,owid,0.0,0.33382235925999604,0.666177640740004,False,True,False
Qatar,QAT,2004,773341.0,47.44,61.344,0.809,1.734,8.801,0.0,32.837,0.0,32.837,owid,owid,owid,0.0,0.21136942216244775,0.7886305778375522,False,True,False
Qatar,QAT,2005,825419.0,47.682,57.767,0.242,0.511,10.853,0.0,31.815,0.0,31.815,owid,owid,owid,0.0,0.2543592387737883,0.7456407612262117,False,True,False
Qatar,QAT,2006,972841.0,59.753,61.421,12.071,25.316,18.672,0.0,36.087,0.0,36.087,owid,owid,owid,0.0,0.3409850435544842,0.6590149564455159,False,True,False
Qatar,QAT,2007,1208601.0,59.53,49.255,-0.223,-0.373,12.486,0.0,41.467,0.0,41.467,owid,owid,owid,0.0,0.23142364650714511,0.7685763534928548,False,True,False
Qatar,QAT,2008,1426942.0,61.871,43.359,2.341,3.932,14.414,0.0,41.564,0.0,41.564,owid,owid,owid,0.0,0.2574940155060917,0.7425059844939083,False,True,False
Qatar,QAT,2009,1586052.0,65.305,41.175,3.435,5.551,14.766,0.0,44.73,0.0,44.73,owid,owid,owid,0.0,0.2481847519160952,0.7518152480839048,False,True,False
Qatar,QAT,2010,1709238.0,73.651,43.09,8.346,12.78,15.22,0.0,53.395,0.0,53.395,owid,owid,owid,0.0,0.22181738686876046,0.7781826131312395,False,True,False
Qatar,QAT,2011,1810960.0,81.809,45.175,8.158,11.077,10.146,0.0,66.681,0.0,66.681,owid,owid,owid,0.0,0.1320629466203288,0.8679370533796712,False,True,False
Qatar,QAT,2012,1907122.0,93.738,49.152,11.929,14.581,7.449,0.0,81.667,0.0,81.667,owid,owid,owid,0.0,0.08358768346873738,0.9164123165312626,False,True,False
Qatar,QAT,2013,2032650.0,91.433,44.982,-2.305,-2.459,3.045,0.0,84.704,0.0,84.704,owid,owid,owid,0.0,0.03470125015669694,0.965298749843303,False,True,False
Qatar,QAT,2014,2218378.0,91.642,41.31,0.208,0.228,4.694,0.0,82.502,0.0,82.502,owid,owid,owid,0.0,0.053832744621312906,0.9461672553786871,False,True,False
Qatar,QAT,2015,2427340.0,93.31,38.441,1.669,1.821,4.873,0.0,83.704,0.0,83.704,owid,owid,owid,0.0,0.055014281359720925,0.944985718640279,False,True,False
Qatar,QAT,2016,2599382.0,91.378,35.154,-1.932,-2.071,6.211,0.0,80.794,0.0,80.794,owid,owid,owid,0.0,0.07138670191368313,0.9286132980863169,False,True,False
Qatar,QAT,2017,2706716.0,105.657,39.035,14.278,15.625,14.274,0.0,87.083,0.0,87.083,owid,owid,owid,0.0,0.14082895113312352,0.8591710488668765,False,True,False
Qatar,QAT,2018,2761144.0,102.621,37.166,-3.035,-2.873,11.384,0.0,87.148,0.0,87.148,owid,owid,owid,0.0,0.11553606950026388,0.8844639304997362,False,True,False
Qatar,QAT,2019,2797927.0,101.43,36.252,-1.192,-1.161,10.578,0.0,87.434,0.0,87.434,owid,owid,owid,0.0,0.1079255601354936,0.8920744398645064,False,True,False
Qatar,QAT,2020,2803375.0,101.329,36.145,-0.1,-0.099,11.095,0.0,86.822,0.0,86.822,owid,owid,owid,0.0,0.11331025256084234,0.8866897474391576,False,True,False
Qatar,QAT,2021,2814988.0,104.386,37.082,3.056,3.016,10.394,0.0,90.38,0.0,90.38,owid,owid,owid,0.0,0.1031416833707107,0.8968583166292893,False,True,False
Romania,ROU,1992,22912389.0,132.003,5.761,-10.255,-7.209,36.013,45.194,45.767,45.194,45.767,owid,owid,owid,0.35593113550805683,0.28362499409327896,0.3604438703986643,False,False,False
Romania,ROU,1993,22842257.0,122.709,5.372,-9.294,-7.04,33.76,40.523,43.571,40.523,43.571,owid,owid,owid,0.34384068423642816,0.2864561236784496,0.36970319208512226,False,False,False
Romania,ROU,1994,22756247.0,120.868,5.311,-1.841,-1.5,32.704,40.997,42.39,40.997,42.39,owid,owid,owid,0.35314537733329887,0.28171003781516224,0.3651445848515389,False,False,False
Romania,ROU,1995,22657722.0,125.675,5.547,4.807,3.977,34.15,42.23,44.039,42.23,44.039,owid,owid,owid,0.35069216651857266,0.28359312068693476,0.3657147127944926,False,False,False
Romania,ROU,1996,22541915.0,129.117,5.728,3.442,2.739,38.347,41.873,43.587,41.873,43.587,owid,owid,owid,0.3382118943193842,0.3097320830001535,0.3520560226804624,False,False,False
Romania,ROU,1997,22411511.0,118.115,5.27,-11.002,-8.521,39.969,37.198,35.89,37.198,35.89,owid,owid,owid,0.32901987493034485,0.35352963549360056,0.31745048957605454,False,False,False
Romania,ROU,1998,22284901.0,104.783,4.702,-13.331,-11.287,34.242,31.524,33.487,31.524,33.487,owid,owid,owid,0.31761256586702674,0.34499712855027054,0.33739030558270283,False,False,False
Romania,ROU,1999,22166156.0,88.899,4.011,-15.885,-15.16,27.475,26.093,30.364,26.093,30.364,owid,owid,owid,0.3108826192632131,0.32734832960015253,0.36176905113663443,False,False,False
Romania,ROU,2000,22046264.0,93.206,4.228,4.308,4.846,28.166,29.552,30.804,29.552,30.804,owid,owid,owid,0.3338379159982829,0.31818079121574294,0.34798129278597406,False,False,False
Romania,ROU,2001,21919916.0,98.928,4.513,5.722,6.139,32.908,31.919,29.556,31.919,29.556,owid,owid,owid,0.33818590212220423,0.34866448407022455,0.3131496138075713,False,False,False
Romania,ROU,2002,21770020.0,99.069,4.551,0.141,0.142,30.783,32.966,30.758,32.966,30.758,owid,owid,owid,0.34882072227454053,0.3257219041975727,0.3254573735278868,False,False,False
Romania,ROU,2003,21593448.0,103.707,4.803,4.638,4.682,29.4,35.896,33.636,35.896,33.636,owid,owid,owid,0.3628350786398739,0.29717381635871104,0.33999110500141516,False,False,False
Romania,ROU,2004,21403215.0,103.233,4.823,-0.475,-0.458,30.308,35.875,31.856,35.875,31.856,owid,owid,owid,0.36592580503677113,0.3091422801130163,0.3249319148502127,False,False,False
Romania,ROU,2005,21213395.0,101.337,4.777,-1.896,-1.837,29.807,35.572,30.46,35.572,30.46,owid,owid,owid,0.37116413985955615,0.3110111749913918,0.31782468514905204,False,False,False
Romania,ROU,2006,21035732.0,104.29,4.958,2.953,2.914,28.353,38.262,31.31,38.262,31.31,owid,owid,owid,0.3907275976512637,0.28953791166709214,0.31973449068164406,False,False,False
Romania,ROU,2007,20870714.0,108.497,5.199,4.207,4.034,28.304,42.116,31.249,42.116,31.249,owid,owid,owid,0.41424623041438396,0.27839361063844437,0.3073601589471717,False,False,False
Romania,ROU,2008,20718745.0,106.997,5.164,-1.499,-1.382,27.638,40.69,31.756,40.69,31.756,owid,owid,owid,0.4065584908676711,0.27614803565005397,0.3172934734822749,False,False,False
Romania,ROU,2009,20576922.0,87.806,4.267,-19.192,-17.936,24.691,32.365,25.559,32.365,25.559,owid,owid,owid,0.39175694486473406,0.29886824426556924,0.3093748108696968,False,False,False
Romania,ROU,2010,20432575.0,84.488,4.135,-3.318,-3.779,23.252,29.403,26.805,29.403,26.805,owid,owid,owid,0.3700352378555247,0.292625220236597,0.3373395419078781,False,False,False
Romania,ROU,2011,20282009.0,92.391,4.555,7.903,9.354,24.273,34.091,28.944,34.091,28.944,owid,owid,owid,0.3904682274247491,0.27801576029687997,0.3315160122783708,False,False,False
Romania,ROU,2012,20158451.0,89.848,4.457,-2.543,-2.752,25.511,31.523,27.774,31.523,27.774,owid,owid,owid,0.3716984246769173,0.3008088859541553,0.3274926893689275,False,False,False
Romania,ROU,2013,20062913.0,78.795,3.927,-11.052,-12.301,23.728,25.269,25.248,25.269,25.248,owid,owid,owid,0.3403461512559768,0.31959054481783283,0.34006330392619033,False,False,False
Romania,ROU,2014,19968179.0,79.335,3.973,0.54,0.685,24.887,25.006,24.429,25.006,24.429,owid,owid,owid,0.3364548854982374,0.33485374451710126,0.3286913699846613,False,False,False
Romania,ROU,2015,19871018.0,78.046,3.928,-1.289,-1.625,24.146,25.128,23.493,25.128,23.493,owid,owid,owid,0.3453213682026193,0.33182623991644566,0.32285239188093506,False,False,False
Romania,ROU,2016,19777049.0,76.587,3.873,-1.459,-1.87,25.899,22.147,23.304,22.147,23.304,owid,owid,owid,0.31039943938332165,0.36298528381219347,0.32661527680448493,False,False,False
Romania,ROU,2017,19689405.0,79.432,4.034,2.845,3.715,27.908,21.774,24.355,21.774,24.355,owid,owid,owid,0.29409619514567037,0.37694666180423303,0.32895714305009655,False,False,False
Romania,ROU,2018,19597874.0,79.874,4.076,0.442,0.557,28.456,20.766,24.966,20.766,24.966,owid,owid,owid,0.27991049765460724,0.3835660753760717,0.33652342696932125,False,False,False
Romania,ROU,2019,19501542.0,76.69,3.933,-3.184,-3.986,29.781,18.362,22.675,18.362,22.675,owid,owid,owid,0.25928436273263855,0.4205286791493688,0.32018695811799264,False,False,False
Romania,ROU,2020,19392467.0,73.946,3.813,-2.744,-3.578,29.063,14.298,25.009,14.298,25.009,owid,owid,owid,0.20912681000438788,0.4250841012139827,0.36578908878162936,False,False,False
Romania,ROU,2021,19248159.0,77.501,4.026,3.555,4.807,30.971,15.53,25.271,15.53,25.271,owid,owid,owid,0.2163796466588642,0.43151925541994096,0.3521010979211949,False,False,False
Russia,RUS,1992,148915993.0,1963.458,13.185,-444.183,-18.449,586.419,515.78,774.418,515.78,774.418,owid,owid,owid,0.2748456397869144,0.31248731094304266,0.41266704927004283,False,False,False
Russia,RUS,1993,148135419.0,1866.525,12.6,-96.934,-4.937,510.838,504.624,781.884,504.624,781.884,owid,owid,owid,0.2807606326216544,0.28421795246991954,0.4350214149084261,False,False,False
Russia,RUS,1994,148200734.0,1646.876,11.112,-219.649,-11.768,407.268,451.573,733.163,451.573,733.163,owid,owid,owid,0.28365066921942406,0.2558209652739566,0.46052836550661935,False,False,False
Russia,RUS,1995,148291406.0,1618.286,10.913,-28.59,-1.736,387.021,475.626,699.742,475.626,699.742,owid,owid,owid,0.30442226615778784,0.24771103739209635,0.44786669645011584,False,False,False
Russia,RUS,1996,148084580.0,1586.633,10.714,-31.654,-1.956,361.704,474.697,700.379,474.697,700.379,owid,owid,owid,0.308890667499577,0.23536485378518718,0.4557444787152357,False,False,False
Russia,RUS,1997,147853769.0,1481.964,10.023,-104.669,-6.597,353.158,409.786,669.45,409.786,669.45,owid,owid,owid,0.2860846945742582,0.24655087915755022,0.4673644262681916,False,False,False
Russia,RUS,1998,147635543.0,1465.859,9.929,-16.105,-1.087,345.998,399.043,673.595,399.043,673.595,owid,owid,owid,0.28128639058927024,0.24389483983206403,0.47481876957866576,False,False,False
Russia,RUS,1999,147241973.0,1494.088,10.147,28.229,1.926,350.867,405.097,686.812,405.097,686.812,owid,owid,owid,0.28077608720965697,0.24318882487648813,0.476035087913855,False,False,False
Russia,RUS,2000,146717784.0,1480.576,10.091,-13.511,-0.904,318.265,425.71,682.078,425.71,682.078,owid,owid,owid,0.2985232666668069,0.2231789421571288,0.4782977911760643,False,False,False
Russia,RUS,2001,146117290.0,1518.081,10.389,37.505,2.533,324.29,444.52,694.105,444.52,694.105,owid,owid,owid,0.3038590758861588,0.2216738498135572,0.47446707430028406,False,False,False
Russia,RUS,2002,145939502.0,1508.33,10.335,-9.752,-0.642,315.523,422.617,703.449,422.617,703.449,owid,owid,owid,0.29316053327265956,0.21887167563015536,0.48796779109718513,False,False,False
Russia,RUS,2003,145794230.0,1539.006,10.556,30.676,2.034,309.457,424.648,736.345,424.648,736.345,owid,owid,owid,0.2887877860518889,0.21045054235098098,0.5007616715971301,False,False,False
Russia,RUS,2004,145180091.0,1545.353,10.644,6.347,0.412,309.808,414.711,744.37,414.711,744.37,owid,owid,owid,0.2823297063290691,0.21091314592184976,0.5067571477490811,False,False,False
Russia,RUS,2005,144597886.0,1563.98,10.816,18.627,1.205,320.286,416.446,747.169,416.446,747.169,owid,owid,owid,0.2806427113399075,0.21584054461854263,0.50351674404155,False,False,False
Russia,RUS,2006,144102948.0,1623.428,11.266,59.448,3.801,335.318,436.04,767.75,436.04,767.75,owid,owid,owid,0.28330695441775366,0.21786515306268306,0.4988278925195633,False,False,False
Russia,RUS,2007,143859767.0,1624.315,11.291,0.887,0.055,326.253,421.199,780.313,421.199,780.313,owid,owid,owid,0.27569619673182727,0.2135492042297081,0.5107545990384648,False,False,False
Russia,RUS,2008,143811837.0,1652.731,11.492,28.416,1.749,343.679,449.833,780.849,449.833,780.849,owid,owid,owid,0.2857241763483725,0.2182974552850331,0.49597836836659454,False,False,False
Russia,RUS,2009,143869128.0,1545.236,10.741,-107.495,-6.504,322.578,417.327,733.658,417.327,733.658,owid,owid,owid,0.28320947255054585,0.21891021965128057,0.4978803077981735,False,False,False
Russia,RUS,2010,143934468.0,1633.147,11.346,87.911,5.689,333.202,417.855,795.448,417.855,795.448,owid,owid,owid,0.2701931128577017,0.21545484818995086,0.5143520389523474,False,False,False
Russia,RUS,2011,144043751.0,1684.989,11.698,51.842,3.174,344.934,428.317,818.427,428.317,818.427,owid,owid,owid,0.26909776977504246,0.21671091766048162,0.514191312564476,False,False,False
Russia,RUS,2012,144291025.0,1700.104,11.782,15.115,0.897,352.425,443.293,807.719,443.293,807.719,owid,owid,owid,0.27646424524318697,0.21979348112835115,0.5037422736284618,False,False,False
Russia,RUS,2013,144604105.0,1637.547,11.324,-62.557,-3.68,354.879,405.805,782.899,405.805,782.899,owid,owid,owid,0.26289807545172494,0.22990600440663056,0.5071959201416445,False,False,False
Russia,RUS,2014,144925639.0,1637.311,11.298,-0.236,-0.014,383.699,394.974,775.514,394.974,775.514,owid,owid,owid,0.2541354418741117,0.2468808450977907,0.4989837130280977,False,False,False
Russia,RUS,2015,145307612.0,1635.244,11.254,-2.068,-0.126,406.41,414.854,739.417,414.854,739.417,owid,owid,owid,0.2658160123689594,0.26040555372942964,0.4737784339016109,False,False,False
Russia,RUS,2016,145778668.0,1629.328,11.177,-5.915,-0.362,400.525,402.76,752.164,402.76,752.164,owid,owid,owid,0.2589348798964157,0.25749799575556637,0.4835671243480178,False,False,False
Russia,RUS,2017,146186798.0,1661.012,11.362,31.684,1.945,414.626,386.28,779.798,386.28,779.798,owid,owid,owid,0.2443721278620159,0.26230464400672104,0.49332322813126306,False,False,False
Russia,RUS,2018,146430146.0,1709.91,11.677,48.897,2.944,392.624,399.665,828.794,399.665,828.794,owid,owid,owid,0.24654197224941599,0.24219857959154467,0.5112594481590393,False,False,False
Russia,RUS,2019,146533063.0,1704.459,11.632,-5.451,-0.319,400.012,395.976,807.034,395.976,807.034,owid,owid,owid,0.24701844391405733,0.24953618852392545,0.5034453675620173,False,False,False
Russia,RUS,2020,146371295.0,1631.902,11.149,-72.557,-4.257,381.968,368.047,784.255,368.047,784.255,owid,owid,owid,0.2398841142693268,0.24895748466697518,0.511158401063698,False,False,False
Russia,RUS,2021,145836172.0,1674.524,11.482,42.623,2.612,375.4,375.442,822.695,375.442,822.695,owid,owid,owid,0.23859750358587056,0.2385708121258032,0.5228316842883263,False,False,False
Rwanda,RWA,1992,7683266.0,0.479,0.062,0.007,1.557,0.451,0.0,0.0,0.0,0.0,gcb,owid,owid,0.0,1.0,0.0,False,False,False
Rwanda,RWA,1993,7981142.0,0.483,0.061,0.003,0.721,0.454,0.0,0.0,0.0,0.0,gcb,owid,owid,0.0,1.0,0.0,False,False,False
Rwanda,RWA,1994,6792358.0,0.462,0.068,-0.021,-4.311,0.454,0.0,0.0,0.0,0.0,gcb,owid,owid,0.0,1.0,0.0,False,False,False
Rwanda,RWA,1995,5674118.0,0.451,0.08,-0.011,-2.386,0.443,0.0,0.0,0.0,0.0,gcb,owid,owid,0.0,1.0,0.0,False,False,False
Rwanda,RWA,1996,6708767.0,0.464,0.069,0.013,2.869,0.443,0.0,0.0,0.0,0.0,gcb,owid,owid,0.0,1.0,0.0,False,False,False
Rwanda,RWA,1997,7755237.0,0.483,0.062,0.018,3.984,0.454,0.0,0.0,0.0,0.0,gcb,owid,owid,0.0,1.0,0.0,False,False,False
Rwanda,RWA,1998,8081688.0,0.482,0.06,-0.001,-0.208,0.458,0.0,0.0,0.0,0.0,gcb,owid,owid,0.0,1.0,0.0,False,False,False
Rwanda,RWA,1999,8147917.0,0.502,0.062,0.021,4.337,0.473,0.0,0.004,0.0,0.004,gcb,owid,owid,0.0,0.9916142557651991,0.008385744234800839,False,False,False
Rwanda,RWA,2000,8213936.0,0.515,0.063,0.013,2.533,0.484,0.0,0.004,0.0,0.004,gcb,owid,owid,0.0,0.9918032786885246,0.00819672131147541,False,False,False
Rwanda,RWA,2001,8287091.0,0.519,0.063,0.004,0.75,0.484,0.0,0.0,0.0,0.0,gcb,owid,owid,0.0,1.0,0.0,False,False,False
Rwanda,RWA,2002,8400185.0,0.512,0.061,-0.007,-1.436,0.473,0.0,0.0,0.0,0.0,gcb,owid,owid,0.0,1.0,0.0,False,False,False
Rwanda,RWA,2003,8586878.0,0.505,0.059,-0.006,-1.194,0.465,0.0,0.0,0.0,0.0,gcb,owid,owid,0.0,1.0,0.0,False,False,False
Rwanda,RWA,2004,8816849.0,0.516,0.058,0.01,2.043,0.476,0.0,0.0,0.0,0.0,gcb,owid,owid,0.0,1.0,0.0,False,False,False
Rwanda,RWA,2005,9054532.0,0.514,0.057,-0.002,-0.359,0.476,0.0,0.0,0.0,0.0,gcb,owid,owid,0.0,1.0,0.0,False,False,False
Rwanda,RWA,2006,9299251.0,0.514,0.055,0.0,0.039,0.476,0.0,0.0,0.0,0.0,gcb,owid,owid,0.0,1.0,0.0,False,False,False
Rwanda,RWA,2007,9549940.0,0.542,0.057,0.028,5.46,0.505,0.0,0.0,0.0,0.0,gcb,owid,owid,0.0,1.0,0.0,False,False,False
Rwanda,RWA,2008,9804268.0,0.531,0.054,-0.011,-1.972,0.495,0.0,0.0,0.0,0.0,gcb,owid,owid,0.0,1.0,0.0,False,False,False
Rwanda,RWA,2009,10060438.0,0.555,0.055,0.023,4.394,0.524,0.0,0.0,0.0,0.0,gcb,owid,owid,0.0,1.0,0.0,False,False,False
Rwanda,RWA,2010,10317560.0,0.581,0.056,0.026,4.712,0.55,0.0,0.0,0.0,0.0,gcb,owid,owid,0.0,1.0,0.0,False,False,False
Rwanda,RWA,2011,10573742.0,0.643,0.061,0.062,10.737,0.608,0.0,0.004,0.0,0.004,gcb,owid,owid,0.0,0.9934640522875817,0.006535947712418301,False,False,False
Rwanda,RWA,2012,10829904.0,0.718,0.066,0.075,11.675,0.685,0.0,0.004,0.0,0.004,gcb,owid,owid,0.0,0.9941944847605225,0.005805515239477504,False,False,False
Rwanda,RWA,2013,11093340.0,0.779,0.07,0.06,8.404,0.744,0.0,0.004,0.0,0.004,gcb,owid,owid,0.0,0.9946524064171123,0.005347593582887701,False,False,False
Rwanda,RWA,2014,11364758.0,0.83,0.073,0.051,6.543,0.784,0.0,0.007,0.0,0.007,gcb,owid,owid,0.0,0.9911504424778761,0.008849557522123894,False,False,False
Rwanda,RWA,2015,11640026.0,0.967,0.083,0.137,16.507,0.85,0.004,0.048,0.004,0.048,owid,owid,owid,0.004434589800443459,0.942350332594235,0.05321507760532151,False,False,False
Rwanda,RWA,2016,11919183.0,1.052,0.088,0.085,8.814,0.843,0.018,0.084,0.018,0.084,owid,owid,owid,0.019047619047619046,0.8920634920634921,0.08888888888888889,False,False,False
Rwanda,RWA,2017,12202062.0,1.17,0.096,0.118,11.191,0.934,0.022,0.084,0.022,0.084,owid,owid,owid,0.02115384615384615,0.8980769230769231,0.08076923076923077,False,False,False
Rwanda,RWA,2018,12488000.0,1.313,0.105,0.143,12.255,1.041,0.044,0.095,0.044,0.095,owid,owid,owid,0.03728813559322034,0.8822033898305085,0.0805084745762712,False,False,False
Rwanda,RWA,2019,12776102.0,1.413,0.111,0.1,7.647,1.114,0.059,0.092,0.059,0.092,owid,owid,owid,0.04664031620553359,0.8806324110671937,0.07272727272727272,False,False,False
Rwanda,RWA,2020,13065838.0,1.394,0.107,-0.019,-1.357,1.107,0.037,0.088,0.037,0.088,owid,owid,owid,0.030032467532467532,0.898538961038961,0.07142857142857142,False,False,False
Rwanda,RWA,2021,13355260.0,1.699,0.127,0.305,21.856,1.326,0.059,0.092,0.059,0.092,owid,owid,owid,0.039945836154366955,0.8977657413676371,0.06228842247799593,False,False,False
Saint Helena,SHN,1992,6545.0,0.007,1.12,0.0,0.0,0.007,0.0,0.0,0.0,0.0,gcb,gcb,owid,0.0,1.0,0.0,True,False,False
Saint Helena,SHN,1993,6495.0,0.011,1.692,0.004,50.0,0.011,0.0,0.0,0.0,0.0,gcb,gcb,owid,0.0,1.0,0.0,True,False,False
Saint Helena,SHN,1994,6433.0,0.011,1.709,0.0,0.0,0.011,0.0,0.0,0.0,0.0,gcb,gcb,owid,0.0,1.0,0.0,True,False,False
Saint Helena,SHN,1995,6373.0,0.011,1.725,0.0,0.0,0.011,0.0,0.0,0.0,0.0,gcb,gcb,owid,0.0,1.0,0.0,True,False,False
Saint Helena,SHN,1996,6309.0,0.011,1.742,0.0,0.0,0.011,0.0,0.0,0.0,0.0,gcb,gcb,owid,0.0,1.0,0.0,True,False,False
Saint Helena,SHN,1997,6249.0,0.011,1.759,0.0,0.0,0.011,0.0,0.0,0.0,0.0,gcb,gcb,owid,0.0,1.0,0.0,True,False,False
Saint Helena,SHN,1998,6184.0,0.011,1.777,0.0,0.0,0.011,0.0,0.0,0.0,0.0,gcb,gcb,owid,0.0,1.0,0.0,True,False,False
Saint Helena,SHN,1999,6113.0,0.011,1.798,0.0,0.0,0.011,0.0,0.0,0.0,0.0,gcb,gcb,owid,0.0,1.0,0.0,True,False,False
Saint Helena,SHN,2000,6045.0,0.011,1.818,0.0,0.0,0.011,0.0,0.0,0.0,0.0,gcb,gcb,owid,0.0,1.0,0.0,True,False,False
Saint Helena,SHN,2001,5963.0,0.011,1.843,0.0,0.0,0.011,0.0,0.0,0.0,0.0,gcb,gcb,owid,0.0,1.0,0.0,True,False,False
Saint Helena,SHN,2002,5879.0,0.011,1.87,0.0,0.0,0.011,0.0,0.0,0.0,0.0,gcb,gcb,owid,0.0,1.0,0.0,True,False,False
Saint Helena,SHN,2003,5775.0,0.011,1.903,0.0,0.0,0.011,0.0,0.0,0.0,0.0,gcb,gcb,owid,0.0,1.0,0.0,True,False,False
Saint Helena,SHN,2004,5678.0,0.007,1.291,-0.004,-33.333,0.007,0.0,0.0,0.0,0.0,gcb,gcb,owid,0.0,1.0,0.0,True,False,False
Saint Helena,SHN,2005,5570.0,0.011,1.973,0.004,50.0,0.011,0.0,0.0,0.0,0.0,gcb,gcb,owid,0.0,1.0,0.0,True,False,False
Saint Helena,SHN,2006,5457.0,0.011,2.014,0.0,0.0,0.011,0.0,0.0,0.0,0.0,gcb,gcb,owid,0.0,1.0,0.0,True,False,False
Saint Helena,SHN,2007,5346.0,0.011,2.056,0.0,0.0,0.011,0.0,0.0,0.0,0.0,gcb,gcb,owid,0.0,1.0,0.0,True,False,False
Saint Helena,SHN,2008,5295.0,0.011,2.076,0.0,0.0,0.011,0.0,0.0,0.0,0.0,gcb,gcb,owid,0.0,1.0,0.0,True,False,False
Saint Helena,SHN,2009,5320.0,0.011,2.066,0.0,0.0,0.011,0.0,0.0,0.0,0.0,gcb,gcb,owid,0.0,1.0,0.0,True,False,False
Saint Helena,SHN,2010,5352.0,0.011,2.054,0.0,0.0,0.011,0.0,0.0,0.0,0.0,gcb,gcb,owid,0.0,1.0,0.0,True,False,False
Saint Helena,SHN,2011,5385.0,0.011,2.041,0.0,0.0,0.011,0.0,0.0,0.0,0.0,gcb,gcb,owid,0.0,1.0,0.0,True,False,False
Saint Helena,SHN,2012,5428.0,0.011,2.025,0.0,0.0,0.011,0.0,0.0,0.0,0.0,gcb,gcb,owid,0.0,1.0,0.0,True,False,False
Saint Helena,SHN,2013,5462.0,0.011,2.012,0.0,0.0,0.011,0.0,0.0,0.0,0.0,gcb,gcb,owid,0.0,1.0,0.0,True,False,False
Saint Helena,SHN,2014,5493.0,0.011,2.001,0.0,0.0,0.011,0.0,0.0,0.0,0.0,gcb,gcb,owid,0.0,1.0,0.0,True,False,False
Saint Helena,SHN,2015,5529.0,0.011,1.988,0.0,0.0,0.011,0.0,0.0,0.0,0.0,gcb,gcb,owid,0.0,1.0,0.0,True,False,False
Saint Helena,SHN,2016,5544.0,0.015,2.644,0.004,33.333,0.015,0.0,0.0,0.0,0.0,gcb,gcb,owid,0.0,1.0,0.0,True,False,False
Saint Helena,SHN,2017,5528.0,0.011,1.988,-0.004,-25.0,0.011,0.0,0.0,0.0,0.0,gcb,gcb,owid,0.0,1.0,0.0,True,False,False
Saint Helena,SHN,2018,5507.0,0.011,1.996,0.0,0.0,0.011,0.0,0.0,0.0,0.0,gcb,gcb,owid,0.0,1.0,0.0,True,False,False
Saint Helena,SHN,2019,5485.0,0.015,2.672,0.004,33.333,0.015,0.0,0.0,0.0,0.0,gcb,gcb,owid,0.0,1.0,0.0,True,False,False
Saint Helena,SHN,2020,5451.0,0.011,2.017,-0.004,-25.0,0.011,0.0,0.0,0.0,0.0,gcb,gcb,owid,0.0,1.0,0.0,True,False,False
Saint Helena,SHN,2021,5415.0,0.007,1.353,-0.004,-33.333,0.007,0.0,0.0,0.0,0.0,gcb,gcb,owid,0.0,1.0,0.0,True,False,False
Saint Kitts and Nevis,KNA,1992,40740.0,0.11,2.698,0.004,3.448,0.11,0.0,0.0,0.0,0.0,gcb,gcb,owid,0.0,1.0,0.0,True,False,False
Saint Kitts and Nevis,KNA,1993,41266.0,0.114,2.752,0.004,3.333,0.114,0.0,0.0,0.0,0.0,gcb,gcb,owid,0.0,1.0,0.0,True,False,False
Saint Kitts and Nevis,KNA,1994,41798.0,0.121,2.893,0.007,6.452,0.121,0.0,0.0,0.0,0.0,gcb,gcb,owid,0.0,1.0,0.0,True,False,False
Saint Kitts and Nevis,KNA,1995,42347.0,0.125,2.942,0.004,3.03,0.125,0.0,0.0,0.0,0.0,gcb,gcb,owid,0.0,1.0,0.0,True,False,False
Saint Kitts and Nevis,KNA,1996,42903.0,0.132,3.074,0.007,5.882,0.132,0.0,0.0,0.0,0.0,gcb,gcb,owid,0.0,1.0,0.0,True,False,False
Saint Kitts and Nevis,KNA,1997,43453.0,0.139,3.204,0.007,5.556,0.139,0.0,0.0,0.0,0.0,gcb,gcb,owid,0.0,1.0,0.0,True,False,False
Saint Kitts and Nevis,KNA,1998,44018.0,0.15,3.413,0.011,7.895,0.15,0.0,0.0,0.0,0.0,gcb,gcb,owid,0.0,1.0,0.0,True,False,False
Saint Kitts and Nevis,KNA,1999,44625.0,0.158,3.531,0.007,4.878,0.158,0.0,0.0,0.0,0.0,gcb,gcb,owid,0.0,1.0,0.0,True,False,False
Saint Kitts and Nevis,KNA,2000,45272.0,0.172,3.804,0.015,9.302,0.172,0.0,0.0,0.0,0.0,gcb,gcb,owid,0.0,1.0,0.0,True,False,False
Saint Kitts and Nevis,KNA,2001,45785.0,0.176,3.841,0.004,2.128,0.176,0.0,0.0,0.0,0.0,gcb,gcb,owid,0.0,1.0,0.0,True,False,False
Saint Kitts and Nevis,KNA,2002,46048.0,0.194,4.217,0.018,10.417,0.194,0.0,0.0,0.0,0.0,gcb,gcb,owid,0.0,1.0,0.0,True,False,False
Saint Kitts and Nevis,KNA,2003,46200.0,0.194,4.203,0.0,0.0,0.194,0.0,0.0,0.0,0.0,gcb,gcb,owid,0.0,1.0,0.0,True,False,False
Saint Kitts and Nevis,KNA,2004,46337.0,0.209,4.507,0.015,7.547,0.209,0.0,0.0,0.0,0.0,gcb,gcb,owid,0.0,1.0,0.0,True,False,False
Saint Kitts and Nevis,KNA,2005,46459.0,0.194,4.18,-0.015,-7.018,0.194,0.0,0.0,0.0,0.0,gcb,gcb,owid,0.0,1.0,0.0,True,False,False
Saint Kitts and Nevis,KNA,2006,46592.0,0.202,4.325,0.007,3.774,0.202,0.0,0.0,0.0,0.0,gcb,gcb,owid,0.0,1.0,0.0,True,False,False
Saint Kitts and Nevis,KNA,2007,46734.0,0.216,4.626,0.015,7.273,0.216,0.0,0.0,0.0,0.0,gcb,gcb,owid,0.0,1.0,0.0,True,False,False
Saint Kitts and Nevis,KNA,2008,46857.0,0.216,4.614,0.0,0.0,0.216,0.0,0.0,0.0,0.0,gcb,gcb,owid,0.0,1.0,0.0,True,False,False
Saint Kitts and Nevis,KNA,2009,46941.0,0.22,4.683,0.004,1.695,0.22,0.0,0.0,0.0,0.0,gcb,gcb,owid,0.0,1.0,0.0,True,False,False
Saint Kitts and Nevis,KNA,2010,46871.0,0.22,4.69,0.0,0.0,0.22,0.0,0.0,0.0,0.0,gcb,gcb,owid,0.0,1.0,0.0,True,False,False
Saint Kitts and Nevis,KNA,2011,46917.0,0.227,4.842,0.007,3.333,0.227,0.0,0.0,0.0,0.0,gcb,gcb,owid,0.0,1.0,0.0,True,False,False
Saint Kitts and Nevis,KNA,2012,47056.0,0.224,4.75,-0.004,-1.613,0.224,0.0,0.0,0.0,0.0,gcb,gcb,owid,0.0,1.0,0.0,True,False,False
Saint Kitts and Nevis,KNA,2013,47092.0,0.224,4.746,0.0,0.0,0.224,0.0,0.0,0.0,0.0,gcb,gcb,owid,0.0,1.0,0.0,True,False,False
Saint Kitts and Nevis,KNA,2014,47112.0,0.227,4.822,0.004,1.639,0.227,0.0,0.0,0.0,0.0,gcb,gcb,owid,0.0,1.0,0.0,True,False,False
Saint Kitts and Nevis,KNA,2015,47108.0,0.231,4.9,0.004,1.613,0.231,0.0,0.0,0.0,0.0,gcb,gcb,owid,0.0,1.0,0.0,True,False,False
Saint Kitts and Nevis,KNA,2016,47099.0,0.238,5.057,0.007,3.175,0.238,0.0,0.0,0.0,0.0,gcb,gcb,owid,0.0,1.0,0.0,True,False,False
Saint Kitts and Nevis,KNA,2017,47075.0,0.242,5.137,0.004,1.538,0.242,0.0,0.0,0.0,0.0,gcb,gcb,owid,0.0,1.0,0.0,True,False,False
Saint Kitts and Nevis,KNA,2018,47032.0,0.249,5.297,0.007,3.03,0.249,0.0,0.0,0.0,0.0,gcb,gcb,owid,0.0,1.0,0.0,True,False,False
Saint Kitts and Nevis,KNA,2019,46976.0,0.26,5.538,0.011,4.412,0.26,0.0,0.0,0.0,0.0,gcb,gcb,owid,0.0,1.0,0.0,True,False,False
Saint Kitts and Nevis,KNA,2020,46896.0,0.242,5.157,-0.018,-7.042,0.242,0.0,0.0,0.0,0.0,gcb,gcb,owid,0.0,1.0,0.0,True,False,False
Saint Kitts and Nevis,KNA,2021,46786.0,0.234,5.012,-0.007,-3.03,0.234,0.0,0.0,0.0,0.0,gcb,gcb,owid,0.0,1.0,0.0,True,False,False
Saint Lucia,LCA,1992,141629.0,0.213,1.5,0.026,13.725,0.213,0.0,0.0,0.0,0.0,gcb,gcb,owid,0.0,1.0,0.0,False,False,False
Saint Lucia,LCA,1993,143735.0,0.234,1.631,0.022,10.345,0.234,0.0,0.0,0.0,0.0,gcb,gcb,owid,0.0,1.0,0.0,False,False,False
Saint Lucia,LCA,1994,145901.0,0.26,1.783,0.026,10.938,0.26,0.0,0.0,0.0,0.0,gcb,gcb,owid,0.0,1.0,0.0,False,False,False
Saint Lucia,LCA,1995,148227.0,0.275,1.854,0.015,5.634,0.275,0.0,0.0,0.0,0.0,gcb,gcb,owid,0.0,1.0,0.0,False,False,False
Saint Lucia,LCA,1996,150453.0,0.293,1.948,0.018,6.667,0.293,0.0,0.0,0.0,0.0,gcb,gcb,owid,0.0,1.0,0.0,False,False,False
Saint Lucia,LCA,1997,152584.0,0.293,1.921,0.0,0.0,0.293,0.0,0.0,0.0,0.0,gcb,gcb,owid,0.0,1.0,0.0,False,False,False
Saint Lucia,LCA,1998,154688.0,0.322,2.084,0.029,10.0,0.322,0.0,0.0,0.0,0.0,gcb,gcb,owid,0.0,1.0,0.0,False,False,False
Saint Lucia,LCA,1999,156719.0,0.337,2.151,0.015,4.545,0.337,0.0,0.0,0.0,0.0,gcb,gcb,owid,0.0,1.0,0.0,False,False,False
Saint Lucia,LCA,2000,158624.0,0.341,2.148,0.004,1.087,0.341,0.0,0.0,0.0,0.0,gcb,gcb,owid,0.0,1.0,0.0,False,False,False
Saint Lucia,LCA,2001,160247.0,0.359,2.241,0.018,5.376,0.359,0.0,0.0,0.0,0.0,gcb,gcb,owid,0.0,1.0,0.0,False,False,False
Saint Lucia,LCA,2002,161655.0,0.355,2.199,-0.004,-1.02,0.355,0.0,0.0,0.0,0.0,gcb,gcb,owid,0.0,1.0,0.0,False,False,False
Saint Lucia,LCA,2003,162985.0,0.377,2.316,0.022,6.186,0.377,0.0,0.0,0.0,0.0,gcb,gcb,owid,0.0,1.0,0.0,False,False,False
Saint Lucia,LCA,2004,164250.0,0.399,2.432,0.022,5.825,0.399,0.0,0.0,0.0,0.0,gcb,gcb,owid,0.0,1.0,0.0,False,False,False
Saint Lucia,LCA,2005,165460.0,0.392,2.369,-0.007,-1.835,0.392,0.0,0.0,0.0,0.0,gcb,gcb,owid,0.0,1.0,0.0,False,False,False
Saint Lucia,LCA,2006,166657.0,0.414,2.484,0.022,5.607,0.414,0.0,0.0,0.0,0.0,gcb,gcb,owid,0.0,1.0,0.0,False,False,False
Saint Lucia,LCA,2007,167766.0,0.421,2.512,0.007,1.77,0.421,0.0,0.0,0.0,0.0,gcb,gcb,owid,0.0,1.0,0.0,False,False,False
Saint Lucia,LCA,2008,168816.0,0.425,2.518,0.004,0.87,0.425,0.0,0.0,0.0,0.0,gcb,gcb,owid,0.0,1.0,0.0,False,False,False
Saint Lucia,LCA,2009,169880.0,0.425,2.502,0.0,0.0,0.425,0.0,0.0,0.0,0.0,gcb,gcb,owid,0.0,1.0,0.0,False,False,False
Saint Lucia,LCA,2010,170921.0,0.484,2.83,0.059,13.793,0.484,0.0,0.0,0.0,0.0,gcb,gcb,owid,0.0,1.0,0.0,False,False,False
Saint Lucia,LCA,2011,171814.0,0.484,2.815,0.0,0.0,0.484,0.0,0.0,0.0,0.0,gcb,gcb,owid,0.0,1.0,0.0,False,False,False
Saint Lucia,LCA,2012,172595.0,0.487,2.823,0.004,0.758,0.487,0.0,0.0,0.0,0.0,gcb,gcb,owid,0.0,1.0,0.0,False,False,False
Saint Lucia,LCA,2013,173380.0,0.487,2.811,0.0,0.0,0.487,0.0,0.0,0.0,0.0,gcb,gcb,owid,0.0,1.0,0.0,False,False,False
Saint Lucia,LCA,2014,174145.0,0.487,2.798,0.0,0.0,0.487,0.0,0.0,0.0,0.0,gcb,gcb,owid,0.0,1.0,0.0,False,False,False
Saint Lucia,LCA,2015,174919.0,0.48,2.744,-0.007,-1.504,0.48,0.0,0.0,0.0,0.0,gcb,gcb,owid,0.0,1.0,0.0,False,False,False
Saint Lucia,LCA,2016,175651.0,0.473,2.691,-0.007,-1.527,0.473,0.0,0.0,0.0,0.0,gcb,gcb,owid,0.0,1.0,0.0,False,False,False
Saint Lucia,LCA,2017,176352.0,0.495,2.805,0.022,4.651,0.495,0.0,0.0,0.0,0.0,gcb,gcb,owid,0.0,1.0,0.0,False,False,False
Saint Lucia,LCA,2018,177032.0,0.509,2.877,0.015,2.963,0.509,0.0,0.0,0.0,0.0,gcb,gcb,owid,0.0,1.0,0.0,False,False,False
Saint Lucia,LCA,2019,177675.0,0.502,2.825,-0.007,-1.439,0.502,0.0,0.0,0.0,0.0,gcb,gcb,owid,0.0,1.0,0.0,False,False,False
Saint Lucia,LCA,2020,178261.0,0.487,2.734,-0.015,-2.92,0.487,0.0,0.0,0.0,0.0,gcb,gcb,owid,0.0,1.0,0.0,False,False,False
Saint Lucia,LCA,2021,178540.0,0.506,2.832,0.018,3.759,0.506,0.0,0.0,0.0,0.0,gcb,gcb,owid,0.0,1.0,0.0,False,False,False
Saint Pierre and Miquelon,SPM,1992,6428.0,0.095,14.82,-0.007,-7.143,0.095,0.0,0.0,0.0,0.0,gcb,gcb,owid,0.0,1.0,0.0,True,False,False
Saint Pierre and Miquelon,SPM,1993,6440.0,0.073,11.379,-0.022,-23.077,0.073,0.0,0.0,0.0,0.0,gcb,gcb,owid,0.0,1.0,0.0,True,False,False
Saint Pierre and Miquelon,SPM,1994,6455.0,0.07,10.785,-0.004,-5.0,0.07,0.0,0.0,0.0,0.0,gcb,gcb,owid,0.0,1.0,0.0,True,False,False
Saint Pierre and Miquelon,SPM,1995,6459.0,0.07,10.778,0.0,0.0,0.07,0.0,0.0,0.0,0.0,gcb,gcb,owid,0.0,1.0,0.0,True,False,False
Saint Pierre and Miquelon,SPM,1996,6451.0,0.07,10.792,0.0,0.0,0.07,0.0,0.0,0.0,0.0,gcb,gcb,owid,0.0,1.0,0.0,True,False,False
Saint Pierre and Miquelon,SPM,1997,6438.0,0.048,7.399,-0.022,-31.579,0.048,0.0,0.0,0.0,0.0,gcb,gcb,owid,0.0,1.0,0.0,True,False,False
Saint Pierre and Miquelon,SPM,1998,6392.0,0.055,8.598,0.007,15.385,0.055,0.0,0.0,0.0,0.0,gcb,gcb,owid,0.0,1.0,0.0,True,False,False
Saint Pierre and Miquelon,SPM,1999,6338.0,0.055,8.672,0.0,0.0,0.055,0.0,0.0,0.0,0.0,gcb,gcb,owid,0.0,1.0,0.0,True,False,False
Saint Pierre and Miquelon,SPM,2000,6317.0,0.055,8.7,0.0,0.0,0.055,0.0,0.0,0.0,0.0,gcb,gcb,owid,0.0,1.0,0.0,True,False,False
Saint Pierre and Miquelon,SPM,2001,6299.0,0.055,8.725,0.0,0.0,0.055,0.0,0.0,0.0,0.0,gcb,gcb,owid,0.0,1.0,0.0,True,False,False
Saint Pierre and Miquelon,SPM,2002,6273.0,0.059,9.345,0.004,6.667,0.059,0.0,0.0,0.0,0.0,gcb,gcb,owid,0.0,1.0,0.0,True,False,False
Saint Pierre and Miquelon,SPM,2003,6234.0,0.062,9.992,0.004,6.25,0.062,0.0,0.0,0.0,0.0,gcb,gcb,owid,0.0,1.0,0.0,True,False,False
Saint Pierre and Miquelon,SPM,2004,6191.0,0.059,9.469,-0.004,-5.882,0.059,0.0,0.0,0.0,0.0,gcb,gcb,owid,0.0,1.0,0.0,True,False,False
Saint Pierre and Miquelon,SPM,2005,6139.0,0.062,10.146,0.004,6.25,0.062,0.0,0.0,0.0,0.0,gcb,gcb,owid,0.0,1.0,0.0,True,False,False
Saint Pierre and Miquelon,SPM,2006,6094.0,0.062,10.221,0.0,0.0,0.062,0.0,0.0,0.0,0.0,gcb,gcb,owid,0.0,1.0,0.0,True,False,False
Saint Pierre and Miquelon,SPM,2007,6074.0,0.062,10.255,0.0,0.0,0.062,0.0,0.0,0.0,0.0,gcb,gcb,owid,0.0,1.0,0.0,True,False,False
Saint Pierre and Miquelon,SPM,2008,6063.0,0.062,10.273,0.0,0.0,0.062,0.0,0.0,0.0,0.0,gcb,gcb,owid,0.0,1.0,0.0,True,False,False
Saint Pierre and Miquelon,SPM,2009,6054.0,0.062,10.289,0.0,0.0,0.062,0.0,0.0,0.0,0.0,gcb,gcb,owid,0.0,1.0,0.0,True,False,False
Saint Pierre and Miquelon,SPM,2010,6047.0,0.062,10.301,0.0,0.0,0.062,0.0,0.0,0.0,0.0,gcb,gcb,owid,0.0,1.0,0.0,True,False,False
Saint Pierre and Miquelon,SPM,2011,6036.0,0.066,10.926,0.004,5.882,0.066,0.0,0.0,0.0,0.0,gcb,gcb,owid,0.0,1.0,0.0,True,False,False
Saint Pierre and Miquelon,SPM,2012,6019.0,0.066,10.957,0.0,0.0,0.066,0.0,0.0,0.0,0.0,gcb,gcb,owid,0.0,1.0,0.0,True,False,False
Saint Pierre and Miquelon,SPM,2013,5999.0,0.066,10.994,0.0,0.0,0.066,0.0,0.0,0.0,0.0,gcb,gcb,owid,0.0,1.0,0.0,True,False,False
Saint Pierre and Miquelon,SPM,2014,5984.0,0.066,11.021,0.0,0.0,0.066,0.0,0.0,0.0,0.0,gcb,gcb,owid,0.0,1.0,0.0,True,False,False
Saint Pierre and Miquelon,SPM,2015,5971.0,0.066,11.045,0.0,0.0,0.066,0.0,0.0,0.0,0.0,gcb,gcb,owid,0.0,1.0,0.0,True,False,False
Saint Pierre and Miquelon,SPM,2016,5957.0,0.066,11.071,0.0,0.0,0.066,0.0,0.0,0.0,0.0,gcb,gcb,owid,0.0,1.0,0.0,True,False,False
Saint Pierre and Miquelon,SPM,2017,5946.0,0.066,11.092,0.0,0.0,0.066,0.0,0.0,0.0,0.0,gcb,gcb,owid,0.0,1.0,0.0,True,False,False
Saint Pierre and Miquelon,SPM,2018,5932.0,0.059,9.883,-0.007,-11.111,0.059,0.0,0.0,0.0,0.0,gcb,gcb,owid,0.0,1.0,0.0,True,False,False
Saint Pierre and Miquelon,SPM,2019,5899.0,0.066,11.18,0.007,12.5,0.066,0.0,0.0,0.0,0.0,gcb,gcb,owid,0.0,1.0,0.0,True,False,False
Saint Pierre and Miquelon,SPM,2020,5852.0,0.062,10.644,-0.004,-5.556,0.062,0.0,0.0,0.0,0.0,gcb,gcb,owid,0.0,1.0,0.0,True,False,False
Saint Pierre and Miquelon,SPM,2021,5802.0,0.055,9.473,-0.007,-11.765,0.055,0.0,0.0,0.0,0.0,gcb,gcb,owid,0.0,1.0,0.0,True,False,False
Saint Vincent and the Grenadines,VCT,1992,112524.0,0.084,0.749,0.0,0.0,0.084,0.0,0.0,0.0,0.0,gcb,gcb,owid,0.0,1.0,0.0,False,False,False
Saint Vincent and the Grenadines,VCT,1993,112753.0,0.103,0.91,0.018,21.739,0.103,0.0,0.0,0.0,0.0,gcb,gcb,owid,0.0,1.0,0.0,False,False,False
Saint Vincent and the Grenadines,VCT,1994,112933.0,0.121,1.071,0.018,17.857,0.121,0.0,0.0,0.0,0.0,gcb,gcb,owid,0.0,1.0,0.0,False,False,False
Saint Vincent and the Grenadines,VCT,1995,113064.0,0.128,1.134,0.007,6.061,0.128,0.0,0.0,0.0,0.0,gcb,gcb,owid,0.0,1.0,0.0,False,False,False
Saint Vincent and the Grenadines,VCT,1996,113136.0,0.132,1.166,0.004,2.857,0.132,0.0,0.0,0.0,0.0,gcb,gcb,owid,0.0,1.0,0.0,False,False,False
Saint Vincent and the Grenadines,VCT,1997,113158.0,0.132,1.166,0.0,0.0,0.132,0.0,0.0,0.0,0.0,gcb,gcb,owid,0.0,1.0,0.0,False,False,False
Saint Vincent and the Grenadines,VCT,1998,113195.0,0.161,1.424,0.029,22.222,0.161,0.0,0.0,0.0,0.0,gcb,gcb,owid,0.0,1.0,0.0,False,False,False
Saint Vincent and the Grenadines,VCT,1999,113384.0,0.165,1.454,0.004,2.273,0.165,0.0,0.0,0.0,0.0,gcb,gcb,owid,0.0,1.0,0.0,False,False,False
Saint Vincent and the Grenadines,VCT,2000,113561.0,0.143,1.258,-0.022,-13.333,0.143,0.0,0.0,0.0,0.0,gcb,gcb,owid,0.0,1.0,0.0,False,False,False
Saint Vincent and the Grenadines,VCT,2001,113506.0,0.176,1.549,0.033,23.077,0.176,0.0,0.0,0.0,0.0,gcb,gcb,owid,0.0,1.0,0.0,False,False,False
Saint Vincent and the Grenadines,VCT,2002,113365.0,0.187,1.648,0.011,6.25,0.187,0.0,0.0,0.0,0.0,gcb,gcb,owid,0.0,1.0,0.0,False,False,False
Saint Vincent and the Grenadines,VCT,2003,113149.0,0.202,1.781,0.015,7.843,0.202,0.0,0.0,0.0,0.0,gcb,gcb,owid,0.0,1.0,0.0,False,False,False
Saint Vincent and the Grenadines,VCT,2004,112856.0,0.22,1.948,0.018,9.091,0.22,0.0,0.0,0.0,0.0,gcb,gcb,owid,0.0,1.0,0.0,False,False,False
Saint Vincent and the Grenadines,VCT,2005,112465.0,0.22,1.955,0.0,0.0,0.22,0.0,0.0,0.0,0.0,gcb,gcb,owid,0.0,1.0,0.0,False,False,False
Saint Vincent and the Grenadines,VCT,2006,112027.0,0.22,1.962,0.0,0.0,0.22,0.0,0.0,0.0,0.0,gcb,gcb,owid,0.0,1.0,0.0,False,False,False
Saint Vincent and the Grenadines,VCT,2007,111544.0,0.238,2.135,0.018,8.333,0.238,0.0,0.0,0.0,0.0,gcb,gcb,owid,0.0,1.0,0.0,False,False,False
Saint Vincent and the Grenadines,VCT,2008,111047.0,0.22,1.98,-0.018,-7.692,0.22,0.0,0.0,0.0,0.0,gcb,gcb,owid,0.0,1.0,0.0,False,False,False
Saint Vincent and the Grenadines,VCT,2009,110521.0,0.278,2.52,0.059,26.667,0.278,0.0,0.0,0.0,0.0,gcb,gcb,owid,0.0,1.0,0.0,False,False,False
Saint Vincent and the Grenadines,VCT,2010,109974.0,0.224,2.032,-0.055,-19.737,0.224,0.0,0.0,0.0,0.0,gcb,gcb,owid,0.0,1.0,0.0,False,False,False
Saint Vincent and the Grenadines,VCT,2011,109367.0,0.216,1.977,-0.007,-3.279,0.216,0.0,0.0,0.0,0.0,gcb,gcb,owid,0.0,1.0,0.0,False,False,False
Saint Vincent and the Grenadines,VCT,2012,108753.0,0.231,2.123,0.015,6.78,0.231,0.0,0.0,0.0,0.0,gcb,gcb,owid,0.0,1.0,0.0,False,False,False
Saint Vincent and the Grenadines,VCT,2013,108156.0,0.216,1.999,-0.015,-6.349,0.216,0.0,0.0,0.0,0.0,gcb,gcb,owid,0.0,1.0,0.0,False,False,False
Saint Vincent and the Grenadines,VCT,2014,107555.0,0.256,2.385,0.04,18.644,0.256,0.0,0.0,0.0,0.0,gcb,gcb,owid,0.0,1.0,0.0,False,False,False
Saint Vincent and the Grenadines,VCT,2015,106975.0,0.234,2.192,-0.022,-8.571,0.234,0.0,0.0,0.0,0.0,gcb,gcb,owid,0.0,1.0,0.0,False,False,False
Saint Vincent and the Grenadines,VCT,2016,106365.0,0.242,2.274,0.007,3.125,0.242,0.0,0.0,0.0,0.0,gcb,gcb,owid,0.0,1.0,0.0,False,False,False
Saint Vincent and the Grenadines,VCT,2017,105674.0,0.213,2.011,-0.029,-12.121,0.213,0.0,0.0,0.0,0.0,gcb,gcb,owid,0.0,1.0,0.0,False,False,False
Saint Vincent and the Grenadines,VCT,2018,104939.0,0.242,2.304,0.029,13.793,0.242,0.0,0.0,0.0,0.0,gcb,gcb,owid,0.0,1.0,0.0,False,False,False
Saint Vincent and the Grenadines,VCT,2019,104183.0,0.22,2.11,-0.022,-9.091,0.22,0.0,0.0,0.0,0.0,gcb,gcb,owid,0.0,1.0,0.0,False,False,False
Saint Vincent and the Grenadines,VCT,2020,103540.0,0.238,2.3,0.018,8.333,0.238,0.0,0.0,0.0,0.0,gcb,gcb,owid,0.0,1.0,0.0,False,False,False
Saint Vincent and the Grenadines,VCT,2021,102848.0,0.234,2.28,-0.004,-1.538,0.234,0.0,0.0,0.0,0.0,gcb,gcb,owid,0.0,1.0,0.0,False,False,False
Samoa,WSM,1992,170340.0,0.099,0.581,0.004,3.846,0.099,0.0,0.0,0.0,0.0,gcb,gcb,owid,0.0,1.0,0.0,False,False,False
Samoa,WSM,1993,171786.0,0.106,0.619,0.007,7.407,0.106,0.0,0.0,0.0,0.0,gcb,gcb,owid,0.0,1.0,0.0,False,False,False
Samoa,WSM,1994,173167.0,0.099,0.571,-0.007,-6.897,0.099,0.0,0.0,0.0,0.0,gcb,gcb,owid,0.0,1.0,0.0,False,False,False
Samoa,WSM,1995,174585.0,0.11,0.63,0.011,11.111,0.11,0.0,0.0,0.0,0.0,gcb,gcb,owid,0.0,1.0,0.0,False,False,False
Samoa,WSM,1996,176086.0,0.125,0.707,0.015,13.333,0.125,0.0,0.0,0.0,0.0,gcb,gcb,owid,0.0,1.0,0.0,False,False,False
Samoa,WSM,1997,177561.0,0.125,0.702,0.0,0.0,0.125,0.0,0.0,0.0,0.0,gcb,gcb,owid,0.0,1.0,0.0,False,False,False
Samoa,WSM,1998,178921.0,0.139,0.778,0.015,11.765,0.139,0.0,0.0,0.0,0.0,gcb,gcb,owid,0.0,1.0,0.0,False,False,False
Samoa,WSM,1999,180279.0,0.139,0.772,0.0,0.0,0.139,0.0,0.0,0.0,0.0,gcb,gcb,owid,0.0,1.0,0.0,False,False,False
Samoa,WSM,2000,181695.0,0.143,0.786,0.004,2.632,0.143,0.0,0.0,0.0,0.0,gcb,gcb,owid,0.0,1.0,0.0,False,False,False
Samoa,WSM,2001,183174.0,0.154,0.84,0.011,7.692,0.154,0.0,0.0,0.0,0.0,gcb,gcb,owid,0.0,1.0,0.0,False,False,False
Samoa,WSM,2002,184482.0,0.161,0.874,0.007,4.762,0.161,0.0,0.0,0.0,0.0,gcb,gcb,owid,0.0,1.0,0.0,False,False,False
Samoa,WSM,2003,185447.0,0.161,0.869,0.0,0.0,0.161,0.0,0.0,0.0,0.0,gcb,gcb,owid,0.0,1.0,0.0,False,False,False
Samoa,WSM,2004,186265.0,0.169,0.905,0.007,4.545,0.169,0.0,0.0,0.0,0.0,gcb,gcb,owid,0.0,1.0,0.0,False,False,False
Samoa,WSM,2005,186993.0,0.172,0.921,0.004,2.174,0.172,0.0,0.0,0.0,0.0,gcb,gcb,owid,0.0,1.0,0.0,False,False,False
Samoa,WSM,2006,187724.0,0.169,0.898,-0.004,-2.128,0.169,0.0,0.0,0.0,0.0,gcb,gcb,owid,0.0,1.0,0.0,False,False,False
Samoa,WSM,2007,188766.0,0.18,0.951,0.011,6.522,0.18,0.0,0.0,0.0,0.0,gcb,gcb,owid,0.0,1.0,0.0,False,False,False
Samoa,WSM,2008,190117.0,0.161,0.848,-0.018,-10.204,0.161,0.0,0.0,0.0,0.0,gcb,gcb,owid,0.0,1.0,0.0,False,False,False
Samoa,WSM,2009,191530.0,0.169,0.88,0.007,4.545,0.169,0.0,0.0,0.0,0.0,gcb,gcb,owid,0.0,1.0,0.0,False,False,False
Samoa,WSM,2010,193035.0,0.187,0.968,0.018,10.87,0.187,0.0,0.0,0.0,0.0,gcb,gcb,owid,0.0,1.0,0.0,False,False,False
Samoa,WSM,2011,194726.0,0.191,0.978,0.004,1.961,0.191,0.0,0.0,0.0,0.0,gcb,gcb,owid,0.0,1.0,0.0,False,False,False
Samoa,WSM,2012,196518.0,0.191,0.97,0.0,0.0,0.191,0.0,0.0,0.0,0.0,gcb,gcb,owid,0.0,1.0,0.0,False,False,False
Samoa,WSM,2013,198284.0,0.191,0.961,0.0,0.0,0.191,0.0,0.0,0.0,0.0,gcb,gcb,owid,0.0,1.0,0.0,False,False,False
Samoa,WSM,2014,200051.0,0.202,1.007,0.011,5.769,0.202,0.0,0.0,0.0,0.0,gcb,gcb,owid,0.0,1.0,0.0,False,False,False
Samoa,WSM,2015,201794.0,0.227,1.126,0.026,12.727,0.227,0.0,0.0,0.0,0.0,gcb,gcb,owid,0.0,1.0,0.0,False,False,False
Samoa,WSM,2016,203509.0,0.238,1.17,0.011,4.839,0.238,0.0,0.0,0.0,0.0,gcb,gcb,owid,0.0,1.0,0.0,False,False,False
Samoa,WSM,2017,205423.0,0.234,1.142,-0.004,-1.538,0.234,0.0,0.0,0.0,0.0,gcb,gcb,owid,0.0,1.0,0.0,False,False,False
Samoa,WSM,2018,207595.0,0.234,1.13,0.0,0.0,0.234,0.0,0.0,0.0,0.0,gcb,gcb,owid,0.0,1.0,0.0,False,False,False
Samoa,WSM,2019,209794.0,0.26,1.24,0.026,10.938,0.26,0.0,0.0,0.0,0.0,gcb,gcb,owid,0.0,1.0,0.0,False,False,False
Samoa,WSM,2020,211957.0,0.234,1.106,-0.026,-9.859,0.234,0.0,0.0,0.0,0.0,gcb,gcb,owid,0.0,1.0,0.0,False,False,False
Samoa,WSM,2021,213792.0,0.267,1.251,0.033,14.062,0.267,0.0,0.0,0.0,0.0,gcb,gcb,owid,0.0,1.0,0.0,False,False,False
Sao Tome and Principe,STP,1992,128127.0,0.048,0.372,0.0,0.0,0.048,0.0,0.0,0.0,0.0,gcb,gcb,owid,0.0,1.0,0.0,False,False,False
Sao Tome and Principe,STP,1993,130478.0,0.048,0.365,0.0,0.0,0.048,0.0,0.0,0.0,0.0,gcb,gcb,owid,0.0,1.0,0.0,False,False,False
Sao Tome and Principe,STP,1994,132745.0,0.048,0.359,0.0,0.0,0.048,0.0,0.0,0.0,0.0,gcb,gcb,owid,0.0,1.0,0.0,False,False,False
Sao Tome and Principe,STP,1995,134905.0,0.048,0.353,0.0,0.0,0.048,0.0,0.0,0.0,0.0,gcb,gcb,owid,0.0,1.0,0.0,False,False,False
Sao Tome and Principe,STP,1996,136974.0,0.048,0.348,0.0,0.0,0.048,0.0,0.0,0.0,0.0,gcb,gcb,owid,0.0,1.0,0.0,False,False,False
Sao Tome and Principe,STP,1997,138935.0,0.048,0.343,0.0,0.0,0.048,0.0,0.0,0.0,0.0,gcb,gcb,owid,0.0,1.0,0.0,False,False,False
Sao Tome and Principe,STP,1998,140765.0,0.048,0.338,0.0,0.0,0.048,0.0,0.0,0.0,0.0,gcb,gcb,owid,0.0,1.0,0.0,False,False,False
Sao Tome and Principe,STP,1999,142459.0,0.048,0.334,0.0,0.0,0.048,0.0,0.0,0.0,0.0,gcb,gcb,owid,0.0,1.0,0.0,False,False,False
Sao Tome and Principe,STP,2000,144029.0,0.051,0.356,0.004,7.692,0.051,0.0,0.0,0.0,0.0,gcb,gcb,owid,0.0,1.0,0.0,False,False,False
Sao Tome and Principe,STP,2001,146386.0,0.051,0.35,0.0,0.0,0.051,0.0,0.0,0.0,0.0,gcb,gcb,owid,0.0,1.0,0.0,False,False,False
Sao Tome and Principe,STP,2002,149932.0,0.055,0.367,0.004,7.143,0.055,0.0,0.0,0.0,0.0,gcb,gcb,owid,0.0,1.0,0.0,False,False,False
Sao Tome and Principe,STP,2003,153824.0,0.062,0.405,0.007,13.333,0.062,0.0,0.0,0.0,0.0,gcb,gcb,owid,0.0,1.0,0.0,False,False,False
Sao Tome and Principe,STP,2004,157721.0,0.073,0.465,0.011,17.647,0.073,0.0,0.0,0.0,0.0,gcb,gcb,owid,0.0,1.0,0.0,False,False,False
Sao Tome and Principe,STP,2005,161650.0,0.077,0.476,0.004,5.0,0.077,0.0,0.0,0.0,0.0,gcb,gcb,owid,0.0,1.0,0.0,False,False,False
Sao Tome and Principe,STP,2006,165651.0,0.081,0.487,0.004,4.762,0.081,0.0,0.0,0.0,0.0,gcb,gcb,owid,0.0,1.0,0.0,False,False,False
Sao Tome and Principe,STP,2007,169709.0,0.081,0.475,0.0,0.0,0.081,0.0,0.0,0.0,0.0,gcb,gcb,owid,0.0,1.0,0.0,False,False,False
Sao Tome and Principe,STP,2008,173808.0,0.084,0.485,0.004,4.545,0.084,0.0,0.0,0.0,0.0,gcb,gcb,owid,0.0,1.0,0.0,False,False,False
Sao Tome and Principe,STP,2009,177866.0,0.092,0.515,0.007,8.696,0.092,0.0,0.0,0.0,0.0,gcb,gcb,owid,0.0,1.0,0.0,False,False,False
Sao Tome and Principe,STP,2010,181810.0,0.106,0.584,0.015,16.0,0.106,0.0,0.0,0.0,0.0,gcb,gcb,owid,0.0,1.0,0.0,False,False,False
Sao Tome and Principe,STP,2011,185665.0,0.099,0.533,-0.007,-6.897,0.099,0.0,0.0,0.0,0.0,gcb,gcb,owid,0.0,1.0,0.0,False,False,False
Sao Tome and Principe,STP,2012,189452.0,0.11,0.58,0.011,11.111,0.11,0.0,0.0,0.0,0.0,gcb,gcb,owid,0.0,1.0,0.0,False,False,False
Sao Tome and Principe,STP,2013,193158.0,0.11,0.569,0.0,0.0,0.11,0.0,0.0,0.0,0.0,gcb,gcb,owid,0.0,1.0,0.0,False,False,False
Sao Tome and Principe,STP,2014,196780.0,0.128,0.652,0.018,16.667,0.128,0.0,0.0,0.0,0.0,gcb,gcb,owid,0.0,1.0,0.0,False,False,False
Sao Tome and Principe,STP,2015,200308.0,0.136,0.677,0.007,5.714,0.136,0.0,0.0,0.0,0.0,gcb,gcb,owid,0.0,1.0,0.0,False,False,False
Sao Tome and Principe,STP,2016,203702.0,0.147,0.719,0.011,8.108,0.147,0.0,0.0,0.0,0.0,gcb,gcb,owid,0.0,1.0,0.0,False,False,False
Sao Tome and Principe,STP,2017,206986.0,0.139,0.673,-0.007,-5.0,0.139,0.0,0.0,0.0,0.0,gcb,gcb,owid,0.0,1.0,0.0,False,False,False
Sao Tome and Principe,STP,2018,210198.0,0.139,0.662,0.0,0.0,0.139,0.0,0.0,0.0,0.0,gcb,gcb,owid,0.0,1.0,0.0,False,False,False
Sao Tome and Principe,STP,2019,213405.0,0.147,0.687,0.007,5.263,0.147,0.0,0.0,0.0,0.0,gcb,gcb,owid,0.0,1.0,0.0,False,False,False
Sao Tome and Principe,STP,2020,217450.0,0.143,0.657,-0.004,-2.5,0.143,0.0,0.0,0.0,0.0,gcb,gcb,owid,0.0,1.0,0.0,False,False,False
Sao Tome and Principe,STP,2021,221975.0,0.143,0.644,0.0,0.0,0.143,0.0,0.0,0.0,0.0,gcb,gcb,owid,0.0,1.0,0.0,False,False,False
Saudi Arabia,SAU,1992,11686682.0,276.011,23.618,31.477,12.872,194.701,0.007,73.423,0.007,73.423,owid,owid,owid,2.6106641902652065e-05,0.7261413264411799,0.2738325669169175,False,True,False
Saudi Arabia,SAU,1993,12215864.0,297.754,24.374,21.743,7.878,212.794,0.052,76.86,0.052,76.86,owid,owid,owid,0.00017949231289652267,0.7345170621250509,0.26530344556205254,False,True,False
Saudi Arabia,SAU,1994,12750037.0,291.208,22.84,-6.546,-2.198,195.159,0.068,82.099,0.068,82.099,owid,owid,owid,0.0002451987913141934,0.7037169252071568,0.29603787600152887,False,True,False
Saudi Arabia,SAU,1995,13289246.0,274.604,20.664,-16.604,-5.702,178.451,0.05,82.407,0.05,82.407,owid,owid,owid,0.0001916384319376945,0.6839613963542704,0.3158469652137918,False,True,False
Saudi Arabia,SAU,1996,13831002.0,269.498,19.485,-5.106,-1.859,169.343,0.046,85.441,0.046,85.441,owid,owid,owid,0.00018051249852843072,0.664533218223914,0.3352862692775576,False,True,False
Saudi Arabia,SAU,1997,14374948.0,227.149,15.802,-42.35,-15.714,124.004,0.061,87.991,0.061,87.991,owid,owid,owid,0.00028765986343230087,0.5847700607386728,0.41494227939789485,False,True,False
Saudi Arabia,SAU,1998,14922188.0,218.915,14.67,-8.234,-3.625,114.916,0.075,89.682,0.075,89.682,owid,owid,owid,0.0003664381721086807,0.5614614531472153,0.438172108680676,False,True,False
Saudi Arabia,SAU,1999,15472076.0,237.716,15.364,18.801,8.588,135.143,0.059,88.683,0.059,88.683,owid,owid,owid,0.00026352815061303795,0.6036268620050472,0.3961096098443398,False,True,False
Saudi Arabia,SAU,2000,16177733.0,309.639,19.14,71.923,30.256,198.371,0.001,95.613,0.001,95.613,owid,owid,owid,3.4015340918754357e-06,0.6747657193394221,0.325230879126486,False,True,False
Saudi Arabia,SAU,2001,17041405.0,324.374,19.034,14.734,4.759,205.004,0.005,103.061,0.005,103.061,owid,owid,owid,1.6230077579770833e-05,0.6654461648326678,0.33453760508975233,False,True,False
Saudi Arabia,SAU,2002,17910909.0,346.93,19.37,22.557,6.954,219.46,0.028,110.029,0.028,110.029,owid,owid,owid,8.497285420782539e-05,0.666005092301763,0.3339099348440293,False,True,False
Saudi Arabia,SAU,2003,18786771.0,351.228,18.695,4.297,1.239,216.839,0.029,115.288,0.029,115.288,owid,owid,owid,8.730837317405075e-05,0.6528227700237238,0.34708992160310215,False,True,False
Saudi Arabia,SAU,2004,19669486.0,407.702,20.728,56.475,16.079,263.196,0.036,126.075,0.036,126.075,owid,owid,owid,9.247200795259268e-05,0.6760628501414051,0.3238446778506423,False,True,False
Saudi Arabia,SAU,2005,20559886.0,412.234,20.05,4.532,1.112,256.689,0.07,136.748,0.07,136.748,owid,owid,owid,0.000177887559814692,0.652311140589621,0.34751097185056423,False,True,False
Saudi Arabia,SAU,2006,21459141.0,444.977,20.736,32.743,7.943,283.766,0.038,141.013,0.038,141.013,owid,owid,owid,8.945028094450081e-05,0.6679723269078215,0.33193822281123403,False,True,False
Saudi Arabia,SAU,2007,22368313.0,423.314,18.925,-21.663,-4.868,258.466,0.055,142.852,0.055,142.852,owid,owid,owid,0.00013702964574099403,0.6439546257471229,0.355908344607136,False,True,False
Saudi Arabia,SAU,2008,23287884.0,469.43,20.158,46.116,10.894,288.817,0.108,154.41,0.108,154.41,owid,owid,owid,0.00024360810673644081,0.651464468178691,0.34829192371457246,False,True,False
Saudi Arabia,SAU,2009,24217656.0,503.97,20.81,34.539,7.358,326.067,0.067,150.59,0.067,150.59,owid,owid,owid,0.00014054253614250594,0.6839743751101266,0.31588508235373086,False,True,False
Saudi Arabia,SAU,2010,25157134.0,555.64,22.087,51.67,10.253,359.645,0.17,168.268,0.17,168.268,owid,owid,owid,0.00032191909226390555,0.681038776101484,0.3186393048062521,False,True,False
Saudi Arabia,SAU,2011,26105636.0,540.236,20.694,-15.404,-2.772,335.71,0.17,177.099,0.17,177.099,owid,owid,owid,0.0003313975815774135,0.6544322477138439,0.3452363547045785,False,True,False
Saudi Arabia,SAU,2012,27062447.0,605.712,22.382,65.476,12.12,386.219,0.193,190.671,0.193,190.671,owid,owid,owid,0.0003344406263916976,0.6692607475874355,0.33040481178617287,False,True,False
Saudi Arabia,SAU,2013,28026825.0,583.178,20.808,-22.534,-3.72,359.381,0.239,192.011,0.239,192.011,owid,owid,owid,0.00043326063981175824,0.6514880418250606,0.34807869753512766,False,True,False
Saudi Arabia,SAU,2014,28998127.0,585.109,20.177,1.931,0.331,355.28,0.257,196.522,0.257,196.522,owid,owid,owid,0.0004655299524145065,0.6435544026997114,0.3559800673478741,False,True,False
Saudi Arabia,SAU,2015,29974944.0,624.547,20.836,39.438,6.74,390.526,0.26,200.499,0.26,200.499,owid,owid,owid,0.0004397202702588431,0.6604699933196344,0.3390902864101068,False,True,False
Saudi Arabia,SAU,2016,30717804.0,641.174,20.873,16.627,2.662,395.724,0.33,212.8,0.33,212.8,owid,owid,owid,0.0005420018592306201,0.6499489204308422,0.3495090777099272,False,True,False
Saudi Arabia,SAU,2017,30782400.0,644.487,20.937,3.312,0.517,393.125,0.52,222.859,0.52,222.859,owid,owid,owid,0.0008434657358265315,0.6376682065323177,0.36148832773185574,False,True,False
Saudi Arabia,SAU,2018,30365119.0,652.204,21.479,7.718,1.197,391.612,0.462,231.045,0.462,231.045,owid,owid,owid,0.0007414314119774875,0.6284706452539564,0.3707879233340662,False,True,False
Saudi Arabia,SAU,2019,30472809.0,708.335,23.245,56.131,8.606,446.993,0.484,233.225,0.484,233.225,owid,owid,owid,0.0007110306712775928,0.6566647372859196,0.34262423204280285,False,True,False
Saudi Arabia,SAU,2020,30991206.0,653.565,21.089,-54.77,-7.732,388.279,0.425,234.953,0.425,234.953,owid,owid,owid,0.0006814643305534933,0.6225842089481878,0.3767343267212586,False,True,False
Saudi Arabia,SAU,2021,31328374.0,695.394,22.197,41.83,6.4,420.649,0.517,241.864,0.517,241.864,owid,owid,owid,0.0007797535556460492,0.634434339320996,0.36478590712335796,False,True,False
Senegal,SEN,1992,8168396.0,3.166,0.388,0.058,1.86,2.916,0.0,0.004,0.0,0.004,gcb,owid,owid,0.0,0.9986301369863013,0.0013698630136986301,False,False,False
Senegal,SEN,1993,8396289.0,3.286,0.391,0.12,3.801,3.019,0.0,0.026,0.0,0.026,gcb,owid,owid,0.0,0.9914614121510674,0.008538587848932676,False,False,False
Senegal,SEN,1994,8624077.0,3.636,0.422,0.35,10.637,3.32,0.0,0.037,0.0,0.037,gcb,owid,owid,0.0,0.988978254393804,0.011021745606196008,False,False,False
Senegal,SEN,1995,8848112.0,2.99,0.338,-0.645,-17.749,2.616,0.0,0.092,0.0,0.092,gcb,owid,owid,0.0,0.96602658788774,0.03397341211225997,False,False,False
Senegal,SEN,1996,9067018.0,3.243,0.358,0.252,8.438,2.829,0.0,0.084,0.0,0.084,gcb,owid,owid,0.0,0.9711637487126673,0.028836251287332648,False,False,False
Senegal,SEN,1997,9283505.0,3.182,0.343,-0.06,-1.863,2.791,0.0,0.044,0.0,0.044,gcb,owid,owid,0.0,0.9844797178130511,0.015520282186948852,False,False,False
Senegal,SEN,1998,9502951.0,3.334,0.351,0.151,4.751,2.888,0.0,0.04,0.0,0.04,gcb,owid,owid,0.0,0.9863387978142076,0.013661202185792351,False,False,False
Senegal,SEN,1999,9730897.0,3.604,0.37,0.27,8.1,3.188,0.0,0.011,0.0,0.011,gcb,owid,owid,0.0,0.9965614254454517,0.003438574554548296,False,False,False
Senegal,SEN,2000,9968262.0,3.902,0.391,0.298,8.282,3.36,0.0,0.0,0.0,0.0,gcb,owid,owid,0.0,1.0,0.0,False,False,False
Senegal,SEN,2001,10212941.0,4.258,0.417,0.356,9.125,3.638,0.0,0.0,0.0,0.0,gcb,owid,owid,0.0,1.0,0.0,False,False,False
Senegal,SEN,2002,10466216.0,4.437,0.424,0.179,4.2,3.495,0.271,0.007,0.271,0.007,owid,owid,owid,0.07182613305062285,0.9263185793798039,0.0018552875695732839,False,False,False
Senegal,SEN,2003,10721176.0,4.928,0.46,0.491,11.057,3.947,0.282,0.022,0.282,0.022,owid,owid,owid,0.06633733239237825,0.9284874147259468,0.0051752528816749,False,False,False
Senegal,SEN,2004,10975711.0,5.238,0.477,0.311,6.306,3.891,0.37,0.026,0.37,0.026,owid,owid,owid,0.08630744110100304,0.907627711686494,0.006064847212502915,False,False,False
Senegal,SEN,2005,11235473.0,5.539,0.493,0.301,5.74,4.104,0.37,0.026,0.37,0.026,owid,owid,owid,0.08222222222222222,0.912,0.0057777777777777775,False,False,False
Senegal,SEN,2006,11500094.0,4.43,0.385,-1.109,-20.026,2.829,0.447,0.022,0.447,0.022,owid,owid,owid,0.13553668890236506,0.8577926015767132,0.0066707095209217705,False,False,False
Senegal,SEN,2007,11770348.0,5.196,0.441,0.766,17.298,3.246,0.707,0.022,0.707,0.022,owid,owid,owid,0.1778616352201258,0.8166037735849058,0.005534591194968554,False,False,False
Senegal,SEN,2008,12048963.0,4.74,0.393,-0.456,-8.77,2.935,0.597,0.022,0.597,0.022,owid,owid,owid,0.16797974113674732,0.8258300506471582,0.0061902082160945416,False,False,False
Senegal,SEN,2009,12337390.0,5.258,0.426,0.517,10.914,3.206,0.74,0.033,0.74,0.033,owid,owid,owid,0.1859763759738628,0.8057300829354109,0.008293541090726315,False,False,False
Senegal,SEN,2010,12635418.0,6.862,0.543,1.605,30.522,4.573,0.674,0.048,0.674,0.048,owid,owid,owid,0.12728989612842304,0.8636449480642114,0.009065155807365438,False,False,False
Senegal,SEN,2011,12958902.0,7.819,0.603,0.956,13.938,5.051,0.942,0.037,0.942,0.037,owid,owid,owid,0.1562189054726368,0.8376451077943615,0.006135986733001658,False,False,False
Senegal,SEN,2012,13310499.0,7.362,0.553,-0.457,-5.841,4.697,0.817,0.055,0.817,0.055,owid,owid,owid,0.14670497396300952,0.8434189261985994,0.009876099838391094,False,False,False
Senegal,SEN,2013,13710857.0,7.853,0.573,0.491,6.663,4.934,0.814,0.084,0.814,0.084,owid,owid,owid,0.1395747599451303,0.8460219478737998,0.014403292181069961,False,False,False
Senegal,SEN,2014,14152103.0,8.724,0.616,0.872,11.101,5.654,1.099,0.073,1.099,0.073,owid,owid,owid,0.16100205098154116,0.8283035452680925,0.010694403750366245,False,False,False
Senegal,SEN,2015,14593335.0,9.845,0.675,1.121,12.85,6.859,1.15,0.048,1.15,0.048,owid,owid,owid,0.142733027181333,0.851309420379794,0.00595755243887303,False,False,False
Senegal,SEN,2016,15034517.0,10.013,0.666,0.167,1.7,6.769,1.205,0.044,1.205,0.044,owid,owid,owid,0.15028685457720128,0.8442254926415564,0.005487652781242205,False,False,False
Senegal,SEN,2017,15475001.0,10.757,0.695,0.744,7.434,7.256,1.439,0.037,1.439,0.037,owid,owid,owid,0.16479615208428766,0.830966559780119,0.0042372881355932195,False,False,False
Senegal,SEN,2018,15914495.0,11.33,0.712,0.573,5.329,6.951,2.261,0.022,2.261,0.022,owid,owid,owid,0.24485596707818932,0.7527615334632878,0.00238249945852285,False,False,False
Senegal,SEN,2019,16352926.0,12.711,0.777,1.381,12.189,7.971,2.089,0.026,2.089,0.026,owid,owid,owid,0.20711877850485821,0.7903033908387864,0.002577830656355344,False,False,False
Senegal,SEN,2020,16789217.0,10.82,0.644,-1.891,-14.88,6.718,1.349,0.026,1.349,0.026,owid,owid,owid,0.16668726059557643,0.8301000864945014,0.003212652909922155,False,False,False
Senegal,SEN,2021,17220866.0,12.319,0.715,1.499,13.854,7.427,1.971,0.015,1.971,0.015,owid,owid,owid,0.20939126739615427,0.7890151917560819,0.0015935408477637308,False,False,False
Serbia,SRB,1992,7859811.0,43.636,5.552,3.059,7.538,4.815,32.63,5.184,32.63,5.184,owid,owid,owid,0.7654413662061039,0.11295127729949098,0.12160735649440522,False,False,False
Serbia,SRB,1993,7849723.0,37.997,4.841,-5.639,-12.922,3.621,30.443,3.396,30.443,3.396,owid,owid,owid,0.8126801922050187,0.09666310731446877,0.09065670048051254,False,False,False
Serbia,SRB,1994,7837157.0,36.967,4.717,-1.03,-2.711,3.43,31.216,1.525,31.216,1.525,owid,owid,owid,0.8630118050371846,0.09482734787536978,0.04216084708744574,False,False,False
Serbia,SRB,1995,7823281.0,39.047,4.991,2.08,5.626,3.611,32.554,2.044,32.554,2.044,owid,owid,owid,0.8519982203145857,0.09450652987516031,0.053495249810254136,False,False,False
Serbia,SRB,1996,7807720.0,45.696,5.853,6.649,17.027,7.231,32.25,5.125,32.25,5.125,owid,owid,owid,0.7229969062457965,0.162108236560104,0.11489485719409945,False,False,False
Serbia,SRB,1997,7789186.0,49.098,6.303,3.402,7.446,10.076,32.932,5.097,32.932,5.097,owid,owid,owid,0.6845858018916953,0.20945847624987007,0.10595572185843467,False,False,False
Serbia,SRB,1998,7765929.0,51.691,6.656,2.593,5.281,8.841,37.162,4.576,37.162,4.576,owid,owid,owid,0.7347318056901085,0.17479586389608334,0.09047233041380809,False,False,False
Serbia,SRB,1999,7734367.0,35.652,4.609,-16.039,-31.029,4.18,27.388,3.306,27.388,3.306,owid,owid,owid,0.7853415151688937,0.1198600676721913,0.09479841715891495,False,False,False
Serbia,SRB,2000,7694608.0,39.606,5.147,3.955,11.093,3.923,31.14,3.498,31.14,3.498,owid,owid,owid,0.807551671377817,0.1017349135136537,0.09071341510852934,False,False,False
Serbia,SRB,2001,7651927.0,42.541,5.56,2.935,7.409,7.226,30.168,3.952,30.168,3.952,owid,owid,owid,0.7296473661297345,0.1747690223963624,0.09558361147390317,False,False,False
Serbia,SRB,2002,7616741.0,45.486,5.972,2.945,6.924,8.439,31.887,3.977,31.887,3.977,owid,owid,owid,0.7197480983229128,0.1904837144211453,0.08976818725594204,False,False,False
Serbia,SRB,2003,7590946.0,48.649,6.409,3.162,6.952,9.478,33.984,4.161,33.984,4.161,owid,owid,owid,0.7136047708040232,0.19902148121705895,0.08737374797891773,False,False,False
Serbia,SRB,2004,7565843.0,52.942,6.998,4.293,8.825,11.088,35.464,5.284,35.464,5.284,owid,owid,owid,0.6841577282197701,0.21390539393471716,0.10193687784551277,False,False,False
Serbia,SRB,2005,7539139.0,50.058,6.64,-2.884,-5.447,12.687,31.795,4.452,31.795,4.452,owid,owid,owid,0.6497527281644665,0.25926758491028734,0.09097968692524626,False,False,False
Serbia,SRB,2006,7511395.0,53.721,7.152,3.663,7.317,13.446,34.45,4.558,34.45,4.558,owid,owid,owid,0.6567659282418882,0.2563388874061082,0.08689518435200366,False,False,False
Serbia,SRB,2007,7482996.0,52.16,6.97,-1.561,-2.906,12.062,34.174,4.602,34.174,4.602,owid,owid,owid,0.6722136984145719,0.23726346433770015,0.0905228372477281,False,False,False
Serbia,SRB,2008,7454285.0,51.737,6.941,-0.423,-0.811,10.274,35.479,4.58,35.479,4.58,owid,owid,owid,0.7048854628176345,0.20412055708978205,0.0909939800925834,False,False,False
Serbia,SRB,2009,7425346.0,45.92,6.184,-5.817,-11.243,10.154,31.476,3.192,31.476,3.192,owid,owid,owid,0.7022444335371024,0.2265405381285976,0.07121502833430013,False,False,False
Serbia,SRB,2010,7395872.0,45.694,6.178,-0.225,-0.491,9.585,30.814,4.243,30.814,4.243,owid,owid,owid,0.6902468527395725,0.21470812239595,0.0950450248644774,False,False,False
Serbia,SRB,2011,7364858.0,48.956,6.647,3.262,7.138,9.296,34.273,4.353,34.273,4.353,owid,owid,owid,0.7151830057176245,0.19398188723342094,0.09083510704895453,False,False,False
Serbia,SRB,2012,7324624.0,43.764,5.975,-5.193,-10.607,8.893,30.107,3.84,30.107,3.84,owid,owid,owid,0.7027777777777777,0.20758636788048554,0.08963585434173668,False,False,False
Serbia,SRB,2013,7276183.0,44.576,6.126,0.813,1.857,8.215,31.28,4.272,31.28,4.272,owid,owid,owid,0.714693719012041,0.18769849429935795,0.097607786688601,False,False,False
Serbia,SRB,2014,7227203.0,37.331,5.165,-7.245,-16.253,8.215,24.622,3.682,24.622,3.682,owid,owid,owid,0.6742243763520358,0.22495139516416107,0.10082422848380293,False,False,False
Serbia,SRB,2015,7177257.0,43.897,6.116,6.566,17.588,8.489,30.558,4.005,30.558,4.005,owid,owid,owid,0.7097928086964601,0.19718015423209145,0.09302703707144848,False,False,False
Serbia,SRB,2016,7126083.0,45.193,6.342,1.296,2.952,8.89,31.077,4.328,31.077,4.328,owid,owid,owid,0.7015916017609211,0.20069985325657524,0.09770854498250367,False,False,False
Serbia,SRB,2017,7073507.0,45.673,6.457,0.48,1.062,8.874,31.012,4.844,31.012,4.844,owid,owid,owid,0.6933154482450257,0.19839034205231387,0.1082942097026604,False,False,False
Serbia,SRB,2018,7020014.0,44.478,6.336,-1.194,-2.615,8.969,29.595,4.88,29.595,4.88,owid,owid,owid,0.6812218027805911,0.20644968234969152,0.11232851486971733,False,False,False
Serbia,SRB,2019,6966155.0,44.445,6.38,-0.034,-0.075,9.223,29.597,4.562,29.597,4.562,owid,owid,owid,0.6822414826425707,0.21259969572633813,0.10515882163109125,False,False,False
Serbia,SRB,2020,6907814.0,45.356,6.566,0.912,2.051,8.602,31.032,4.554,31.032,4.554,owid,owid,owid,0.7022721100751335,0.194668235720105,0.10305965420476147,False,False,False
Serbia,SRB,2021,6835429.0,43.886,6.42,-1.47,-3.241,9.65,27.463,5.481,27.463,5.481,owid,owid,owid,0.6447621730760201,0.22655773113584074,0.12868009578813916,False,False,False
Seychelles,SYC,1992,75630.0,0.172,2.277,0.0,0.0,0.172,0.0,0.0,0.0,0.0,gcb,gcb,owid,0.0,1.0,0.0,False,False,False
Seychelles,SYC,1993,76420.0,0.183,2.397,0.011,6.383,0.183,0.0,0.0,0.0,0.0,gcb,gcb,owid,0.0,1.0,0.0,False,False,False
Seychelles,SYC,1994,77279.0,0.202,2.608,0.018,10.0,0.202,0.0,0.0,0.0,0.0,gcb,gcb,owid,0.0,1.0,0.0,False,False,False
Seychelles,SYC,1995,78144.0,0.198,2.532,-0.004,-1.818,0.198,0.0,0.0,0.0,0.0,gcb,gcb,owid,0.0,1.0,0.0,False,False,False
Seychelles,SYC,1996,78901.0,0.234,2.972,0.037,18.519,0.234,0.0,0.0,0.0,0.0,gcb,gcb,owid,0.0,1.0,0.0,False,False,False
Seychelles,SYC,1997,79670.0,0.271,3.403,0.037,15.625,0.271,0.0,0.0,0.0,0.0,gcb,gcb,owid,0.0,1.0,0.0,False,False,False
Seychelles,SYC,1998,80738.0,0.289,3.585,0.018,6.757,0.289,0.0,0.0,0.0,0.0,gcb,gcb,owid,0.0,1.0,0.0,False,False,False
Seychelles,SYC,1999,82033.0,0.304,3.707,0.015,5.063,0.304,0.0,0.0,0.0,0.0,gcb,gcb,owid,0.0,1.0,0.0,False,False,False
Seychelles,SYC,2000,83339.0,0.319,3.825,0.015,4.819,0.319,0.0,0.0,0.0,0.0,gcb,gcb,owid,0.0,1.0,0.0,False,False,False
Seychelles,SYC,2001,84621.0,0.341,4.027,0.022,6.897,0.341,0.0,0.0,0.0,0.0,gcb,gcb,owid,0.0,1.0,0.0,False,False,False
Seychelles,SYC,2002,85878.0,0.348,4.053,0.007,2.151,0.348,0.0,0.0,0.0,0.0,gcb,gcb,owid,0.0,1.0,0.0,False,False,False
Seychelles,SYC,2003,87056.0,0.341,3.914,-0.007,-2.105,0.341,0.0,0.0,0.0,0.0,gcb,gcb,owid,0.0,1.0,0.0,False,False,False
Seychelles,SYC,2004,88175.0,0.377,4.28,0.037,10.753,0.377,0.0,0.0,0.0,0.0,gcb,gcb,owid,0.0,1.0,0.0,False,False,False
Seychelles,SYC,2005,89288.0,0.381,4.268,0.004,0.971,0.381,0.0,0.0,0.0,0.0,gcb,gcb,owid,0.0,1.0,0.0,False,False,False
Seychelles,SYC,2006,90391.0,0.385,4.256,0.004,0.962,0.385,0.0,0.0,0.0,0.0,gcb,gcb,owid,0.0,1.0,0.0,False,False,False
Seychelles,SYC,2007,91483.0,0.403,4.406,0.018,4.762,0.403,0.0,0.0,0.0,0.0,gcb,gcb,owid,0.0,1.0,0.0,False,False,False
Seychelles,SYC,2008,92563.0,0.414,4.473,0.011,2.727,0.414,0.0,0.0,0.0,0.0,gcb,gcb,owid,0.0,1.0,0.0,False,False,False
Seychelles,SYC,2009,93644.0,0.443,4.734,0.029,7.08,0.443,0.0,0.0,0.0,0.0,gcb,gcb,owid,0.0,1.0,0.0,False,False,False
Seychelles,SYC,2010,94993.0,0.44,4.629,-0.004,-0.826,0.44,0.0,0.0,0.0,0.0,gcb,gcb,owid,0.0,1.0,0.0,False,False,False
Seychelles,SYC,2011,97041.0,0.403,4.153,-0.037,-8.333,0.403,0.0,0.0,0.0,0.0,gcb,gcb,owid,0.0,1.0,0.0,False,False,False
Seychelles,SYC,2012,99565.0,0.418,4.195,0.015,3.636,0.418,0.0,0.0,0.0,0.0,gcb,gcb,owid,0.0,1.0,0.0,False,False,False
Seychelles,SYC,2013,102108.0,0.414,4.055,-0.004,-0.877,0.414,0.0,0.0,0.0,0.0,gcb,gcb,owid,0.0,1.0,0.0,False,False,False
Seychelles,SYC,2014,104663.0,0.458,4.376,0.044,10.619,0.458,0.0,0.0,0.0,0.0,gcb,gcb,owid,0.0,1.0,0.0,False,False,False
Seychelles,SYC,2015,107247.0,0.498,4.646,0.04,8.8,0.498,0.0,0.0,0.0,0.0,gcb,gcb,owid,0.0,1.0,0.0,False,False,False
Seychelles,SYC,2016,109836.0,0.553,5.037,0.055,11.029,0.553,0.0,0.0,0.0,0.0,gcb,gcb,owid,0.0,1.0,0.0,False,False,False
Seychelles,SYC,2017,112443.0,0.575,5.116,0.022,3.974,0.575,0.0,0.0,0.0,0.0,gcb,gcb,owid,0.0,1.0,0.0,False,False,False
Seychelles,SYC,2018,115053.0,0.597,5.191,0.022,3.822,0.597,0.0,0.0,0.0,0.0,gcb,gcb,owid,0.0,1.0,0.0,False,False,False
Seychelles,SYC,2019,117662.0,0.59,5.014,-0.007,-1.227,0.59,0.0,0.0,0.0,0.0,gcb,gcb,owid,0.0,1.0,0.0,False,False,False
Seychelles,SYC,2020,120299.0,0.597,4.965,0.007,1.242,0.597,0.0,0.0,0.0,0.0,gcb,gcb,owid,0.0,1.0,0.0,False,False,False
Seychelles,SYC,2021,123000.0,0.612,4.975,0.015,2.454,0.612,0.0,0.0,0.0,0.0,gcb,gcb,owid,0.0,1.0,0.0,False,False,False
Sierra Leone,SLE,1992,4166368.0,0.282,0.068,-0.275,-49.342,0.282,0.0,0.0,0.0,0.0,gcb,gcb,owid,0.0,1.0,0.0,False,False,False
Sierra Leone,SLE,1993,4157128.0,0.264,0.063,-0.018,-6.494,0.264,0.0,0.0,0.0,0.0,gcb,gcb,owid,0.0,1.0,0.0,False,False,False
Sierra Leone,SLE,1994,4173111.0,0.275,0.066,0.011,4.167,0.275,0.0,0.0,0.0,0.0,gcb,gcb,owid,0.0,1.0,0.0,False,False,False
Sierra Leone,SLE,1995,4179178.0,0.224,0.053,-0.051,-18.667,0.224,0.0,0.0,0.0,0.0,gcb,gcb,owid,0.0,1.0,0.0,False,False,False
Sierra Leone,SLE,1996,4199215.0,0.231,0.055,0.007,3.279,0.231,0.0,0.0,0.0,0.0,gcb,gcb,owid,0.0,1.0,0.0,False,False,False
Sierra Leone,SLE,1997,4253710.0,0.205,0.048,-0.026,-11.111,0.205,0.0,0.0,0.0,0.0,gcb,gcb,owid,0.0,1.0,0.0,False,False,False
Sierra Leone,SLE,1998,4295783.0,0.22,0.051,0.015,7.143,0.22,0.0,0.0,0.0,0.0,gcb,gcb,owid,0.0,1.0,0.0,False,False,False
Sierra Leone,SLE,1999,4318047.0,0.176,0.041,-0.044,-20.0,0.176,0.0,0.0,0.0,0.0,gcb,gcb,owid,0.0,1.0,0.0,False,False,False
Sierra Leone,SLE,2000,4423615.0,0.271,0.061,0.095,54.167,0.271,0.0,0.0,0.0,0.0,gcb,gcb,owid,0.0,1.0,0.0,False,False,False
Sierra Leone,SLE,2001,4692715.0,0.374,0.08,0.103,37.838,0.374,0.0,0.0,0.0,0.0,gcb,gcb,owid,0.0,1.0,0.0,False,False,False
Sierra Leone,SLE,2002,4971435.0,0.502,0.101,0.128,34.314,0.487,0.015,0.0,0.015,0.0,owid,gcb,owid,0.0298804780876494,0.9701195219123506,0.0,False,False,False
Sierra Leone,SLE,2003,5177686.0,0.539,0.104,0.037,7.299,0.539,0.0,0.0,0.0,0.0,owid,gcb,owid,0.0,1.0,0.0,False,False,False
Sierra Leone,SLE,2004,5355715.0,0.52,0.097,-0.018,-3.401,0.52,0.0,0.0,0.0,0.0,owid,gcb,owid,0.0,1.0,0.0,False,False,False
Sierra Leone,SLE,2005,5501707.0,0.432,0.079,-0.088,-16.901,0.432,0.0,0.0,0.0,0.0,gcb,gcb,owid,0.0,1.0,0.0,False,False,False
Sierra Leone,SLE,2006,5624464.0,0.575,0.102,0.143,33.051,0.575,0.0,0.0,0.0,0.0,gcb,gcb,owid,0.0,1.0,0.0,False,False,False
Sierra Leone,SLE,2007,5749353.0,0.487,0.085,-0.088,-15.287,0.487,0.0,0.0,0.0,0.0,gcb,gcb,owid,0.0,1.0,0.0,False,False,False
Sierra Leone,SLE,2008,5894728.0,0.506,0.086,0.018,3.759,0.506,0.0,0.0,0.0,0.0,gcb,gcb,owid,0.0,1.0,0.0,False,False,False
Sierra Leone,SLE,2009,6055655.0,0.502,0.083,-0.004,-0.725,0.502,0.0,0.0,0.0,0.0,gcb,gcb,owid,0.0,1.0,0.0,False,False,False
Sierra Leone,SLE,2010,6222715.0,0.546,0.088,0.044,8.759,0.546,0.0,0.0,0.0,0.0,gcb,gcb,owid,0.0,1.0,0.0,False,False,False
Sierra Leone,SLE,2011,6387258.0,0.714,0.112,0.169,30.872,0.714,0.0,0.0,0.0,0.0,gcb,gcb,owid,0.0,1.0,0.0,False,False,False
Sierra Leone,SLE,2012,6551078.0,0.832,0.127,0.117,16.41,0.832,0.0,0.0,0.0,0.0,gcb,gcb,owid,0.0,1.0,0.0,False,False,False
Sierra Leone,SLE,2013,6714057.0,1.052,0.157,0.22,26.432,1.052,0.0,0.0,0.0,0.0,gcb,gcb,owid,0.0,1.0,0.0,False,False,False
Sierra Leone,SLE,2014,6876385.0,1.129,0.164,0.077,7.317,1.129,0.0,0.0,0.0,0.0,gcb,gcb,owid,0.0,1.0,0.0,False,False,False
Sierra Leone,SLE,2015,7037660.0,1.084,0.154,-0.044,-3.931,1.084,0.0,0.0,0.0,0.0,gcb,gcb,owid,0.0,1.0,0.0,False,False,False
Sierra Leone,SLE,2016,7205339.0,1.14,0.158,0.055,5.106,1.14,0.0,0.0,0.0,0.0,gcb,gcb,owid,0.0,1.0,0.0,False,False,False
Sierra Leone,SLE,2017,7379300.0,1.096,0.148,-0.044,-3.859,1.096,0.0,0.0,0.0,0.0,gcb,gcb,owid,0.0,1.0,0.0,False,False,False
Sierra Leone,SLE,2018,7554568.0,1.037,0.137,-0.059,-5.351,1.037,0.0,0.0,0.0,0.0,gcb,gcb,owid,0.0,1.0,0.0,False,False,False
Sierra Leone,SLE,2019,7731994.0,1.118,0.145,0.081,7.774,1.118,0.0,0.0,0.0,0.0,gcb,gcb,owid,0.0,1.0,0.0,False,False,False
Sierra Leone,SLE,2020,7912557.0,1.187,0.15,0.07,6.23,1.187,0.0,0.0,0.0,0.0,gcb,gcb,owid,0.0,1.0,0.0,False,False,False
Sierra Leone,SLE,2021,8094603.0,1.484,0.183,0.296,24.974,1.484,0.0,0.0,0.0,0.0,gcb,gcb,owid,0.0,1.0,0.0,False,False,False
Singapore,SGP,1992,3226461.0,47.441,14.704,3.206,7.248,46.46,0.066,0.916,0.066,0.916,owid,owid,owid,0.001391172378904768,0.9793010412714472,0.01930778634964799,False,False,False
Singapore,SGP,1993,3317892.0,49.662,14.968,2.22,4.68,46.863,0.073,2.726,0.073,2.726,owid,owid,owid,0.0014699367725826587,0.9436389996375498,0.054891063589867506,False,False,False
Singapore,SGP,1994,3417818.0,60.086,17.58,10.424,20.99,56.748,0.088,3.25,0.088,3.25,owid,owid,owid,0.0014645674533169124,0.9444462936457744,0.0540891389009087,False,False,False
Singapore,SGP,1995,3533624.0,40.546,11.474,-19.54,-32.52,37.124,0.04,3.382,0.04,3.382,owid,owid,owid,0.000986533813446456,0.9156020322596558,0.08341143392689784,False,False,False
Singapore,SGP,1996,3664566.0,48.013,13.102,7.467,18.416,44.997,0.0,3.016,0.0,3.016,owid,owid,owid,0.0,0.9371836794201571,0.06281632057984296,False,False,False
Singapore,SGP,1997,3796629.0,56.737,14.944,8.724,18.17,53.762,0.0,2.975,0.0,2.975,owid,owid,owid,0.0,0.9475650809877152,0.05243491901228475,False,False,False
Singapore,SGP,1998,3901418.0,47.412,12.153,-9.325,-16.435,44.155,0.0,3.257,0.0,3.257,owid,owid,owid,0.0,0.9313043111448579,0.06869568885514216,False,False,False
Singapore,SGP,1999,3966562.0,49.2,12.404,1.788,3.771,46.547,0.0,2.653,0.0,2.653,owid,owid,owid,0.0,0.9460772357723577,0.053922764227642285,False,False,False
Singapore,SGP,2000,4035251.0,37.369,9.261,-11.831,-24.048,34.661,0.0,2.708,0.0,2.708,owid,owid,owid,0.0,0.927533517086355,0.072466482913645,False,False,False
Singapore,SGP,2001,4116169.0,38.525,9.359,1.156,3.095,34.437,0.0,4.089,0.0,4.089,owid,owid,owid,0.0,0.8938638841301978,0.10613611586980223,False,False,False
Singapore,SGP,2002,4146898.0,40.208,9.696,1.683,4.369,33.573,0.0,6.636,0.0,6.636,owid,owid,owid,0.0,0.8349623218682384,0.16503767813176154,False,False,False
Singapore,SGP,2003,4138241.0,39.534,9.553,-0.674,-1.677,29.241,0.029,10.264,0.029,10.264,owid,owid,owid,0.0007335458086710175,0.7396418272879041,0.2596246269034249,False,False,False
Singapore,SGP,2004,4172767.0,41.0,9.826,1.466,3.708,28.861,0.04,12.099,0.04,12.099,owid,owid,owid,0.000975609756097561,0.7039268292682928,0.29509756097560974,False,False,False
Singapore,SGP,2005,4268363.0,39.6,9.278,-1.4,-3.415,28.084,0.04,11.476,0.04,11.476,owid,owid,owid,0.00101010101010101,0.7091919191919192,0.28979797979797983,False,False,False
Singapore,SGP,2006,4407064.0,40.6,9.212,1.0,2.525,28.194,0.033,12.373,0.033,12.373,owid,owid,owid,0.000812807881773399,0.6944334975369457,0.30475369458128077,False,False,False
Singapore,SGP,2007,4596516.0,41.1,8.942,0.5,1.232,27.794,0.055,13.251,0.055,13.251,owid,owid,owid,0.001338199513381995,0.6762530413625304,0.32240875912408756,False,False,False
Singapore,SGP,2008,4806742.0,40.2,8.363,-0.9,-2.19,26.603,0.033,13.564,0.033,13.564,owid,owid,owid,0.0008208955223880597,0.6617661691542288,0.33741293532338307,False,False,False
Singapore,SGP,2009,4968574.0,40.8,8.212,0.6,1.493,27.064,0.026,13.711,0.026,13.711,owid,owid,owid,0.0006372392833508982,0.6633170755618735,0.3360456851547756,False,False,False
Singapore,SGP,2010,5077020.0,44.4,8.745,3.6,8.824,29.49,0.051,14.859,0.051,14.859,owid,owid,owid,0.0011486486486486486,0.6641891891891891,0.33466216216216216,False,False,False
Singapore,SGP,2011,5182242.0,47.0,9.069,2.6,5.856,31.963,0.029,15.008,0.029,15.008,owid,owid,owid,0.0006170212765957447,0.680063829787234,0.3193191489361702,False,False,False
Singapore,SGP,2012,5293345.0,46.1,8.709,-0.9,-1.915,29.73,0.095,16.274,0.095,16.274,owid,owid,owid,0.0020607822295494477,0.6449163756263693,0.3530228421440812,False,False,False
Singapore,SGP,2013,5385589.0,47.0,8.727,0.9,1.952,27.676,1.0,18.324,1.0,18.324,owid,owid,owid,0.02127659574468085,0.5888510638297872,0.3898723404255319,False,False,False
Singapore,SGP,2014,5457899.0,47.6,8.721,0.6,1.277,26.912,1.473,19.215,1.473,19.215,owid,owid,owid,0.03094537815126051,0.5653781512605043,0.40367647058823536,False,False,False
Singapore,SGP,2015,5525343.0,49.4,8.941,1.8,3.782,28.305,1.539,19.556,1.539,19.556,owid,owid,owid,0.03115384615384615,0.5729757085020242,0.3958704453441295,False,False,False
Singapore,SGP,2016,5577936.0,49.1,8.803,-0.3,-0.607,27.438,1.616,20.046,1.616,20.046,owid,owid,owid,0.03291242362525459,0.5588187372708758,0.4082688391038697,False,False,False
Singapore,SGP,2017,5604087.0,50.1,8.94,1.0,2.037,26.542,3.404,20.155,3.404,20.155,owid,owid,owid,0.06794275563362008,0.5297698648729566,0.4022873794934233,False,False,False
Singapore,SGP,2018,5634366.0,50.3,8.927,0.2,0.399,27.907,1.81,20.583,1.81,20.583,owid,owid,owid,0.03598409542743539,0.5548111332007952,0.40920477137176936,False,False,False
Singapore,SGP,2019,5669562.0,49.0,8.643,-1.3,-2.584,26.375,1.737,20.888,1.737,20.888,owid,owid,owid,0.03544897959183674,0.5382653061224489,0.4262857142857143,False,False,False
Singapore,SGP,2020,5620151.0,46.7,8.309,-2.3,-4.694,23.943,1.641,21.116,1.641,21.116,owid,owid,owid,0.03513918629550321,0.5126980728051392,0.45216274089935754,False,False,False
Singapore,SGP,2021,5546291.0,50.1,9.033,3.4,7.281,26.789,1.759,21.553,1.759,21.553,owid,owid,owid,0.03510907965908864,0.5346999061894973,0.43019101415141414,False,False,False
Sint Maarten (Dutch part),SXM,1992,31589.0,0.351,11.117,-0.075,-17.612,0.351,0.0,0.0,0.0,0.0,owid,owid,owid,0.0,1.0,0.0,True,False,False
Sint Maarten (Dutch part),SXM,1993,32050.0,0.542,16.914,0.191,54.368,0.542,0.0,0.0,0.0,0.0,owid,owid,owid,0.0,1.0,0.0,True,False,False
Sint Maarten (Dutch part),SXM,1994,31941.0,0.52,16.271,-0.022,-4.128,0.52,0.0,0.0,0.0,0.0,owid,owid,owid,0.0,1.0,0.0,True,False,False
Sint Maarten (Dutch part),SXM,1995,31796.0,0.514,16.175,-0.005,-1.042,0.514,0.0,0.0,0.0,0.0,owid,owid,owid,0.0,1.0,0.0,True,False,False
Sint Maarten (Dutch part),SXM,1996,31622.0,0.481,15.214,-0.033,-6.456,0.481,0.0,0.0,0.0,0.0,owid,owid,owid,0.0,1.0,0.0,True,False,False
Sint Maarten (Dutch part),SXM,1997,31421.0,0.503,16.024,0.022,4.651,0.503,0.0,0.0,0.0,0.0,owid,owid,owid,0.0,1.0,0.0,True,False,False
Sint Maarten (Dutch part),SXM,1998,31215.0,0.028,0.89,-0.476,-94.48,0.028,0.0,0.0,0.0,0.0,owid,owid,owid,0.0,1.0,0.0,True,False,False
Sint Maarten (Dutch part),SXM,1999,30998.0,0.208,6.718,0.18,649.347,0.208,0.0,0.0,0.0,0.0,owid,owid,owid,0.0,1.0,0.0,True,False,False
Sint Maarten (Dutch part),SXM,2000,30796.0,0.553,17.943,0.344,165.338,0.553,0.0,0.0,0.0,0.0,owid,owid,owid,0.0,1.0,0.0,True,False,False
Sint Maarten (Dutch part),SXM,2001,30751.0,0.563,18.298,0.01,1.829,0.563,0.0,0.0,0.0,0.0,owid,owid,owid,0.0,1.0,0.0,True,False,False
Sint Maarten (Dutch part),SXM,2002,30986.0,0.542,17.507,-0.02,-3.592,0.542,0.0,0.0,0.0,0.0,owid,owid,owid,0.0,1.0,0.0,True,False,False
Sint Maarten (Dutch part),SXM,2003,31346.0,0.543,17.317,0.0,0.067,0.543,0.0,0.0,0.0,0.0,owid,owid,owid,0.0,1.0,0.0,True,False,False
Sint Maarten (Dutch part),SXM,2004,31714.0,0.57,17.958,0.027,4.92,0.57,0.0,0.0,0.0,0.0,owid,owid,owid,0.0,1.0,0.0,True,False,False
Sint Maarten (Dutch part),SXM,2005,32083.0,0.564,17.594,-0.005,-0.887,0.564,0.0,0.0,0.0,0.0,owid,owid,owid,0.0,1.0,0.0,True,False,False
Sint Maarten (Dutch part),SXM,2006,32448.0,0.588,18.131,0.024,4.22,0.588,0.0,0.0,0.0,0.0,owid,owid,owid,0.0,1.0,0.0,True,False,False
Sint Maarten (Dutch part),SXM,2007,32811.0,0.662,20.185,0.074,12.577,0.662,0.0,0.0,0.0,0.0,owid,owid,owid,0.0,1.0,0.0,True,False,False
Sint Maarten (Dutch part),SXM,2008,33165.0,0.637,19.208,-0.025,-3.815,0.637,0.0,0.0,0.0,0.0,owid,owid,owid,0.0,1.0,0.0,True,False,False
Sint Maarten (Dutch part),SXM,2009,33514.0,0.652,19.449,0.015,2.323,0.652,0.0,0.0,0.0,0.0,owid,owid,owid,0.0,1.0,0.0,True,False,False
Sint Maarten (Dutch part),SXM,2010,33814.0,0.449,13.278,-0.203,-31.118,0.449,0.0,0.0,0.0,0.0,owid,owid,owid,0.0,1.0,0.0,True,False,False
Sint Maarten (Dutch part),SXM,2011,34288.0,0.573,16.705,0.124,27.572,0.573,0.0,0.0,0.0,0.0,owid,owid,owid,0.0,1.0,0.0,True,False,False
Sint Maarten (Dutch part),SXM,2012,35040.0,0.7,19.972,0.127,22.18,0.7,0.0,0.0,0.0,0.0,gcb,gcb,owid,0.0,1.0,0.0,True,False,False
Sint Maarten (Dutch part),SXM,2013,35871.0,0.714,19.918,0.015,2.094,0.714,0.0,0.0,0.0,0.0,gcb,gcb,owid,0.0,1.0,0.0,True,False,False
Sint Maarten (Dutch part),SXM,2014,36695.0,0.725,19.77,0.011,1.538,0.725,0.0,0.0,0.0,0.0,gcb,gcb,owid,0.0,1.0,0.0,True,False,False
Sint Maarten (Dutch part),SXM,2015,37490.0,0.744,19.84,0.018,2.525,0.744,0.0,0.0,0.0,0.0,gcb,gcb,owid,0.0,1.0,0.0,True,False,False
Sint Maarten (Dutch part),SXM,2016,38274.0,0.747,19.529,0.004,0.493,0.747,0.0,0.0,0.0,0.0,gcb,gcb,owid,0.0,1.0,0.0,True,False,False
Sint Maarten (Dutch part),SXM,2017,39012.0,0.703,18.033,-0.044,-5.882,0.703,0.0,0.0,0.0,0.0,gcb,gcb,owid,0.0,1.0,0.0,True,False,False
Sint Maarten (Dutch part),SXM,2018,39736.0,0.685,17.243,-0.018,-2.604,0.685,0.0,0.0,0.0,0.0,gcb,gcb,owid,0.0,1.0,0.0,True,False,False
Sint Maarten (Dutch part),SXM,2019,40410.0,0.689,17.046,0.004,0.535,0.689,0.0,0.0,0.0,0.0,gcb,gcb,owid,0.0,1.0,0.0,True,False,False
Sint Maarten (Dutch part),SXM,2020,41027.0,0.652,15.897,-0.037,-5.319,0.652,0.0,0.0,0.0,0.0,gcb,gcb,owid,0.0,1.0,0.0,True,False,False
Sint Maarten (Dutch part),SXM,2021,41593.0,0.682,16.385,0.029,4.494,0.682,0.0,0.0,0.0,0.0,gcb,gcb,owid,0.0,1.0,0.0,True,False,False
Slovakia,SVK,1992,5306445.0,48.931,9.221,-4.403,-8.255,8.85,25.832,12.131,25.832,12.131,owid,owid,owid,0.5518125307072822,0.18905005019973084,0.259137419092987,False,False,False
Slovakia,SVK,1993,5326363.0,46.394,8.71,-2.537,-5.184,8.14,24.649,11.678,24.649,11.678,owid,owid,owid,0.5543211820001349,0.18305709852249985,0.2626217194773653,False,False,False
Slovakia,SVK,1994,5343230.0,43.804,8.198,-2.591,-5.584,8.311,22.188,11.278,22.188,11.278,owid,owid,owid,0.5311056322857074,0.1989372142566484,0.26995715345764415,False,False,False
Slovakia,SVK,1995,5354287.0,44.194,8.254,0.391,0.892,8.156,21.334,12.516,21.334,12.516,owid,owid,owid,0.5078798266914251,0.19416273865638242,0.29795743465219254,False,False,False
Slovakia,SVK,1996,5362430.0,44.076,8.219,-0.119,-0.268,8.089,20.727,13.136,20.727,13.136,owid,owid,owid,0.4940646453089245,0.19281559877955762,0.3131197559115179,False,False,False
Slovakia,SVK,1997,5369781.0,44.147,8.221,0.072,0.162,8.072,20.47,13.399,20.47,13.399,owid,owid,owid,0.4880665697050619,0.1924608378436375,0.31947259245130066,False,False,False
Slovakia,SVK,1998,5374801.0,43.878,8.164,-0.27,-0.611,8.012,19.133,13.792,19.133,13.792,owid,owid,owid,0.46737670078413174,0.19571536751593915,0.33690793169992916,False,False,False
Slovakia,SVK,1999,5378105.0,43.088,8.012,-0.789,-1.799,7.753,18.345,14.002,18.345,14.002,owid,owid,owid,0.45748129675810467,0.19334164588528677,0.3491770573566085,False,False,False
Slovakia,SVK,2000,5380001.0,41.187,7.656,-1.901,-4.413,7.346,17.69,13.809,17.69,13.809,owid,owid,owid,0.4553996653365942,0.189110567640623,0.35548976702278284,False,False,False
Slovakia,SVK,2001,5379439.0,43.273,8.044,2.086,5.064,7.964,18.319,14.544,18.319,14.544,owid,owid,owid,0.4486981654297401,0.1950669899821197,0.35623484458814025,False,False,False
Slovakia,SVK,2002,5377685.0,42.034,7.816,-1.239,-2.863,7.94,17.89,13.724,17.89,13.724,owid,owid,owid,0.45229306770490973,0.20073823127875814,0.3469687010163321,False,False,False
Slovakia,SVK,2003,5376197.0,42.359,7.879,0.326,0.774,8.016,18.818,13.375,18.818,13.375,owid,owid,owid,0.46800467557014597,0.19935835260762513,0.33263697182222884,False,False,False
Slovakia,SVK,2004,5376038.0,42.857,7.972,0.497,1.174,8.238,18.865,13.16,18.865,13.16,owid,owid,owid,0.46854432108884086,0.20460472394009388,0.32685095497106526,False,False,False
Slovakia,SVK,2005,5376697.0,42.857,7.971,0.001,0.002,9.202,17.631,13.389,17.631,13.389,owid,owid,owid,0.4383422007856398,0.22878026950425143,0.3328775297101089,False,False,False
Slovakia,SVK,2006,5376847.0,42.639,7.93,-0.218,-0.508,8.811,18.644,12.475,18.644,12.475,owid,owid,owid,0.4669171049336338,0.2206611570247934,0.31242173804157275,False,False,False
Slovakia,SVK,2007,5376993.0,41.032,7.631,-1.607,-3.77,9.165,17.428,11.648,17.428,11.648,owid,owid,owid,0.4557412201563767,0.23966423472189533,0.30459454512172796,False,False,False
Slovakia,SVK,2008,5379127.0,41.425,7.701,0.393,0.959,9.497,16.928,12.035,16.928,12.035,owid,owid,owid,0.44014560582423295,0.246931877275091,0.312922516900676,False,False,False
Slovakia,SVK,2009,5385074.0,37.681,6.997,-3.744,-9.038,8.886,15.909,10.646,15.909,10.646,owid,owid,owid,0.4488868824243108,0.2507265596343218,0.30038655794136737,False,False,False
Slovakia,SVK,2010,5391857.0,38.464,7.134,0.783,2.079,9.229,15.945,11.259,15.945,11.259,owid,owid,owid,0.43765267751763515,0.25331430296709023,0.3090330195152746,False,False,False
Slovakia,SVK,2011,5398105.0,38.045,7.048,-0.419,-1.09,8.75,16.191,10.649,16.191,10.649,owid,owid,owid,0.4549311604383254,0.24585557740938468,0.29921326215229,False,False,False
Slovakia,SVK,2012,5404877.0,35.961,6.654,-2.084,-5.477,9.003,14.461,10.299,14.461,10.299,owid,owid,owid,0.42830909575570897,0.2666528448301395,0.3050380594141516,False,False,False
Slovakia,SVK,2013,5410422.0,35.622,6.584,-0.34,-0.945,8.868,14.153,10.482,14.153,10.482,owid,owid,owid,0.42243978151210343,0.2646927140853058,0.3128675044025908,False,False,False
Slovakia,SVK,2014,5415238.0,33.708,6.225,-1.914,-5.372,8.748,13.966,8.721,13.966,8.721,owid,owid,owid,0.4442818514394783,0.27828853189120406,0.27742961666931765,False,False,False
Slovakia,SVK,2015,5420278.0,34.528,6.37,0.82,2.432,9.528,13.797,8.957,13.797,8.957,owid,owid,owid,0.42738987671148004,0.2951489994424137,0.27746112384610616,False,False,False
Slovakia,SVK,2016,5427262.0,34.978,6.445,0.45,1.302,9.897,13.701,9.105,13.701,9.105,owid,owid,owid,0.4189523896890193,0.3026327859829373,0.27841482432804326,False,False,False
Slovakia,SVK,2017,5435702.0,36.184,6.657,1.206,3.449,10.011,14.158,9.642,14.158,9.642,owid,owid,owid,0.41873946348821395,0.29608707225459174,0.2851734642571945,False,False,False
Slovakia,SVK,2018,5443229.0,36.184,6.648,0.0,0.0,10.124,14.095,9.581,14.095,9.581,owid,owid,owid,0.4170118343195267,0.29952662721893497,0.2834615384615385,False,False,False
Slovakia,SVK,2019,5450627.0,33.853,6.211,-2.331,-6.442,10.222,11.674,9.578,11.674,9.578,owid,owid,owid,0.370909321980047,0.3247760055919171,0.30431467242803584,False,False,False
Slovakia,SVK,2020,5455028.0,31.176,5.715,-2.677,-7.908,9.518,9.854,9.492,9.854,9.492,owid,owid,owid,0.3413941241685144,0.32975332594235035,0.32885254988913526,False,False,False
Slovakia,SVK,2021,5442766.0,35.251,6.477,4.075,13.071,10.145,12.076,10.609,12.076,10.609,owid,owid,owid,0.36783429789826383,0.3090161437709412,0.323149558330795,False,False,False
Slovenia,SVN,1992,1995862.0,13.886,6.957,-0.091,-0.648,4.91,6.818,1.478,6.818,1.478,owid,owid,owid,0.5162804785703468,0.3718006966530365,0.11191882477661669,False,False,False
Slovenia,SVN,1993,1990815.0,14.254,7.16,0.368,2.652,5.908,6.298,1.477,6.298,1.477,owid,owid,owid,0.46027917854271727,0.43177665716582625,0.10794416429145656,False,False,False
Slovenia,SVN,1994,1988262.0,14.639,7.363,0.385,2.7,6.475,5.965,1.519,5.965,1.519,owid,owid,owid,0.42732287413138476,0.46385844258184683,0.10881868328676839,False,False,False
Slovenia,SVN,1995,1988098.0,15.357,7.724,0.718,4.904,7.06,6.07,1.532,6.07,1.532,owid,owid,owid,0.41399536216068755,0.4815168462692675,0.10448779157004502,False,False,False
Slovenia,SVN,1996,1986792.0,16.003,8.054,0.646,4.204,8.071,5.591,1.634,5.591,1.634,owid,owid,owid,0.3655203974895398,0.5276542887029289,0.10682531380753138,False,False,False
Slovenia,SVN,1997,1984404.0,16.513,8.321,0.51,3.186,8.203,6.022,1.567,6.022,1.567,owid,owid,owid,0.38133232016210744,0.5194402228976697,0.09922745694022289,False,False,False
Slovenia,SVN,1998,1980071.0,16.045,8.103,-0.468,-2.834,7.505,6.181,1.627,6.181,1.627,owid,owid,owid,0.4036439626461177,0.49010644550382026,0.10624959185006204,False,False,False
Slovenia,SVN,1999,1981198.0,15.419,7.782,-0.626,-3.901,7.45,5.563,1.669,5.563,1.669,owid,owid,owid,0.37889933251600594,0.5074240566680289,0.11367661081596513,False,False,False
Slovenia,SVN,2000,1986817.0,15.06,7.58,-0.359,-2.328,6.795,5.819,1.705,5.819,1.705,owid,owid,owid,0.40638312731335985,0.47454431175361406,0.11907256093302605,False,False,False
Slovenia,SVN,2001,1989684.0,16.309,8.197,1.249,8.296,7.289,6.488,1.75,6.488,1.75,owid,owid,owid,0.4178527725896825,0.46944032974818056,0.11270689766213692,False,False,False
Slovenia,SVN,2002,1991571.0,16.571,8.321,0.262,1.605,7.239,6.897,1.714,6.897,1.714,owid,owid,owid,0.43514195583596216,0.4567192429022082,0.10813880126182965,False,False,False
Slovenia,SVN,2003,1992499.0,16.278,8.17,-0.293,-1.767,7.161,6.484,1.884,6.484,1.884,owid,owid,owid,0.4175413742031039,0.46113722712344646,0.12132139867344967,False,False,False
Slovenia,SVN,2004,1993548.0,16.711,8.382,0.433,2.658,7.357,6.686,1.898,6.686,1.898,owid,owid,owid,0.4194216172134747,0.4615143341070197,0.11906404867950568,False,False,False
Slovenia,SVN,2005,1996915.0,16.942,8.484,0.231,1.384,7.543,6.649,1.928,6.649,1.928,owid,owid,owid,0.41246898263027293,0.46792803970223323,0.11960297766749378,False,False,False
Slovenia,SVN,2006,2003116.0,17.184,8.579,0.242,1.429,7.71,6.697,1.902,6.697,1.902,owid,owid,owid,0.4106321662885523,0.472745110061929,0.11662272364951866,False,False,False
Slovenia,SVN,2007,2014159.0,17.349,8.614,0.165,0.96,7.608,6.941,1.886,6.941,1.886,owid,owid,owid,0.42233039245512627,0.46291451171280806,0.11475509583206571,False,False,False
Slovenia,SVN,2008,2025090.0,18.285,9.029,0.936,5.392,8.785,6.68,1.878,6.68,1.878,owid,owid,owid,0.38516980914489996,0.5065444271463991,0.10828576370870091,False,False,False
Slovenia,SVN,2009,2035610.0,16.209,7.963,-2.075,-11.349,7.57,6.141,1.785,6.141,1.785,owid,owid,owid,0.39629581827568405,0.4885131646876613,0.11519101703665462,False,False,False
Slovenia,SVN,2010,2044611.0,16.466,8.053,0.256,1.58,7.622,6.284,1.882,6.284,1.882,owid,owid,owid,0.3980238155561186,0.48277172536103374,0.11920445908284774,False,False,False
Slovenia,SVN,2011,2048805.0,16.364,7.987,-0.101,-0.615,7.654,6.327,1.751,6.327,1.751,owid,owid,owid,0.40217391304347827,0.48652428171878975,0.111301805237732,False,False,False
Slovenia,SVN,2012,2053322.0,15.765,7.678,-0.599,-3.661,7.459,5.992,1.684,5.992,1.684,owid,owid,owid,0.3959035348529898,0.49283118599273207,0.11126527915427815,False,False,False
Slovenia,SVN,2013,2056452.0,15.137,7.361,-0.628,-3.985,7.085,5.741,1.646,5.741,1.646,owid,owid,owid,0.3966970702045328,0.4895660585959093,0.11373687119955775,False,False,False
Slovenia,SVN,2014,2058395.0,13.568,6.592,-1.568,-10.362,6.924,4.505,1.491,4.505,1.491,owid,owid,owid,0.34868421052631576,0.5359133126934985,0.11540247678018577,False,False,False
Slovenia,SVN,2015,2059946.0,13.659,6.631,0.09,0.666,6.844,4.615,1.587,4.615,1.587,owid,owid,owid,0.35374827533343556,0.524605242986356,0.1216464816802085,False,False,False
Slovenia,SVN,2016,2061379.0,14.468,7.019,0.809,5.925,7.216,4.964,1.689,4.964,1.689,owid,owid,owid,0.357920542216454,0.5202970653976494,0.12178239238589661,False,False,False
Slovenia,SVN,2017,2062410.0,14.637,7.097,0.169,1.169,7.284,4.907,1.769,4.907,1.769,owid,owid,owid,0.35150429799426935,0.5217765042979943,0.1267191977077364,False,False,False
Slovenia,SVN,2018,2069484.0,14.563,7.037,-0.074,-0.504,7.331,4.792,1.732,4.792,1.732,owid,owid,owid,0.3458679177192349,0.5291230602670516,0.12500902201371344,False,False,False
Slovenia,SVN,2019,2083438.0,14.053,6.745,-0.51,-3.504,7.034,4.53,1.761,4.53,1.761,owid,owid,owid,0.33996247654784245,0.5278799249530957,0.13215759849906192,False,False,False
Slovenia,SVN,2020,2102421.0,12.873,6.123,-1.18,-8.397,5.996,4.391,1.763,4.391,1.763,owid,owid,owid,0.3613991769547325,0.4934979423868313,0.1451028806584362,False,False,False
Slovenia,SVN,2021,2113495.0,13.076,6.187,0.203,1.578,6.515,3.99,1.857,3.99,1.857,owid,owid,owid,0.3227633069082673,0.5270182818314189,0.15021841126031388,False,False,False
Solomon Islands,SLB,1992,352215.0,0.161,0.458,0.007,4.762,0.161,0.0,0.0,0.0,0.0,gcb,gcb,owid,0.0,1.0,0.0,False,False,False
Solomon Islands,SLB,1993,362850.0,0.172,0.475,0.011,6.818,0.172,0.0,0.0,0.0,0.0,gcb,gcb,owid,0.0,1.0,0.0,False,False,False
Solomon Islands,SLB,1994,373685.0,0.183,0.49,0.011,6.383,0.183,0.0,0.0,0.0,0.0,gcb,gcb,owid,0.0,1.0,0.0,False,False,False
Solomon Islands,SLB,1995,384744.0,0.191,0.495,0.007,4.0,0.191,0.0,0.0,0.0,0.0,gcb,gcb,owid,0.0,1.0,0.0,False,False,False
Solomon Islands,SLB,1996,396017.0,0.198,0.5,0.007,3.846,0.198,0.0,0.0,0.0,0.0,gcb,gcb,owid,0.0,1.0,0.0,False,False,False
Solomon Islands,SLB,1997,407480.0,0.205,0.504,0.007,3.704,0.205,0.0,0.0,0.0,0.0,gcb,gcb,owid,0.0,1.0,0.0,False,False,False
Solomon Islands,SLB,1998,419078.0,0.213,0.507,0.007,3.571,0.213,0.0,0.0,0.0,0.0,gcb,gcb,owid,0.0,1.0,0.0,False,False,False
Solomon Islands,SLB,1999,430511.0,0.22,0.511,0.007,3.448,0.22,0.0,0.0,0.0,0.0,gcb,gcb,owid,0.0,1.0,0.0,False,False,False
Solomon Islands,SLB,2000,440481.0,0.227,0.516,0.007,3.333,0.227,0.0,0.0,0.0,0.0,gcb,gcb,owid,0.0,1.0,0.0,False,False,False
Solomon Islands,SLB,2001,449137.0,0.238,0.53,0.011,4.839,0.238,0.0,0.0,0.0,0.0,gcb,gcb,owid,0.0,1.0,0.0,False,False,False
Solomon Islands,SLB,2002,457676.0,0.245,0.536,0.007,3.077,0.245,0.0,0.0,0.0,0.0,gcb,gcb,owid,0.0,1.0,0.0,False,False,False
Solomon Islands,SLB,2003,466164.0,0.256,0.55,0.011,4.478,0.256,0.0,0.0,0.0,0.0,gcb,gcb,owid,0.0,1.0,0.0,False,False,False
Solomon Islands,SLB,2004,474618.0,0.275,0.579,0.018,7.143,0.275,0.0,0.0,0.0,0.0,gcb,gcb,owid,0.0,1.0,0.0,False,False,False
Solomon Islands,SLB,2005,483090.0,0.282,0.584,0.007,2.667,0.282,0.0,0.0,0.0,0.0,gcb,gcb,owid,0.0,1.0,0.0,False,False,False
Solomon Islands,SLB,2006,491602.0,0.293,0.596,0.011,3.896,0.293,0.0,0.0,0.0,0.0,gcb,gcb,owid,0.0,1.0,0.0,False,False,False
Solomon Islands,SLB,2007,500168.0,0.3,0.601,0.007,2.5,0.3,0.0,0.0,0.0,0.0,gcb,gcb,owid,0.0,1.0,0.0,False,False,False
Solomon Islands,SLB,2008,508802.0,0.311,0.612,0.011,3.659,0.311,0.0,0.0,0.0,0.0,gcb,gcb,owid,0.0,1.0,0.0,False,False,False
Solomon Islands,SLB,2009,518150.0,0.322,0.622,0.011,3.529,0.322,0.0,0.0,0.0,0.0,gcb,gcb,owid,0.0,1.0,0.0,False,False,False
Solomon Islands,SLB,2010,532976.0,0.333,0.626,0.011,3.409,0.333,0.0,0.0,0.0,0.0,gcb,gcb,owid,0.0,1.0,0.0,False,False,False
Solomon Islands,SLB,2011,552958.0,0.348,0.629,0.015,4.396,0.348,0.0,0.0,0.0,0.0,gcb,gcb,owid,0.0,1.0,0.0,False,False,False
Solomon Islands,SLB,2012,573623.0,0.344,0.6,-0.004,-1.053,0.344,0.0,0.0,0.0,0.0,gcb,gcb,owid,0.0,1.0,0.0,False,False,False
Solomon Islands,SLB,2013,594952.0,0.377,0.634,0.033,9.574,0.377,0.0,0.0,0.0,0.0,gcb,gcb,owid,0.0,1.0,0.0,False,False,False
Solomon Islands,SLB,2014,616915.0,0.33,0.535,-0.048,-12.621,0.33,0.0,0.0,0.0,0.0,gcb,gcb,owid,0.0,1.0,0.0,False,False,False
Solomon Islands,SLB,2015,639423.0,0.297,0.464,-0.033,-10.0,0.297,0.0,0.0,0.0,0.0,gcb,gcb,owid,0.0,1.0,0.0,False,False,False
Solomon Islands,SLB,2016,662387.0,0.293,0.443,-0.004,-1.235,0.293,0.0,0.0,0.0,0.0,gcb,gcb,owid,0.0,1.0,0.0,False,False,False
Solomon Islands,SLB,2017,685677.0,0.289,0.422,-0.004,-1.25,0.289,0.0,0.0,0.0,0.0,gcb,gcb,owid,0.0,1.0,0.0,False,False,False
Solomon Islands,SLB,2018,709109.0,0.293,0.413,0.004,1.266,0.293,0.0,0.0,0.0,0.0,gcb,gcb,owid,0.0,1.0,0.0,False,False,False
Solomon Islands,SLB,2019,728156.0,0.297,0.408,0.004,1.25,0.297,0.0,0.0,0.0,0.0,gcb,gcb,owid,0.0,1.0,0.0,False,False,False
Solomon Islands,SLB,2020,744505.0,0.293,0.394,-0.004,-1.235,0.293,0.0,0.0,0.0,0.0,gcb,gcb,owid,0.0,1.0,0.0,False,False,False
Solomon Islands,SLB,2021,762594.0,0.289,0.38,-0.004,-1.25,0.289,0.0,0.0,0.0,0.0,gcb,gcb,owid,0.0,1.0,0.0,False,False,False
Somalia,SOM,1992,6495109.0,0.666,0.103,-0.041,-5.865,0.656,0.0,0.0,0.0,0.0,gcb,gcb,owid,0.0,1.0,0.0,False,False,False
Somalia,SOM,1993,6681406.0,0.626,0.094,-0.04,-6.053,0.616,0.0,0.0,0.0,0.0,gcb,gcb,owid,0.0,1.0,0.0,False,False,False
Somalia,SOM,1994,7026804.0,0.618,0.088,-0.007,-1.173,0.608,0.0,0.0,0.0,0.0,gcb,gcb,owid,0.0,1.0,0.0,False,False,False
Somalia,SOM,1995,7285013.0,0.585,0.08,-0.033,-5.335,0.575,0.0,0.0,0.0,0.0,gcb,gcb,owid,0.0,1.0,0.0,False,False,False
Somalia,SOM,1996,7554476.0,0.575,0.076,-0.01,-1.74,0.575,0.0,0.0,0.0,0.0,gcb,gcb,owid,0.0,1.0,0.0,False,False,False
Somalia,SOM,1997,7824531.0,0.535,0.068,-0.04,-7.006,0.535,0.0,0.0,0.0,0.0,gcb,gcb,owid,0.0,1.0,0.0,False,False,False
Somalia,SOM,1998,8155414.0,0.506,0.062,-0.029,-5.479,0.506,0.0,0.0,0.0,0.0,gcb,gcb,owid,0.0,1.0,0.0,False,False,False
Somalia,SOM,1999,8492066.0,0.487,0.057,-0.018,-3.623,0.487,0.0,0.0,0.0,0.0,gcb,gcb,owid,0.0,1.0,0.0,False,False,False
Somalia,SOM,2000,8838714.0,0.509,0.058,0.022,4.511,0.509,0.0,0.0,0.0,0.0,gcb,gcb,owid,0.0,1.0,0.0,False,False,False
Somalia,SOM,2001,9198495.0,0.542,0.059,0.033,6.475,0.542,0.0,0.0,0.0,0.0,gcb,gcb,owid,0.0,1.0,0.0,False,False,False
Somalia,SOM,2002,9550069.0,0.575,0.06,0.033,6.081,0.575,0.0,0.0,0.0,0.0,gcb,gcb,owid,0.0,1.0,0.0,False,False,False
Somalia,SOM,2003,9909161.0,0.605,0.061,0.029,5.096,0.605,0.0,0.0,0.0,0.0,gcb,gcb,owid,0.0,1.0,0.0,False,False,False
Somalia,SOM,2004,10281001.0,0.627,0.061,0.022,3.636,0.627,0.0,0.0,0.0,0.0,gcb,gcb,owid,0.0,1.0,0.0,False,False,False
Somalia,SOM,2005,10644234.0,0.649,0.061,0.022,3.509,0.649,0.0,0.0,0.0,0.0,gcb,gcb,owid,0.0,1.0,0.0,False,False,False
Somalia,SOM,2006,10975502.0,0.671,0.061,0.022,3.39,0.671,0.0,0.0,0.0,0.0,gcb,gcb,owid,0.0,1.0,0.0,False,False,False
Somalia,SOM,2007,11322581.0,0.692,0.061,0.022,3.279,0.692,0.0,0.0,0.0,0.0,gcb,gcb,owid,0.0,1.0,0.0,False,False,False
Somalia,SOM,2008,11663090.0,0.722,0.062,0.029,4.233,0.722,0.0,0.0,0.0,0.0,gcb,gcb,owid,0.0,1.0,0.0,False,False,False
Somalia,SOM,2009,11961205.0,0.744,0.062,0.022,3.046,0.744,0.0,0.0,0.0,0.0,gcb,gcb,owid,0.0,1.0,0.0,False,False,False
Somalia,SOM,2010,12261761.0,0.777,0.063,0.033,4.434,0.777,0.0,0.0,0.0,0.0,gcb,gcb,owid,0.0,1.0,0.0,False,False,False
Somalia,SOM,2011,12348829.0,0.81,0.066,0.033,4.245,0.81,0.0,0.0,0.0,0.0,gcb,gcb,owid,0.0,1.0,0.0,False,False,False
Somalia,SOM,2012,12461163.0,0.832,0.067,0.022,2.715,0.832,0.0,0.0,0.0,0.0,gcb,gcb,owid,0.0,1.0,0.0,False,False,False
Somalia,SOM,2013,12869599.0,0.857,0.067,0.026,3.084,0.857,0.0,0.0,0.0,0.0,gcb,gcb,owid,0.0,1.0,0.0,False,False,False
Somalia,SOM,2014,13339497.0,0.887,0.066,0.029,3.419,0.887,0.0,0.0,0.0,0.0,gcb,gcb,owid,0.0,1.0,0.0,False,False,False
Somalia,SOM,2015,13806969.0,0.923,0.067,0.037,4.132,0.923,0.0,0.0,0.0,0.0,gcb,gcb,owid,0.0,1.0,0.0,False,False,False
Somalia,SOM,2016,14348741.0,0.956,0.067,0.033,3.571,0.956,0.0,0.0,0.0,0.0,gcb,gcb,owid,0.0,1.0,0.0,False,False,False
Somalia,SOM,2017,14916630.0,0.993,0.067,0.037,3.831,0.993,0.0,0.0,0.0,0.0,gcb,gcb,owid,0.0,1.0,0.0,False,False,False
Somalia,SOM,2018,15452489.0,1.033,0.067,0.04,4.059,1.033,0.0,0.0,0.0,0.0,gcb,gcb,owid,0.0,1.0,0.0,False,False,False
Somalia,SOM,2019,16030969.0,1.07,0.067,0.037,3.546,1.07,0.0,0.0,0.0,0.0,gcb,gcb,owid,0.0,1.0,0.0,False,False,False
Somalia,SOM,2020,16651200.0,1.14,0.068,0.07,6.507,1.14,0.0,0.0,0.0,0.0,gcb,gcb,owid,0.0,1.0,0.0,False,False,False
Somalia,SOM,2021,17271435.0,1.154,0.067,0.015,1.286,1.154,0.0,0.0,0.0,0.0,gcb,gcb,owid,0.0,1.0,0.0,False,False,False
South Africa,ZAF,1992,42443510.0,301.329,7.1,-24.701,-7.576,34.753,259.671,3.517,259.671,3.517,owid,owid,owid,0.8715517501787267,0.11664389929549811,0.011804350525775237,False,False,False
South Africa,ZAF,1993,43297155.0,320.353,7.399,19.024,6.313,23.156,289.731,3.924,289.731,3.924,owid,owid,owid,0.9145231699656894,0.07309089646508486,0.012385933569225816,False,False,False
South Africa,ZAF,1994,44004140.0,338.701,7.697,18.349,5.728,31.646,299.206,3.924,299.206,3.924,owid,owid,owid,0.8937498506464024,0.09452887901163763,0.011721270341959997,False,False,False
South Africa,ZAF,1995,44541557.0,361.712,8.121,23.011,6.794,33.767,319.548,3.924,319.548,3.924,owid,owid,owid,0.8944936023222549,0.09452215463597201,0.010984243041773156,False,False,False
South Africa,ZAF,1996,45123023.0,363.732,8.061,2.02,0.559,31.65,324.11,3.532,324.11,3.532,owid,owid,owid,0.9020796455250883,0.0880899101566414,0.009830444318270378,False,False,False
South Africa,ZAF,1997,45666835.0,385.215,8.435,21.483,5.906,44.243,333.288,3.155,333.288,3.155,owid,owid,owid,0.8754931886121371,0.11621914123450824,0.008287670153354734,False,False,False
South Africa,ZAF,1998,46223888.0,377.273,8.162,-7.942,-2.062,44.587,325.832,2.656,325.832,2.656,owid,owid,owid,0.8733686256114722,0.119512162433827,0.007119211954700798,False,False,False
South Africa,ZAF,1999,46730331.0,374.869,8.022,-2.404,-0.637,30.69,336.725,3.473,336.725,3.473,owid,owid,owid,0.9078886348439421,0.08274735230042492,0.009364012855632967,False,False,False
South Africa,ZAF,2000,47159715.0,378.333,8.022,3.463,0.924,33.302,337.909,3.199,337.909,3.199,owid,owid,owid,0.9025106167036137,0.08894527389759888,0.008544109398787424,False,False,False
South Africa,ZAF,2001,47566805.0,371.602,7.812,-6.731,-1.779,25.886,337.671,4.155,337.671,4.155,owid,owid,owid,0.9183029109738056,0.07039748498825167,0.011299604037942739,False,False,False
South Africa,ZAF,2002,48019414.0,356.501,7.424,-15.101,-4.064,22.449,325.506,4.122,325.506,4.122,owid,owid,owid,0.9245307134518869,0.06376162032737158,0.011707666220741486,False,False,False
South Africa,ZAF,2003,48500351.0,404.406,8.338,47.905,13.438,39.743,357.442,2.47,357.442,2.47,owid,owid,owid,0.8943763996446935,0.09944326982021993,0.006180330535086512,False,False,False
South Africa,ZAF,2004,48991420.0,449.322,9.171,44.916,11.107,54.238,384.101,6.364,384.101,6.364,owid,owid,owid,0.8637247781103343,0.12196454712471021,0.014310674764955488,False,False,False
South Africa,ZAF,2005,49490041.0,416.205,8.41,-33.117,-7.37,27.832,376.721,6.313,376.721,6.313,owid,owid,owid,0.9168950460734157,0.06773984705475751,0.015365106871826824,False,False,False
South Africa,ZAF,2006,49998271.0,446.744,8.935,30.539,7.338,53.08,381.99,6.126,381.99,6.126,owid,owid,owid,0.8658056736688456,0.12030934097317293,0.013884985357981489,False,False,False
South Africa,ZAF,2007,50528575.0,465.034,9.203,18.289,4.094,59.334,392.159,7.892,392.159,7.892,owid,owid,owid,0.8536608726884857,0.12915963734122796,0.01717948997028636,False,False,False
South Africa,ZAF,2008,51114595.0,494.673,9.678,29.639,6.373,62.764,418.275,8.119,418.275,8.119,owid,owid,owid,0.8550918108259499,0.1283102801139918,0.016597909060058303,False,False,False
South Africa,ZAF,2009,51728518.0,474.512,9.173,-20.16,-4.075,71.07,390.664,7.038,390.664,7.038,owid,owid,owid,0.8333774201530808,0.15160888448968793,0.015013695357231235,False,False,False
South Africa,ZAF,2010,52344047.0,467.353,8.928,-7.16,-1.509,46.324,406.924,8.867,406.924,8.867,owid,owid,owid,0.880568689611893,0.1002434458955022,0.019187864492604657,False,False,False
South Africa,ZAF,2011,52995212.0,474.273,8.949,6.92,1.481,60.247,400.454,8.801,400.454,8.801,owid,owid,owid,0.8529335338294619,0.12832107211470878,0.018745394055829367,False,False,False
South Africa,ZAF,2012,53782570.0,461.438,8.58,-12.834,-2.706,49.468,398.009,9.255,398.009,9.255,owid,owid,owid,0.871427883310125,0.1083085923473722,0.020263524342502826,False,False,False
South Africa,ZAF,2013,54678789.0,456.188,8.343,-5.25,-1.138,49.515,392.345,9.384,392.345,9.384,owid,owid,owid,0.8694741647534372,0.10972999086968468,0.02079584437687814,False,False,False
South Africa,ZAF,2014,55594840.0,481.638,8.663,25.45,5.579,54.539,413.196,8.94,413.196,8.94,owid,owid,owid,0.8668296008811035,0.11441548224681387,0.018754916872082656,False,False,False
South Africa,ZAF,2015,56723536.0,457.473,8.065,-24.165,-5.017,54.688,387.494,9.827,387.494,9.827,owid,owid,owid,0.8572705410732973,0.12098874137461865,0.02174071755208414,False,False,False
South Africa,ZAF,2016,57259550.0,457.05,7.982,-0.423,-0.093,59.012,384.489,7.815,384.489,7.815,owid,owid,owid,0.8519285821907489,0.1307553909012754,0.017316026907975787,False,False,False
South Africa,ZAF,2017,57635158.0,440.01,7.634,-17.039,-3.728,57.257,369.903,7.339,369.903,7.339,owid,owid,owid,0.8513322240097215,0.13177705817504756,0.016890717815230875,False,False,False
South Africa,ZAF,2018,58613001.0,453.766,7.742,13.756,3.126,54.275,384.222,9.746,384.222,9.746,owid,owid,owid,0.8571734527923471,0.12108387637955306,0.02174267082809994,False,False,False
South Africa,ZAF,2019,59587880.0,470.727,7.9,16.961,3.738,50.167,405.224,9.842,405.224,9.842,owid,owid,owid,0.871013019282811,0.10783198956221937,0.021154991154969664,False,False,False
South Africa,ZAF,2020,60562374.0,435.298,7.188,-35.43,-7.527,46.606,374.003,9.563,374.003,9.563,owid,owid,owid,0.869426647945473,0.10834270942785677,0.022230642626670266,False,False,False
South Africa,ZAF,2021,61502602.0,439.464,7.145,4.167,0.957,59.91,366.528,7.104,366.528,7.104,owid,owid,owid,0.8454267406618045,0.1381873036522413,0.016385955685954304,False,False,False
South Korea,KOR,1992,44653699.0,299.905,6.716,24.217,8.784,173.971,91.32,9.733,91.32,9.733,owid,owid,owid,0.3320437489091861,0.6325666123683751,0.03538963872243877,False,False,False
South Korea,KOR,1993,44887721.0,330.174,7.356,30.269,10.093,189.427,99.62,12.159,99.62,12.159,owid,owid,owid,0.33073710351055424,0.6288951747309149,0.040367721758530706,False,False,False
South Korea,KOR,1994,45130842.0,355.695,7.881,25.521,7.73,206.573,101.801,16.186,101.801,16.186,owid,owid,owid,0.31365849149617947,0.6364709144688193,0.049870594035001235,False,False,False
South Korea,KOR,1995,45368425.0,383.665,8.457,27.971,7.864,226.079,105.3,19.574,105.3,19.574,owid,owid,owid,0.30004017631990604,0.6441859736203993,0.0557738500596946,False,False,False
South Korea,KOR,1996,45638701.0,420.996,9.225,37.331,9.73,239.471,122.689,25.859,122.689,25.859,owid,owid,owid,0.316193279195091,0.6171630770658139,0.06664364373909526,False,False,False
South Korea,KOR,1997,45941541.0,444.968,9.686,23.972,5.694,246.07,133.313,31.427,133.313,31.427,owid,owid,owid,0.3245125483800297,0.5989873664224337,0.07650008519753657,False,False,False
South Korea,KOR,1998,46230885.0,378.038,8.177,-66.93,-15.042,183.586,137.598,29.399,137.598,29.399,owid,owid,owid,0.39248337768802255,0.5236591620243993,0.08385746028757812,False,False,False
South Korea,KOR,1999,46500382.0,410.519,8.828,32.481,8.592,200.628,145.635,35.797,145.635,35.797,owid,owid,owid,0.3811835837303042,0.525121708632152,0.09369470763754385,False,False,False
South Korea,KOR,2000,46766660.0,439.981,9.408,29.462,7.177,206.229,163.883,40.204,163.883,40.204,owid,owid,owid,0.3994067986624943,0.5026101833708654,0.09798301796664034,False,False,False
South Korea,KOR,2001,47043467.0,455.631,9.685,15.65,3.557,206.083,174.626,44.163,174.626,44.163,owid,owid,owid,0.4110084919693461,0.4850472612928129,0.10394424673784103,False,False,False
South Korea,KOR,2002,47299118.0,476.065,10.065,20.434,4.485,207.116,187.637,49.069,187.637,49.069,owid,owid,owid,0.422775346873296,0.4666645637214919,0.11056008940521199,False,False,False
South Korea,KOR,2003,47514158.0,485.213,10.212,9.148,1.922,205.372,195.319,51.401,195.319,51.401,owid,owid,owid,0.432033745343868,0.4542703697477504,0.11369588490838148,False,False,False
South Korea,KOR,2004,47697076.0,491.389,10.302,6.177,1.273,196.256,203.138,60.234,203.138,60.234,owid,owid,owid,0.4419617603801335,0.4269887822325881,0.1310494573872784,False,False,False
South Korea,KOR,2005,47851646.0,498.688,10.422,7.299,1.485,195.069,209.293,65.27,209.293,65.27,owid,owid,owid,0.4456531922867267,0.41536564799672937,0.138981159716544,False,False,False
South Korea,KOR,2006,48006518.0,503.478,10.488,4.79,0.96,190.054,216.428,67.995,216.428,67.995,owid,owid,owid,0.45614012902627527,0.4005547160347077,0.14330515493901708,False,False,False
South Korea,KOR,2007,48178122.0,521.709,10.829,18.231,3.621,187.258,228.427,73.37,228.427,73.37,owid,owid,owid,0.4670783449714245,0.3828976291010214,0.15002402592755418,False,False,False
South Korea,KOR,2008,48356485.0,532.651,11.015,10.942,2.097,171.088,253.041,75.924,253.041,75.924,owid,owid,owid,0.5060283609937347,0.34213973318828206,0.1518319058179833,False,False,False
South Korea,KOR,2009,48546690.0,537.82,11.078,5.169,0.97,172.708,262.395,72.171,262.395,72.171,owid,owid,owid,0.5172648312351905,0.3404629450750482,0.1422722236897614,False,False,False
South Korea,KOR,2010,48769329.0,594.339,12.187,56.519,10.509,176.156,295.05,91.541,295.05,91.541,owid,owid,owid,0.5243031060138925,0.3130287678121784,0.16266812617392892,False,False,False
South Korea,KOR,2011,49127640.0,623.443,12.69,29.104,4.897,171.469,320.169,98.513,320.169,98.513,owid,owid,owid,0.5425204735737125,0.29055106235522776,0.1669284640710598,False,False,False
South Korea,KOR,2012,49599580.0,627.943,12.66,4.5,0.722,170.817,316.99,106.566,316.99,106.566,owid,owid,owid,0.5333183034895596,0.28739024148135933,0.17929145502908106,False,False,False
South Korea,KOR,2013,50071168.0,634.581,12.674,6.638,1.057,168.582,320.644,111.531,320.644,111.531,owid,owid,owid,0.5337332731869957,0.2806159562019252,0.185650770611079,False,False,False
South Korea,KOR,2014,50539055.0,629.366,12.453,-5.214,-0.822,161.534,331.304,101.445,331.304,101.445,owid,owid,owid,0.5574852385143105,0.27181326068556566,0.17070150080012386,False,False,False
South Korea,KOR,2015,50983909.0,634.177,12.439,4.811,0.764,170.594,335.411,92.589,335.411,92.589,owid,owid,owid,0.5603313765256585,0.28499116262441654,0.15467746084992498,False,False,False
South Korea,KOR,2016,51297836.0,637.914,12.435,3.737,0.589,184.034,320.697,96.655,320.697,96.655,owid,owid,owid,0.5332631620955592,0.3060164353676341,0.16072040253680667,False,False,False
South Korea,KOR,2017,51486268.0,654.537,12.713,16.623,2.606,179.413,337.669,100.861,337.669,100.861,owid,owid,owid,0.5464403674772592,0.29033907658149705,0.1632205559412438,False,False,False
South Korea,KOR,2018,51640894.0,670.169,12.977,15.631,2.388,177.633,340.348,117.173,340.348,117.173,owid,owid,owid,0.5358511479105855,0.27966918259193835,0.1844796694974762,False,False,False
South Korea,KOR,2019,51767844.0,646.102,12.481,-24.066,-3.591,175.797,321.606,113.586,321.606,113.586,owid,owid,owid,0.5263695418411788,0.28772531093031134,0.18590514722850984,False,False,False
South Korea,KOR,2020,51858481.0,597.634,11.524,-48.468,-7.502,165.068,282.883,116.635,282.883,116.635,owid,owid,owid,0.5010450135143273,0.2923699843779336,0.2065850021077391,False,False,False
South Korea,KOR,2021,51848401.0,616.075,11.882,18.441,3.086,171.484,283.908,126.79,283.908,126.79,owid,owid,owid,0.48766193389696005,0.2945539367414314,0.21778412936160857,False,False,False
South Sudan,SSD,1992,4909746.0,0.351,0.072,-0.042,-10.586,0.351,0.0,0.0,0.0,0.0,owid,owid,owid,0.0,1.0,0.0,False,False,False
South Sudan,SSD,1993,4956006.0,0.242,0.049,-0.109,-31.066,0.242,0.0,0.0,0.0,0.0,owid,owid,owid,0.0,1.0,0.0,False,False,False
South Sudan,SSD,1994,5071191.0,0.333,0.066,0.091,37.515,0.333,0.0,0.0,0.0,0.0,owid,owid,owid,0.0,1.0,0.0,False,False,False
South Sudan,SSD,1995,5225840.0,0.344,0.066,0.011,3.366,0.344,0.0,0.0,0.0,0.0,owid,owid,owid,0.0,1.0,0.0,False,False,False
South Sudan,SSD,1996,5356925.0,0.355,0.066,0.011,3.171,0.355,0.0,0.0,0.0,0.0,owid,owid,owid,0.0,1.0,0.0,False,False,False
South Sudan,SSD,1997,5509142.0,0.435,0.079,0.08,22.425,0.435,0.0,0.0,0.0,0.0,owid,owid,owid,0.0,1.0,0.0,False,False,False
South Sudan,SSD,1998,5620077.0,0.377,0.067,-0.058,-13.297,0.377,0.0,0.0,0.0,0.0,owid,owid,owid,0.0,1.0,0.0,False,False,False
South Sudan,SSD,1999,5771632.0,0.409,0.071,0.032,8.451,0.409,0.0,0.0,0.0,0.0,owid,owid,owid,0.0,1.0,0.0,False,False,False
South Sudan,SSD,2000,6032274.0,0.445,0.074,0.036,8.73,0.445,0.0,0.0,0.0,0.0,owid,owid,owid,0.0,1.0,0.0,False,False,False
South Sudan,SSD,2001,6308399.0,0.511,0.081,0.067,15.063,0.511,0.0,0.0,0.0,0.0,owid,owid,owid,0.0,1.0,0.0,False,False,False
South Sudan,SSD,2002,6596810.0,0.652,0.099,0.14,27.451,0.652,0.0,0.0,0.0,0.0,owid,owid,owid,0.0,1.0,0.0,False,False,False
South Sudan,SSD,2003,6903129.0,0.728,0.106,0.076,11.719,0.728,0.0,0.0,0.0,0.0,owid,owid,owid,0.0,1.0,0.0,False,False,False
South Sudan,SSD,2004,7233040.0,0.92,0.127,0.192,26.367,0.92,0.0,0.0,0.0,0.0,owid,owid,owid,0.0,1.0,0.0,False,False,False
South Sudan,SSD,2005,7590147.0,0.882,0.116,-0.039,-4.199,0.882,0.0,0.0,0.0,0.0,owid,owid,owid,0.0,1.0,0.0,False,False,False
South Sudan,SSD,2006,7976532.0,0.965,0.121,0.084,9.502,0.965,0.0,0.0,0.0,0.0,owid,owid,owid,0.0,1.0,0.0,False,False,False
South Sudan,SSD,2007,8388785.0,1.134,0.135,0.169,17.476,1.134,0.0,0.0,0.0,0.0,owid,owid,owid,0.0,1.0,0.0,False,False,False
South Sudan,SSD,2008,8817645.0,1.198,0.136,0.064,5.618,1.198,0.0,0.0,0.0,0.0,owid,owid,owid,0.0,1.0,0.0,False,False,False
South Sudan,SSD,2009,9243560.0,1.248,0.135,0.05,4.162,1.248,0.0,0.0,0.0,0.0,owid,owid,owid,0.0,1.0,0.0,False,False,False
South Sudan,SSD,2010,9745955.0,1.27,0.13,0.022,1.749,1.27,0.0,0.0,0.0,0.0,owid,owid,owid,0.0,1.0,0.0,False,False,False
South Sudan,SSD,2011,10288112.0,1.239,0.12,-0.031,-2.44,1.239,0.0,0.0,0.0,0.0,owid,owid,owid,0.0,1.0,0.0,False,False,False
South Sudan,SSD,2012,10756245.0,1.33,0.124,0.091,7.383,1.33,0.0,0.0,0.0,0.0,gcb,gcb,owid,0.0,1.0,0.0,False,False,False
South Sudan,SSD,2013,11166280.0,1.444,0.129,0.114,8.54,1.444,0.0,0.0,0.0,0.0,gcb,gcb,owid,0.0,1.0,0.0,False,False,False
South Sudan,SSD,2014,11235071.0,1.499,0.133,0.055,3.807,1.499,0.0,0.0,0.0,0.0,gcb,gcb,owid,0.0,1.0,0.0,False,False,False
South Sudan,SSD,2015,11107569.0,1.913,0.172,0.414,27.628,1.913,0.0,0.0,0.0,0.0,gcb,gcb,owid,0.0,1.0,0.0,False,False,False
South Sudan,SSD,2016,10830108.0,1.704,0.157,-0.209,-10.92,1.704,0.0,0.0,0.0,0.0,gcb,gcb,owid,0.0,1.0,0.0,False,False,False
South Sudan,SSD,2017,10259150.0,1.455,0.142,-0.249,-14.624,1.455,0.0,0.0,0.0,0.0,gcb,gcb,owid,0.0,1.0,0.0,False,False,False
South Sudan,SSD,2018,10122983.0,1.737,0.172,0.282,19.395,1.737,0.0,0.0,0.0,0.0,gcb,gcb,owid,0.0,1.0,0.0,False,False,False
South Sudan,SSD,2019,10423382.0,1.77,0.17,0.033,1.899,1.77,0.0,0.0,0.0,0.0,gcb,gcb,owid,0.0,1.0,0.0,False,False,False
South Sudan,SSD,2020,10698471.0,1.707,0.16,-0.062,-3.52,1.707,0.0,0.0,0.0,0.0,gcb,gcb,owid,0.0,1.0,0.0,False,False,False
South Sudan,SSD,2021,10865786.0,1.74,0.16,0.033,1.931,1.74,0.0,0.0,0.0,0.0,gcb,gcb,owid,0.0,1.0,0.0,False,False,False
Spain,ESP,1992,39420344.0,247.687,6.283,8.396,3.509,132.92,84.817,14.57,84.817,14.57,owid,owid,owid,0.3651073794590779,0.5721738905844422,0.06271872995648002,False,False,False
Spain,ESP,1993,39651627.0,239.099,6.03,-8.587,-3.467,128.46,81.632,14.168,81.632,14.168,owid,owid,owid,0.36400606438954786,0.5728172656737714,0.06317666993668063,False,False,False
Spain,ESP,1994,39858721.0,251.388,6.307,12.289,5.14,137.068,82.225,15.212,82.225,15.212,owid,owid,owid,0.350632182682672,0.5844992644080084,0.06486855290931963,False,False,False
Spain,ESP,1995,40052733.0,265.069,6.618,13.68,5.442,143.411,85.124,18.878,85.124,18.878,owid,owid,owid,0.344056294535857,0.5796421368319369,0.07630156863220607,False,False,False
Spain,ESP,1996,40237375.0,252.562,6.277,-12.507,-4.718,141.98,71.959,21.289,71.959,21.289,owid,owid,owid,0.30591171119084465,0.6035846072746441,0.0905036815345112,False,False,False
Spain,ESP,1997,40423823.0,264.899,6.553,12.338,4.885,144.648,74.57,27.489,74.57,27.489,owid,owid,owid,0.3022613869894247,0.5863149403948814,0.11142367261569393,False,False,False
Spain,ESP,1998,40617436.0,273.65,6.737,8.75,3.303,152.912,72.72,28.462,72.72,28.462,owid,owid,owid,0.28619329854305886,0.6017930372224453,0.1120136642344959,False,False,False
Spain,ESP,1999,40812855.0,297.025,7.278,23.375,8.542,161.338,82.676,32.502,82.676,32.502,owid,owid,owid,0.29899174008014,0.583467141141923,0.1175411187779369,False,False,False
Spain,ESP,2000,41019772.0,309.26,7.539,12.235,4.119,163.449,87.404,37.153,87.404,37.153,owid,owid,owid,0.3034797886155149,0.5675194266786109,0.12900078470587417,False,False,False
Spain,ESP,2001,41245602.0,311.031,7.541,1.772,0.573,169.381,80.276,39.97,80.276,39.97,owid,owid,owid,0.2771702914438226,0.5848246192516583,0.13800508930451927,False,False,False
Spain,ESP,2002,41755703.0,331.028,7.928,19.997,6.429,173.902,89.977,45.027,89.977,45.027,owid,owid,owid,0.29127631059286646,0.5629609007270819,0.14576278868005155,False,False,False
Spain,ESP,2003,42506540.0,335.539,7.894,4.511,1.363,178.237,83.433,51.279,83.433,51.279,owid,owid,owid,0.26660254546267925,0.5695400848061505,0.16385736973117027,False,False,False
Spain,ESP,2004,43234562.0,352.139,8.145,16.6,4.947,183.588,86.472,58.727,86.472,58.727,owid,owid,owid,0.26300309927095655,0.5583797412914744,0.178617159437569,False,False,False
Spain,ESP,2005,43958883.0,367.447,8.359,15.308,4.347,187.742,86.873,68.893,86.873,68.893,owid,owid,owid,0.25289949579049104,0.5465433119461555,0.2005571922633534,False,False,False
Spain,ESP,2006,44695446.0,358.869,8.029,-8.578,-2.334,183.435,77.171,73.998,77.171,73.998,owid,owid,owid,0.23063382386343262,0.5482152036437102,0.22115097249285726,False,False,False
Spain,ESP,2007,45516501.0,366.469,8.051,7.599,2.117,182.931,83.696,75.616,83.696,75.616,owid,owid,owid,0.24455138600351212,0.5345061842024527,0.22094242979403522,False,False,False
Spain,ESP,2008,46235055.0,335.284,7.252,-31.184,-8.509,173.2,58.726,82.518,58.726,82.518,owid,owid,owid,0.18676139471575226,0.550813499383038,0.26242510590120977,False,False,False
Spain,ESP,2009,46635182.0,296.159,6.351,-39.125,-11.669,161.09,44.668,73.68,44.668,73.68,owid,owid,owid,0.15984941203415426,0.5764785032815867,0.2636720846842592,False,False,False
Spain,ESP,2010,46840469.0,282.585,6.033,-13.574,-4.583,156.331,35.997,73.623,35.997,73.623,owid,owid,owid,0.13535200093250263,0.5878188087279236,0.27682919033957387,False,False,False
Spain,ESP,2011,46998040.0,283.275,6.027,0.69,0.244,146.012,53.685,68.024,53.685,68.024,owid,owid,owid,0.2005259206412646,0.5453886695477754,0.2540854098109599,False,False,False
Spain,ESP,2012,47018323.0,277.432,5.901,-5.843,-2.063,134.672,62.626,65.077,62.626,65.077,owid,owid,owid,0.2386888994759409,0.5132806098141972,0.24803049070986183,False,False,False
Spain,ESP,2013,46860394.0,252.109,5.38,-25.323,-9.128,129.976,48.724,59.055,48.724,59.055,owid,owid,owid,0.20493365018611595,0.5466804063006035,0.24838594351328047,False,False,False
Spain,ESP,2014,46720187.0,253.658,5.429,1.549,0.614,129.905,53.621,54.251,53.621,54.251,owid,owid,owid,0.22550961615295004,0.5463312263170954,0.22815915752995453,False,False,False
Spain,ESP,2015,46683683.0,270.248,5.789,16.59,6.54,136.365,61.246,56.603,61.246,56.603,owid,owid,owid,0.24092300188030555,0.5364181359012485,0.22265886221844586,False,False,False
Spain,ESP,2016,46732768.0,259.555,5.554,-10.693,-3.957,140.305,45.478,57.653,45.478,57.653,owid,owid,owid,0.18681706896268424,0.5763527169358682,0.23683021410144758,False,False,False
Spain,ESP,2017,46868594.0,273.484,5.835,13.929,5.367,141.123,53.499,62.512,53.499,62.512,owid,owid,owid,0.20805883313758586,0.548830570830773,0.2431105960316411,False,False,False
Spain,ESP,2018,47092817.0,268.521,5.702,-4.963,-1.815,142.106,47.904,61.825,47.904,61.825,owid,owid,owid,0.19021978676514387,0.5642821688804177,0.24549804435443845,False,False,False
Spain,ESP,2019,47435121.0,250.674,5.285,-17.847,-6.646,140.044,23.528,71.16,23.528,71.16,owid,owid,owid,0.1002334577305182,0.5966123068009476,0.3031542354685343,False,False,False
Spain,ESP,2020,47679482.0,211.765,4.441,-38.909,-15.522,118.78,14.23,64.231,14.23,64.231,owid,owid,owid,0.07214524363595805,0.6022074517975472,0.32564730456649477,False,False,False
Spain,ESP,2021,47735670.0,228.806,4.793,17.041,8.047,129.714,16.011,68.103,16.011,68.103,owid,owid,owid,0.07487793927829844,0.6066277568887144,0.31849430383298727,False,False,False
Sri Lanka,LKA,1992,16739297.0,5.036,0.301,0.929,22.624,4.771,0.004,0.0,0.004,0.0,owid,gcb,owid,0.0008376963350785341,0.9991623036649215,0.0,False,False,False
Sri Lanka,LKA,1993,17025924.0,4.912,0.289,-0.124,-2.458,4.697,0.004,0.0,0.004,0.0,owid,gcb,owid,0.0008508827908955542,0.9991491172091045,0.0,False,False,False
Sri Lanka,LKA,1994,17275777.0,5.342,0.309,0.43,8.744,5.053,0.007,0.0,0.007,0.0,owid,gcb,owid,0.001383399209486166,0.998616600790514,0.0,False,False,False
Sri Lanka,LKA,1995,17564065.0,5.717,0.325,0.376,7.031,5.448,0.004,0.0,0.004,0.0,owid,gcb,owid,0.0007336757153338225,0.9992663242846662,0.0,False,False,False
Sri Lanka,LKA,1996,17905020.0,6.863,0.383,1.146,20.04,6.591,0.004,0.0,0.004,0.0,owid,gcb,owid,0.0006065200909780137,0.999393479909022,0.0,False,False,False
Sri Lanka,LKA,1997,18248205.0,7.401,0.406,0.538,7.842,7.123,0.007,0.0,0.007,0.0,owid,gcb,owid,0.0009817671809256663,0.9990182328190744,0.0,False,False,False
Sri Lanka,LKA,1998,18596006.0,7.621,0.41,0.22,2.977,7.379,0.004,0.0,0.004,0.0,owid,gcb,owid,0.0005417851821752676,0.9994582148178248,0.0,False,False,False
Sri Lanka,LKA,1999,18944734.0,8.381,0.442,0.76,9.972,8.119,0.004,0.0,0.004,0.0,owid,gcb,owid,0.0004924289055767574,0.9995075710944233,0.0,False,False,False
Sri Lanka,LKA,2000,19293056.0,9.99,0.518,1.609,19.198,9.728,0.004,0.0,0.004,0.0,owid,gcb,owid,0.00041101520756267986,0.9995889847924374,0.0,False,False,False
Sri Lanka,LKA,2001,19600361.0,10.158,0.518,0.167,1.675,9.878,0.004,0.0,0.004,0.0,owid,gcb,owid,0.0004047763610605141,0.9995952236389395,0.0,False,False,False
Sri Lanka,LKA,2002,19805750.0,10.787,0.545,0.629,6.193,10.538,0.004,0.0,0.004,0.0,owid,gcb,owid,0.00037943464238284955,0.9996205653576172,0.0,False,False,False
Sri Lanka,LKA,2003,19951521.0,10.761,0.539,-0.025,-0.235,10.259,0.231,0.0,0.231,0.0,owid,gcb,owid,0.022020972354623452,0.9779790276453766,0.0,False,False,False
Sri Lanka,LKA,2004,20087608.0,11.908,0.593,1.147,10.657,11.362,0.231,0.0,0.231,0.0,owid,gcb,owid,0.019925817303545243,0.9800741826964547,0.0,False,False,False
Sri Lanka,LKA,2005,20216531.0,11.67,0.577,-0.238,-2.003,11.113,0.231,0.0,0.231,0.0,owid,gcb,owid,0.02036318758815233,0.9796368124118476,0.0,False,False,False
Sri Lanka,LKA,2006,20352416.0,11.503,0.565,-0.167,-1.429,10.941,0.227,0.0,0.227,0.0,owid,gcb,owid,0.020325931232091688,0.9796740687679083,0.0,False,False,False
Sri Lanka,LKA,2007,20492546.0,11.844,0.578,0.341,2.962,11.34,0.161,0.0,0.161,0.0,owid,gcb,owid,0.013998782714546562,0.9860012172854534,0.0,False,False,False
Sri Lanka,LKA,2008,20629377.0,11.648,0.565,-0.195,-1.65,11.08,0.22,0.0,0.22,0.0,owid,gcb,owid,0.019469026548672566,0.9805309734513273,0.0,False,False,False
Sri Lanka,LKA,2009,20756438.0,12.572,0.606,0.924,7.934,11.996,0.223,0.0,0.223,0.0,owid,gcb,owid,0.0182502659792127,0.9817497340207872,0.0,False,False,False
Sri Lanka,LKA,2010,20879092.0,12.697,0.608,0.124,0.989,12.161,0.227,0.0,0.227,0.0,owid,gcb,owid,0.018324184694866,0.9816758153051339,0.0,False,False,False
Sri Lanka,LKA,2011,21009054.0,14.476,0.689,1.779,14.015,13.007,1.132,0.0,1.132,0.0,owid,gcb,owid,0.08006223919654855,0.9199377608034515,0.0,False,False,False
Sri Lanka,LKA,2012,21169461.0,15.389,0.727,0.913,6.308,13.102,1.92,0.0,1.92,0.0,owid,gcb,owid,0.12781254160564504,0.872187458394355,0.0,False,False,False
Sri Lanka,LKA,2013,21358829.0,14.143,0.662,-1.246,-8.098,11.761,2.019,0.0,2.019,0.0,owid,gcb,owid,0.14651669085631353,0.8534833091436865,0.0,False,False,False
Sri Lanka,LKA,2014,21547454.0,17.076,0.792,2.933,20.737,12.827,3.877,0.0,3.877,0.0,owid,gcb,owid,0.23210009578544058,0.7678999042145593,0.0,False,False,False
Sri Lanka,LKA,2015,21729975.0,19.179,0.883,2.103,12.315,13.593,5.218,0.0,5.218,0.0,owid,gcb,owid,0.2773908883100314,0.7226091116899687,0.0,False,False,False
Sri Lanka,LKA,2016,21910763.0,22.339,1.02,3.16,16.477,16.438,5.524,0.0,5.524,0.0,owid,gcb,owid,0.2515253619888899,0.74847463801111,0.0,False,False,False
Sri Lanka,LKA,2017,22087525.0,22.168,1.004,-0.171,-0.766,16.079,5.722,0.0,5.722,0.0,owid,gcb,owid,0.2624650245401587,0.7375349754598413,0.0,False,False,False
Sri Lanka,LKA,2018,22253116.0,20.137,0.905,-2.031,-9.163,14.241,5.53,0.0,5.53,0.0,owid,gcb,owid,0.2797025947094229,0.7202974052905771,0.0,False,False,False
Sri Lanka,LKA,2019,22410552.0,21.106,0.942,0.969,4.811,14.832,5.903,0.0,5.903,0.0,owid,gcb,owid,0.2846877260670364,0.7153122739329636,0.0,False,False,False
Sri Lanka,LKA,2020,22561808.0,20.412,0.905,-0.693,-3.284,12.956,7.094,0.0,7.094,0.0,owid,gcb,owid,0.35381546134663344,0.6461845386533666,0.0,False,False,False
Sri Lanka,LKA,2021,22700377.0,20.823,0.917,0.411,2.012,14.268,6.185,0.0,6.185,0.0,owid,gcb,owid,0.30240062582506233,0.6975993741749377,0.0,False,False,False
Sudan,SDN,1992,22927356.0,4.001,0.175,-0.479,-10.683,3.898,0.0,0.0,0.0,0.0,owid,owid,owid,0.0,1.0,0.0,False,False,False
Sudan,SDN,1993,23445599.0,2.755,0.117,-1.247,-31.156,2.652,0.0,0.0,0.0,0.0,owid,owid,owid,0.0,1.0,0.0,False,False,False
Sudan,SDN,1994,24043951.0,3.838,0.16,1.083,39.32,3.73,0.0,0.0,0.0,0.0,owid,owid,owid,0.0,1.0,0.0,False,False,False
Sudan,SDN,1995,24672144.0,3.963,0.161,0.125,3.248,3.755,0.0,0.0,0.0,0.0,owid,owid,owid,0.0,1.0,0.0,False,False,False
Sudan,SDN,1996,25231534.0,4.096,0.162,0.133,3.369,3.883,0.0,0.0,0.0,0.0,owid,owid,owid,0.0,1.0,0.0,False,False,False
Sudan,SDN,1997,25799826.0,5.023,0.195,0.927,22.624,4.841,0.0,0.0,0.0,0.0,owid,owid,owid,0.0,1.0,0.0,False,False,False
Sudan,SDN,1998,26458999.0,4.372,0.165,-0.65,-12.947,4.217,0.0,0.0,0.0,0.0,owid,owid,owid,0.0,1.0,0.0,False,False,False
Sudan,SDN,1999,27130619.0,4.753,0.175,0.381,8.715,4.566,0.0,0.0,0.0,0.0,owid,owid,owid,0.0,1.0,0.0,False,False,False
Sudan,SDN,2000,27816748.0,5.292,0.19,0.538,11.322,5.011,0.0,0.0,0.0,0.0,owid,owid,owid,0.0,1.0,0.0,False,False,False
Sudan,SDN,2001,28516774.0,6.018,0.211,0.726,13.719,5.757,0.0,0.0,0.0,0.0,owid,owid,owid,0.0,1.0,0.0,False,False,False
Sudan,SDN,2002,29228728.0,7.634,0.261,1.616,26.856,7.357,0.0,0.0,0.0,0.0,owid,owid,owid,0.0,1.0,0.0,False,False,False
Sudan,SDN,2003,29896038.0,8.515,0.285,0.882,11.551,8.2,0.0,0.0,0.0,0.0,owid,owid,owid,0.0,1.0,0.0,False,False,False
Sudan,SDN,2004,30556641.0,10.866,0.356,2.351,27.605,10.378,0.0,0.0,0.0,0.0,owid,owid,owid,0.0,1.0,0.0,False,False,False
Sudan,SDN,2005,31262447.0,10.558,0.338,-0.308,-2.833,9.926,0.0,0.0,0.0,0.0,owid,owid,owid,0.0,1.0,0.0,False,False,False
Sudan,SDN,2006,31992438.0,11.545,0.361,0.986,9.343,10.938,0.0,0.0,0.0,0.0,owid,owid,owid,0.0,1.0,0.0,False,False,False
Sudan,SDN,2007,32764139.0,13.564,0.414,2.019,17.49,12.817,0.0,0.0,0.0,0.0,owid,owid,owid,0.0,1.0,0.0,False,False,False
Sudan,SDN,2008,33623980.0,14.179,0.422,0.615,4.535,13.578,0.0,0.0,0.0,0.0,owid,owid,owid,0.0,1.0,0.0,False,False,False
Sudan,SDN,2009,34569114.0,14.805,0.428,0.626,4.417,13.989,0.0,0.0,0.0,0.0,owid,owid,owid,0.0,1.0,0.0,False,False,False
Sudan,SDN,2010,35414403.0,15.07,0.426,0.265,1.788,13.695,0.0,0.0,0.0,0.0,owid,owid,owid,0.0,1.0,0.0,False,False,False
Sudan,SDN,2011,36140808.0,14.711,0.407,-0.359,-2.379,12.911,0.0,0.0,0.0,0.0,owid,owid,owid,0.0,1.0,0.0,False,False,False
Sudan,SDN,2012,36923175.0,15.763,0.427,1.052,7.148,13.747,0.0,0.0,0.0,0.0,gcb,gcb,owid,0.0,1.0,0.0,False,False,False
Sudan,SDN,2013,37785852.0,17.374,0.46,1.611,10.222,15.165,0.0,0.0,0.0,0.0,gcb,gcb,owid,0.0,1.0,0.0,False,False,False
Sudan,SDN,2014,38823324.0,13.095,0.337,-4.279,-24.631,10.856,0.0,0.0,0.0,0.0,gcb,gcb,owid,0.0,1.0,0.0,False,False,False
Sudan,SDN,2015,40024433.0,14.247,0.356,1.152,8.795,11.787,0.0,0.0,0.0,0.0,gcb,gcb,owid,0.0,1.0,0.0,False,False,False
Sudan,SDN,2016,41259892.0,19.737,0.478,5.491,38.541,17.455,0.0,0.0,0.0,0.0,gcb,gcb,owid,0.0,1.0,0.0,False,False,False
Sudan,SDN,2017,42714311.0,20.306,0.475,0.569,2.882,18.031,0.0,0.0,0.0,0.0,gcb,gcb,owid,0.0,1.0,0.0,False,False,False
Sudan,SDN,2018,44230597.0,20.516,0.464,0.21,1.033,18.276,0.0,0.0,0.0,0.0,gcb,gcb,owid,0.0,1.0,0.0,False,False,False
Sudan,SDN,2019,45548179.0,22.007,0.483,1.491,7.268,19.928,0.0,0.0,0.0,0.0,gcb,gcb,owid,0.0,1.0,0.0,False,False,False
Sudan,SDN,2020,46789237.0,19.8,0.423,-2.207,-10.029,19.346,0.0,0.0,0.0,0.0,gcb,gcb,owid,0.0,1.0,0.0,False,False,False
Sudan,SDN,2021,48066930.0,19.208,0.4,-0.592,-2.989,18.752,0.0,0.0,0.0,0.0,gcb,gcb,owid,0.0,1.0,0.0,False,False,False
Suriname,SUR,1992,417602.0,2.031,4.864,0.007,0.358,2.008,0.0,0.0,0.0,0.0,gcb,gcb,owid,0.0,1.0,0.0,False,False,False
Suriname,SUR,1993,419357.0,2.039,4.861,0.007,0.357,2.015,0.0,0.0,0.0,0.0,gcb,gcb,owid,0.0,1.0,0.0,False,False,False
Suriname,SUR,1994,422382.0,2.043,4.837,0.005,0.225,2.015,0.0,0.0,0.0,0.0,gcb,gcb,owid,0.0,1.0,0.0,False,False,False
Suriname,SUR,1995,429611.0,2.061,4.798,0.018,0.892,2.034,0.0,0.0,0.0,0.0,gcb,gcb,owid,0.0,1.0,0.0,False,False,False
Suriname,SUR,1996,438834.0,2.083,4.747,0.022,1.062,2.056,0.0,0.0,0.0,0.0,gcb,gcb,owid,0.0,1.0,0.0,False,False,False
Suriname,SUR,1997,448068.0,2.105,4.698,0.022,1.051,2.077,0.0,0.0,0.0,0.0,gcb,gcb,owid,0.0,1.0,0.0,False,False,False
Suriname,SUR,1998,457413.0,2.105,4.602,-0.0,-0.004,2.077,0.0,0.0,0.0,0.0,gcb,gcb,owid,0.0,1.0,0.0,False,False,False
Suriname,SUR,1999,466925.0,2.123,4.547,0.018,0.866,2.096,0.0,0.0,0.0,0.0,gcb,gcb,owid,0.0,1.0,0.0,False,False,False
Suriname,SUR,2000,476647.0,2.193,4.601,0.07,3.274,2.165,0.0,0.0,0.0,0.0,gcb,gcb,owid,0.0,1.0,0.0,False,False,False
Suriname,SUR,2001,486566.0,2.363,4.857,0.171,7.782,2.327,0.0,0.007,0.0,0.007,gcb,owid,owid,0.0,0.9970008568980291,0.0029991431019708655,False,False,False
Suriname,SUR,2002,496566.0,1.561,3.143,-0.803,-33.961,1.524,0.0,0.007,0.0,0.007,owid,owid,owid,0.0,0.9954278249510125,0.00457217504898759,False,False,False
Suriname,SUR,2003,506421.0,1.539,3.038,-0.022,-1.417,1.502,0.0,0.007,0.0,0.007,owid,owid,owid,0.0,0.9953611663353215,0.004638833664678595,False,False,False
Suriname,SUR,2004,513928.0,1.553,3.022,0.014,0.94,1.517,0.0,0.007,0.0,0.007,owid,owid,owid,0.0,0.9954068241469817,0.0045931758530183735,False,False,False
Suriname,SUR,2005,519321.0,1.586,3.054,0.033,2.111,1.55,0.0,0.007,0.0,0.007,owid,owid,owid,0.0,0.9955041746949262,0.0044958253050738604,False,False,False
Suriname,SUR,2006,525003.0,1.74,3.314,0.154,9.714,1.704,0.0,0.007,0.0,0.007,owid,owid,owid,0.0,0.9959088252483929,0.004091174751607247,False,False,False
Suriname,SUR,2007,531026.0,1.758,3.311,0.018,1.034,1.722,0.0,0.007,0.0,0.007,owid,owid,owid,0.0,0.9959514170040487,0.004048582995951417,False,False,False
Suriname,SUR,2008,537252.0,1.941,3.613,0.183,10.406,1.905,0.0,0.007,0.0,0.007,owid,owid,owid,0.0,0.9963389121338913,0.0036610878661087866,False,False,False
Suriname,SUR,2009,543580.0,1.989,3.659,0.048,2.48,1.96,0.0,0.007,0.0,0.007,owid,owid,owid,0.0,0.99644128113879,0.0035587188612099647,False,False,False
Suriname,SUR,2010,549931.0,2.375,4.319,0.386,19.422,2.349,0.0,0.007,0.0,0.007,gcb,owid,owid,0.0,0.9970288624787775,0.0029711375212224107,False,False,False
Suriname,SUR,2011,556279.0,2.758,4.958,0.383,16.105,2.719,0.0,0.007,0.0,0.007,gcb,owid,owid,0.0,0.9974321349963315,0.0025678650036683784,False,False,False
Suriname,SUR,2012,562640.0,2.494,4.432,-0.264,-9.578,2.44,0.0,0.007,0.0,0.007,gcb,owid,owid,0.0,0.9971393543114017,0.0028606456885982836,False,False,False
Suriname,SUR,2013,569024.0,3.151,5.538,0.658,26.371,3.092,0.0,0.007,0.0,0.007,gcb,owid,owid,0.0,0.9977412068409164,0.002258793159083575,False,False,False
Suriname,SUR,2014,575380.0,3.201,5.563,0.05,1.571,3.166,0.0,0.007,0.0,0.007,gcb,owid,owid,0.0,0.9977938859123857,0.002206114087614245,False,False,False
Suriname,SUR,2015,581634.0,2.714,4.666,-0.487,-15.224,2.678,0.0,0.007,0.0,0.007,gcb,owid,owid,0.0,0.9973929236499068,0.0026070763500931097,False,False,False
Suriname,SUR,2016,587765.0,2.914,4.957,0.2,7.367,2.898,0.0,0.007,0.0,0.007,gcb,owid,owid,0.0,0.9975903614457831,0.0024096385542168672,False,False,False
Suriname,SUR,2017,593720.0,2.43,4.093,-0.483,-16.59,2.411,0.0,0.007,0.0,0.007,gcb,owid,owid,0.0,0.9971050454921422,0.0028949545078577337,False,False,False
Suriname,SUR,2018,599519.0,2.093,3.491,-0.337,-13.871,2.07,0.0,0.011,0.0,0.011,gcb,owid,owid,0.0,0.9947140797693416,0.005285920230658337,False,False,False
Suriname,SUR,2019,605779.0,2.632,4.345,0.539,25.762,2.601,0.0,0.011,0.0,0.011,gcb,owid,owid,0.0,0.9957886676875957,0.004211332312404287,False,False,False
Suriname,SUR,2020,612320.0,2.922,4.772,0.29,10.998,2.887,0.0,0.015,0.0,0.015,gcb,owid,owid,0.0,0.9948311509303928,0.005168849069607167,False,False,False
Suriname,SUR,2021,617905.0,2.647,4.284,-0.275,-9.406,2.616,0.0,0.011,0.0,0.011,gcb,owid,owid,0.0,0.9958127141225732,0.004187285877426722,False,False,False
Sweden,SWE,1992,8667576.0,57.51,6.635,-0.154,-0.267,42.541,11.1,1.995,11.1,1.995,owid,owid,owid,0.19951110791573803,0.7646308145804874,0.03585807750377454,False,False,False
Sweden,SWE,1993,8718038.0,57.517,6.597,0.007,0.012,42.452,11.046,2.067,11.046,2.067,owid,owid,owid,0.19879420498515252,0.7640061189597769,0.03719967605507064,False,False,False
Sweden,SWE,1994,8780190.0,59.997,6.833,2.481,4.313,44.718,11.233,2.029,11.233,2.029,owid,owid,owid,0.19373922042083477,0.7712659537771646,0.03499482580200069,False,False,False
Sweden,SWE,1995,8826298.0,59.487,6.74,-0.51,-0.85,44.007,11.221,2.063,11.221,2.063,owid,owid,owid,0.1958597336405369,0.7681311200712154,0.03600914628824772,False,False,False
Sweden,SWE,1996,8840330.0,63.349,7.166,3.862,6.492,46.605,12.384,2.226,12.384,2.226,owid,owid,owid,0.20230335702033816,0.7613330066160254,0.03636363636363637,False,False,False
Sweden,SWE,1997,8845525.0,58.355,6.597,-4.994,-7.883,43.256,10.78,2.255,10.78,2.255,owid,owid,owid,0.19150485868078376,0.7684354514931339,0.040059689826082316,False,False,False
Sweden,SWE,1998,8850606.0,58.767,6.64,0.412,0.706,43.277,11.104,2.231,11.104,2.231,owid,owid,owid,0.1961421606726489,0.7644492333780823,0.039408605949268705,False,False,False
Sweden,SWE,1999,8857691.0,55.937,6.315,-2.831,-4.817,41.542,10.043,2.174,10.043,2.174,owid,owid,owid,0.18681523093807548,0.7727450287393739,0.04043974032255064,False,False,False
Sweden,SWE,2000,8872099.0,54.892,6.187,-1.044,-1.867,40.406,10.104,2.082,10.104,2.082,owid,owid,owid,0.19212047459689685,0.7682917554000609,0.03958777000304228,False,False,False
Sweden,SWE,2001,8896018.0,55.782,6.27,0.89,1.621,40.116,10.944,2.4,10.944,2.4,owid,owid,owid,0.20471380471380474,0.7503928170594837,0.04489337822671156,False,False,False
Sweden,SWE,2002,8925045.0,56.634,6.345,0.851,1.526,40.439,11.422,2.444,11.422,2.444,owid,owid,owid,0.21033054046588712,0.7446643955436884,0.04500506399042445,False,False,False
Sweden,SWE,2003,8958434.0,57.221,6.387,0.587,1.037,41.14,11.545,2.269,11.545,2.269,owid,owid,owid,0.21008479819485387,0.748626123667067,0.041289078138079124,False,False,False
Sweden,SWE,2004,8993805.0,56.428,6.274,-0.793,-1.387,40.088,11.811,2.198,11.811,2.198,owid,owid,owid,0.2183300367857737,0.7410392443203875,0.040630718893838846,False,False,False
Sweden,SWE,2005,9029771.0,53.787,5.957,-2.64,-4.679,38.542,10.949,1.869,10.949,1.869,owid,owid,owid,0.21318146417445483,0.7504283489096574,0.03639018691588785,False,False,False
Sweden,SWE,2006,9080628.0,53.651,5.908,-0.137,-0.254,37.987,10.681,2.056,10.681,2.056,owid,owid,owid,0.2105709328917278,0.7488959861209684,0.04053308098730384,False,False,False
Sweden,SWE,2007,9148280.0,52.879,5.78,-0.772,-1.439,37.014,10.765,2.165,10.765,2.165,owid,owid,owid,0.21554140637514016,0.7411100432484383,0.04334855037642159,False,False,False
Sweden,SWE,2008,9219903.0,50.765,5.506,-2.113,-3.997,35.579,10.334,1.893,10.334,1.893,owid,owid,owid,0.21616533489520146,0.7442371250470653,0.03959754005773334,False,False,False
Sweden,SWE,2009,9298738.0,47.143,5.07,-3.622,-7.135,34.615,7.365,2.487,7.365,2.487,owid,owid,owid,0.1656284435648908,0.7784424404614657,0.05592911597364337,False,False,False
Sweden,SWE,2010,9378234.0,53.029,5.654,5.885,12.484,36.433,10.311,3.434,10.311,3.434,owid,owid,owid,0.20548846107856034,0.7260751723863048,0.06843636653513492,False,False,False
Sweden,SWE,2011,9449263.0,49.114,5.198,-3.915,-7.382,34.027,9.467,2.721,9.467,2.721,owid,owid,owid,0.2048469111760251,0.7362761008330628,0.05887698799091204,False,False,False
Sweden,SWE,2012,9519477.0,46.607,4.896,-2.507,-5.104,32.626,8.637,2.359,8.637,2.359,owid,owid,owid,0.1979964238228417,0.7479253587639264,0.054078217413231856,False,False,False
Sweden,SWE,2013,9600620.0,45.106,4.698,-1.501,-3.221,31.245,8.736,2.362,8.736,2.362,owid,owid,owid,0.20631509340386842,0.7379023687504428,0.055782537845688776,False,False,False
Sweden,SWE,2014,9696438.0,43.385,4.474,-1.721,-3.816,30.292,8.284,2.058,8.284,2.058,owid,owid,owid,0.20386868139981298,0.745484077373628,0.05064724122655904,False,False,False
Sweden,SWE,2015,9799483.0,43.31,4.42,-0.075,-0.172,30.38,8.016,1.97,8.016,1.97,owid,owid,owid,0.1985829658623594,0.752613585690928,0.04880344844671258,False,False,False
Sweden,SWE,2016,9923281.0,43.308,4.364,-0.002,-0.004,30.237,8.021,2.267,8.021,2.267,owid,owid,owid,0.19792720542874773,0.746132017273288,0.05594077729796422,False,False,False
Sweden,SWE,2017,10057864.0,42.355,4.211,-0.953,-2.2,29.316,8.307,1.816,8.307,1.816,owid,owid,owid,0.21062907274525217,0.7433251350186364,0.046045792236111466,False,False,False
Sweden,SWE,2018,10175400.0,41.856,4.113,-0.499,-1.179,28.894,8.087,1.889,8.087,1.889,owid,owid,owid,0.20805248263442244,0.7433496269616671,0.04859789040391047,False,False,False
Sweden,SWE,2019,10279120.0,40.772,3.967,-1.084,-2.589,28.464,8.108,1.777,8.108,1.777,owid,owid,owid,0.21142663433205558,0.7422357818978329,0.04633758377011134,False,False,False
Sweden,SWE,2020,10353682.0,36.622,3.537,-4.15,-10.179,26.282,6.641,1.446,6.641,1.446,owid,owid,owid,0.19322645407198347,0.7647007477668829,0.04207279816113358,False,False,False
Sweden,SWE,2021,10416134.0,38.568,3.703,1.946,5.313,27.891,6.984,1.9,6.984,1.9,owid,owid,owid,0.1899116247450714,0.7584228416043508,0.05166553365057784,False,False,False
Switzerland,CHE,1992,6875049.0,46.018,6.693,-0.113,-0.244,38.169,0.896,4.581,0.896,4.581,owid,owid,owid,0.020528799890024287,0.8745131283508224,0.1049580717591532,False,False,False
Switzerland,CHE,1993,6938106.0,43.61,6.286,-2.408,-5.234,35.868,0.763,4.794,0.763,4.794,owid,owid,owid,0.018418829209414605,0.8658539529269765,0.11572721786360893,False,False,False
Switzerland,CHE,1994,6993594.0,42.668,6.101,-0.942,-2.159,34.797,0.778,4.721,0.778,4.721,owid,owid,owid,0.01930712725828867,0.8635348421679572,0.11715803057375425,False,False,False
Switzerland,CHE,1995,7040481.0,43.414,6.166,0.746,1.748,35.187,0.797,5.181,0.797,5.181,owid,owid,owid,0.019361107737155357,0.8547795457305964,0.12585934653224828,False,False,False
Switzerland,CHE,1996,7071885.0,44.107,6.237,0.693,1.596,35.857,0.576,5.622,0.576,5.622,owid,owid,owid,0.013696350017833788,0.852621566995601,0.1336820829865652,False,False,False
Switzerland,CHE,1997,7089161.0,43.046,6.072,-1.061,-2.404,35.249,0.5,5.439,0.5,5.439,owid,owid,owid,0.012139458094590657,0.8558075167524521,0.13205302515295717,False,False,False
Switzerland,CHE,1998,7110294.0,44.622,6.276,1.576,3.662,36.724,0.439,5.6,0.439,5.6,owid,owid,owid,0.010265884058648832,0.8587797862638261,0.13095432967752496,False,False,False
Switzerland,CHE,1999,7144119.0,44.447,6.221,-0.176,-0.394,36.327,0.453,5.807,0.453,5.807,owid,owid,owid,0.010637048864677014,0.8530067861084367,0.13635616502688613,False,False,False
Switzerland,CHE,2000,7184003.0,43.621,6.072,-0.826,-1.858,35.211,0.645,5.788,0.645,5.788,owid,owid,owid,0.015488425703582748,0.84552396503698,0.13898760925943712,False,False,False
Switzerland,CHE,2001,7226391.0,45.085,6.239,1.464,3.357,36.394,0.654,6.025,0.654,6.025,owid,owid,owid,0.015183525642513872,0.8449376639658254,0.13987881039166067,False,False,False
Switzerland,CHE,2002,7278744.0,43.467,5.972,-1.618,-3.588,35.018,0.594,5.921,0.594,5.921,owid,owid,owid,0.014301880432427225,0.8431367827992199,0.14256133676835286,False,False,False
Switzerland,CHE,2003,7333451.0,44.651,6.089,1.184,2.723,35.898,0.602,6.255,0.602,6.255,owid,owid,owid,0.014080224535142087,0.8396210969477255,0.1462986785171325,False,False,False
Switzerland,CHE,2004,7384196.0,45.231,6.125,0.58,1.3,36.158,0.588,6.466,0.588,6.466,owid,owid,owid,0.013607331296861981,0.8367583078774414,0.14963436082569656,False,False,False
Switzerland,CHE,2005,7431824.0,45.776,6.159,0.545,1.205,36.37,0.633,6.634,0.633,6.634,owid,owid,owid,0.014506038453605884,0.8334670119394092,0.1520269496069849,False,False,False
Switzerland,CHE,2006,7478514.0,45.365,6.066,-0.411,-0.898,36.104,0.68,6.459,0.68,6.459,owid,owid,owid,0.015725088453622554,0.8349096963670422,0.1493652151793354,False,False,False
Switzerland,CHE,2007,7545386.0,43.359,5.746,-2.006,-4.421,34.172,0.741,6.296,0.741,6.296,owid,owid,owid,0.017981508893688273,0.8292363318692518,0.1527821592370599,False,False,False
Switzerland,CHE,2008,7641730.0,44.701,5.85,1.341,3.094,35.209,0.681,6.702,0.681,6.702,owid,owid,owid,0.015988918106686702,0.8266575882794892,0.1573534936138242,False,False,False
Switzerland,CHE,2009,7737644.0,43.526,5.625,-1.175,-2.629,34.404,0.636,6.423,0.636,6.423,owid,owid,owid,0.015338976919180954,0.8297518269300339,0.154909196150785,False,False,False
Switzerland,CHE,2010,7825750.0,45.034,5.755,1.508,3.464,35.013,0.649,7.179,0.649,7.179,owid,owid,owid,0.015149039471534278,0.8172778413202305,0.16757311920823512,False,False,False
Switzerland,CHE,2011,7914379.0,40.973,5.177,-4.06,-9.016,31.814,0.608,6.383,0.608,6.383,owid,owid,owid,0.01566808400979255,0.8198428037624017,0.16448911222780568,False,False,False
Switzerland,CHE,2012,7998927.0,42.242,5.281,1.269,3.097,32.669,0.557,6.978,0.557,6.978,owid,owid,owid,0.013854342851457568,0.8125808377275892,0.17356481942095314,False,False,False
Switzerland,CHE,2013,8091199.0,43.183,5.337,0.941,2.227,33.233,0.583,7.332,0.583,7.332,owid,owid,owid,0.014168367842908525,0.8076455720812676,0.17818606007582388,False,False,False
Switzerland,CHE,2014,8190238.0,39.244,4.792,-3.939,-9.121,30.183,0.602,6.373,0.602,6.373,owid,owid,owid,0.016201087249044618,0.8122880671726143,0.17151084557834115,False,False,False
Switzerland,CHE,2015,8283940.0,38.756,4.678,-0.488,-1.244,29.499,0.56,6.798,0.56,6.798,owid,owid,owid,0.01519385734053233,0.8003635673006484,0.18444257535881922,False,False,False
Switzerland,CHE,2016,8374903.0,39.225,4.684,0.469,1.209,29.605,0.525,7.145,0.525,7.145,owid,owid,owid,0.014084507042253521,0.7942320590207914,0.19168343393695506,False,False,False
Switzerland,CHE,2017,8453630.0,38.234,4.523,-0.991,-2.526,28.684,0.503,7.104,0.503,7.104,owid,owid,owid,0.013860185720977651,0.7903888016312584,0.1957510126477639,False,False,False
Switzerland,CHE,2018,8516341.0,36.945,4.338,-1.289,-3.371,27.851,0.475,6.703,0.475,6.703,owid,owid,owid,0.013560192982956977,0.7950840731964942,0.19135573382054868,False,False,False
Switzerland,CHE,2019,8577525.0,36.822,4.293,-0.123,-0.332,27.584,0.431,6.897,0.431,6.897,owid,owid,owid,0.012345325389550871,0.7901008249312558,0.1975538496791934,False,False,False
Switzerland,CHE,2020,8640582.0,34.343,3.975,-2.479,-6.732,25.416,0.414,6.67,0.414,6.67,owid,owid,owid,0.012738461538461537,0.7820307692307692,0.20523076923076922,False,False,False
Switzerland,CHE,2021,8707019.0,35.902,4.123,1.559,4.54,26.31,0.423,7.272,0.423,7.272,owid,owid,owid,0.012439347154830173,0.7737097485663874,0.21385090427878256,False,False,False
Syria,SYR,1992,13385570.0,42.803,3.198,0.379,0.893,31.375,0.004,3.781,0.004,3.781,owid,owid,owid,0.00011376564277588168,0.8923492605233219,0.10753697383390215,False,False,False
Syria,SYR,1993,13795687.0,45.522,3.3,2.718,6.35,32.751,0.004,3.745,0.004,3.745,owid,owid,owid,0.00010958904109589044,0.8972876712328768,0.10260273972602742,False,False,False
Syria,SYR,1994,14208585.0,45.956,3.234,0.434,0.954,32.841,0.004,4.059,0.004,4.059,owid,owid,owid,0.00010838933448948625,0.8899035334923044,0.10998807717320618,False,False,False
Syria,SYR,1995,14616804.0,46.392,3.174,0.436,0.949,32.415,0.015,5.119,0.015,5.119,owid,owid,owid,0.0003994780153932195,0.8632719912647474,0.13632853071985937,False,False,False
Syria,SYR,1996,15018110.0,47.446,3.159,1.054,2.271,33.206,0.011,5.453,0.011,5.453,owid,owid,owid,0.0002844582363589345,0.8587018360486164,0.14101370571502453,False,False,False
Syria,SYR,1997,15417539.0,49.605,3.217,2.16,4.552,32.599,0.011,8.457,0.011,8.457,owid,owid,owid,0.00026785496870966954,0.7938003749969561,0.20593177003433416,False,False,False
Syria,SYR,1998,15820409.0,53.496,3.381,3.891,7.844,34.504,0.011,10.941,0.011,10.941,owid,owid,owid,0.00024199225624780003,0.7590637099612811,0.24069429778247095,False,False,False
Syria,SYR,1999,16228064.0,55.534,3.422,2.038,3.809,36.032,0.011,11.201,0.011,11.201,owid,owid,owid,0.00023283379900093133,0.7626788586910507,0.23708830750994836,False,False,False
Syria,SYR,2000,16637884.0,54.527,3.277,-1.007,-1.814,34.842,0.011,11.314,0.011,11.314,owid,owid,owid,0.00023826542768644267,0.7546949119500942,0.24506682262221932,False,False,False
Syria,SYR,2001,17051337.0,51.343,3.011,-3.184,-5.839,34.306,0.011,10.365,0.011,10.365,owid,owid,owid,0.00024618414574101424,0.7677812094355668,0.23197260641869208,False,False,False
Syria,SYR,2002,17468335.0,40.727,2.331,-10.616,-20.677,22.97,0.007,12.611,0.007,12.611,owid,owid,owid,0.0001966955153422502,0.6454422839159266,0.35436102056873103,False,False,False
Syria,SYR,2003,17889297.0,55.377,3.096,14.65,35.972,37.626,0.011,12.703,0.011,12.703,owid,owid,owid,0.0002185141040921732,0.7474374255065553,0.25234406038935236,False,False,False
Syria,SYR,2004,18336879.0,51.692,2.819,-3.686,-6.656,33.988,0.011,13.167,0.011,13.167,owid,owid,owid,0.00023321884408260184,0.7206038247890428,0.27916295636687444,False,False,False
Syria,SYR,2005,18814092.0,51.162,2.719,-0.53,-1.025,35.432,0.011,11.314,0.011,11.314,owid,owid,owid,0.00023525889171674826,0.7577902773916205,0.24197446371666273,False,False,False
Syria,SYR,2006,19637016.0,54.04,2.752,2.878,5.626,38.242,0.011,11.684,0.011,11.684,owid,owid,owid,0.0002202775497126379,0.7658049141918818,0.23397480825840558,False,False,False
Syria,SYR,2007,20884136.0,66.973,3.207,12.933,23.931,51.34,0.011,11.498,0.011,11.498,owid,owid,owid,0.0001750226733917803,0.8168785501758182,0.18294642715078996,False,False,False
Syria,SYR,2008,21636566.0,68.084,3.147,1.112,1.66,52.974,0.011,11.201,0.011,11.201,owid,owid,owid,0.00017137693578038823,0.8253201632754805,0.17450845978873897,False,False,False
Syria,SYR,2009,21976971.0,63.261,2.879,-4.823,-7.084,45.314,0.011,13.761,0.011,13.761,owid,owid,owid,0.00018616931252750228,0.7669160207155672,0.23289780997190535,False,False,False
Syria,SYR,2010,22482417.0,62.057,2.76,-1.204,-1.903,39.842,0.011,17.858,0.011,17.858,owid,owid,owid,0.00019060491067560777,0.6903709864670513,0.30943840862227306,False,False,False
Syria,SYR,2011,22878104.0,59.078,2.582,-2.979,-4.801,40.348,0.011,15.059,0.011,15.059,owid,owid,owid,0.0001984914648670107,0.7280666931321953,0.27173481540293765,False,False,False
Syria,SYR,2012,22759763.0,46.339,2.036,-12.74,-21.564,30.581,0.004,11.962,0.004,11.962,owid,owid,owid,9.401367899029309e-05,0.7187580793005383,0.2811479070204715,False,False,False
Syria,SYR,2013,21666921.0,34.257,1.581,-12.082,-26.073,22.011,0.004,9.829,0.004,9.829,owid,owid,owid,0.00012561236025624922,0.6912134154000753,0.3086609722396684,False,False,False
Syria,SYR,2014,20273661.0,34.869,1.72,0.613,1.789,24.301,0.004,9.086,0.004,9.086,owid,owid,owid,0.00011979275852774701,0.727770956245695,0.2721092509957773,False,False,False
Syria,SYR,2015,19424615.0,31.115,1.602,-3.754,-10.766,21.412,0.004,7.973,0.004,7.973,owid,owid,owid,0.00013610534553744599,0.7285719146619484,0.2712919799925142,False,False,False
Syria,SYR,2016,19193835.0,29.162,1.519,-1.953,-6.278,20.474,0.004,6.954,0.004,6.954,owid,owid,owid,0.0001458151064450277,0.7463546223388743,0.25349956255468065,False,False,False
Syria,SYR,2017,19224671.0,34.473,1.793,5.311,18.214,24.513,0.004,6.862,0.004,6.862,owid,owid,owid,0.0001274737882023009,0.7811912425507505,0.21868128366104717,False,False,False
Syria,SYR,2018,19577849.0,31.771,1.623,-2.702,-7.838,22.878,0.004,6.826,0.004,6.826,owid,owid,owid,0.00013464386697185942,0.77009559714555,0.2297697589874781,False,False,False
Syria,SYR,2019,20353536.0,33.492,1.645,1.72,5.414,24.356,0.004,6.547,0.004,6.547,owid,owid,owid,0.00012942051962338628,0.788041543986799,0.21182903549357748,False,False,False
Syria,SYR,2020,21049431.0,32.344,1.537,-1.147,-3.425,23.772,0.004,5.749,0.004,5.749,owid,owid,owid,0.0001354784081287045,0.8051481795088907,0.19471634208298053,False,False,False
Syria,SYR,2021,21628837.0,32.508,1.503,0.164,0.507,23.072,0.004,6.119,0.004,6.119,owid,owid,owid,0.00013700976194553862,0.7902723069018667,0.2095906833361877,False,False,False
Taiwan,TWN,1992,20982088.0,142.432,6.788,8.801,6.586,71.124,53.93,5.523,53.93,5.523,owid,owid,owid,0.4130130114798165,0.5446901062208505,0.04229688229933296,False,False,False
Taiwan,TWN,1993,21174678.0,154.046,7.275,11.614,8.154,75.594,59.317,5.256,59.317,5.256,owid,owid,owid,0.42318805424957373,0.5393138185164839,0.03749812723394237,False,False,False
Taiwan,TWN,1994,21357145.0,161.564,7.565,7.518,4.88,78.584,62.47,7.251,62.47,7.251,owid,owid,owid,0.4212265264151579,0.529880988503422,0.048892485081420044,False,False,False
Taiwan,TWN,1995,21534497.0,170.064,7.897,8.5,5.261,84.093,65.445,7.76,65.445,7.76,owid,owid,owid,0.4160574196747574,0.5346094673803863,0.04933311294485626,False,False,False
Taiwan,TWN,1996,21709270.0,178.059,8.202,7.995,4.701,83.303,73.952,8.159,73.952,8.159,owid,owid,owid,0.4470721946147243,0.5036030807549543,0.049324724630321504,False,False,False
Taiwan,TWN,1997,21885332.0,190.782,8.717,12.723,7.145,84.115,83.914,9.36,83.914,9.36,owid,owid,owid,0.473050752865172,0.47418385581969563,0.052765391315132276,False,False,False
Taiwan,TWN,1998,22049226.0,200.546,9.095,9.764,5.118,86.825,90.347,11.809,90.347,11.809,owid,owid,owid,0.4780745154274768,0.45943772125240107,0.062487763320122125,False,False,False
Taiwan,TWN,1999,22203788.0,208.023,9.369,7.477,3.728,91.347,94.085,11.846,94.085,11.846,owid,owid,owid,0.4769158243696712,0.46303693265341295,0.06004724297691583,False,False,False
Taiwan,TWN,2000,22332873.0,226.934,10.161,18.911,9.091,92.142,110.895,13.411,110.895,13.411,owid,owid,owid,0.5123401463630988,0.4257003991720875,0.061959454464813726,False,False,False
Taiwan,TWN,2001,22446254.0,231.431,10.31,4.497,1.982,88.183,118.133,15.141,118.133,15.141,owid,owid,owid,0.5334353847473776,0.3981946833922613,0.06836993186036115,False,False,False
Taiwan,TWN,2002,22566898.0,238.567,10.572,7.136,3.083,85.26,125.727,16.931,125.727,16.931,owid,owid,owid,0.551632604708711,0.37408190665063745,0.07428548864065146,False,False,False
Taiwan,TWN,2003,22664130.0,249.129,10.992,10.562,4.427,85.301,135.62,17.867,135.62,17.867,owid,owid,owid,0.5679514883494984,0.35722481866760475,0.07482369298289697,False,False,False
Taiwan,TWN,2004,22745432.0,259.367,11.403,10.238,4.11,86.759,141.041,20.875,141.041,20.875,owid,owid,owid,0.5671700010053282,0.34888509098220566,0.08394490801246607,False,False,False
Taiwan,TWN,2005,22824932.0,266.888,11.693,7.521,2.9,87.816,145.935,21.88,145.935,21.88,owid,owid,owid,0.570881465862904,0.3435264111160227,0.08559212302107334,False,False,False
Taiwan,TWN,2006,22914644.0,276.552,12.069,9.664,3.621,88.935,153.557,23.031,153.557,23.031,owid,owid,owid,0.5783190156784912,0.3349427356575514,0.08673824866395756,False,False,False
Taiwan,TWN,2007,23006921.0,280.08,12.174,3.528,1.276,84.166,160.562,24.981,160.562,24.981,owid,owid,owid,0.5953156920977795,0.31206225969470797,0.09262204820751255,False,False,False
Taiwan,TWN,2008,23086238.0,266.975,11.564,-13.105,-4.679,75.889,154.853,26.853,154.853,26.853,owid,owid,owid,0.601149090626759,0.2946058735612104,0.10424503581203051,False,False,False
Taiwan,TWN,2009,23164353.0,253.028,10.923,-13.947,-5.224,70.98,147.445,26.14,147.445,26.14,owid,owid,owid,0.6028867581215628,0.2902295913151923,0.10688365056324495,False,False,False
Taiwan,TWN,2010,23224049.0,270.718,11.657,17.69,6.991,72.398,157.049,32.653,157.049,32.653,owid,owid,owid,0.5991949637542923,0.2762228157191911,0.12458222052651659,False,False,False
Taiwan,TWN,2011,23273078.0,276.771,11.892,6.053,2.236,68.657,162.701,35.839,162.701,35.839,owid,owid,owid,0.6089177647952634,0.25695273524777595,0.13412949995696058,False,False,False
Taiwan,TWN,2012,23345963.0,273.282,11.706,-3.489,-1.261,65.86,160.364,37.726,160.364,37.726,owid,owid,owid,0.6075544610721728,0.24951695396855467,0.1429285849592726,False,False,False
Taiwan,TWN,2013,23416870.0,274.576,11.726,1.294,0.473,64.128,163.101,37.48,163.101,37.48,owid,owid,owid,0.6161520764310998,0.24225848006679032,0.14158944350210986,False,False,False
Taiwan,TWN,2014,23472811.0,276.959,11.799,2.383,0.868,64.377,164.219,39.636,164.219,39.636,owid,owid,owid,0.6122274747233737,0.24000492111306626,0.14776760416355988,False,False,False
Taiwan,TWN,2015,23529260.0,276.264,11.741,-0.695,-0.251,64.288,160.696,42.933,160.696,42.933,owid,owid,owid,0.5997976985409661,0.23995491140913044,0.16024739004990354,False,False,False
Taiwan,TWN,2016,23586140.0,280.197,11.88,3.933,1.424,66.724,161.76,44.596,161.76,44.596,owid,owid,owid,0.5923538889702651,0.2443386553390948,0.1633074556906401,False,False,False
Taiwan,TWN,2017,23632950.0,285.736,12.091,5.539,1.977,66.051,164.346,49.07,164.346,49.07,owid,owid,owid,0.5880694321690934,0.23634633069378497,0.17558423713712173,False,False,False
Taiwan,TWN,2018,23659308.0,284.151,12.01,-1.585,-0.555,62.118,165.841,49.783,165.841,49.783,owid,owid,owid,0.5971045070605094,0.22365360658452807,0.17924188635496252,False,False,False
Taiwan,TWN,2019,23674137.0,274.704,11.604,-9.447,-3.325,57.936,161.552,48.715,161.552,48.715,owid,owid,owid,0.6023497127176057,0.21601548081117664,0.1816348064712177,False,False,False
Taiwan,TWN,2020,23663461.0,272.464,11.514,-2.24,-0.815,55.162,156.384,54.412,156.384,54.412,owid,owid,owid,0.5880026169545568,0.20740868858992775,0.20458869445551556,False,False,False
Taiwan,TWN,2021,23558330.0,283.821,12.048,11.357,4.168,49.903,167.94,59.21,167.94,59.21,owid,owid,owid,0.6061656073025739,0.18012077111599586,0.21371362158143029,False,False,False
Tajikistan,TJK,1992,5649397.0,7.333,1.298,-2.682,-26.784,2.957,0.934,3.221,0.934,3.221,owid,owid,owid,0.1313273340832396,0.4157761529808774,0.452896512935883,False,False,False
Tajikistan,TJK,1993,5725001.0,5.153,0.9,-2.18,-29.73,1.798,0.52,2.706,0.52,2.706,owid,owid,owid,0.1035031847133758,0.35788216560509556,0.5386146496815286,False,False,False
Tajikistan,TJK,1994,5825371.0,2.345,0.403,-2.808,-54.488,0.656,0.114,1.488,0.114,1.488,owid,owid,owid,0.050487156775907885,0.2905225863596103,0.6589902568644819,False,False,False
Tajikistan,TJK,1995,5948588.0,2.435,0.409,0.09,3.826,0.671,0.051,1.674,0.051,1.674,owid,owid,owid,0.021285475792988312,0.28005008347245414,0.6986644407345576,False,False,False
Tajikistan,TJK,1996,6066524.0,2.824,0.465,0.389,15.971,0.63,0.022,2.147,0.022,2.147,owid,owid,owid,0.007859949982136478,0.22508038585209003,0.7670596641657734,False,False,False
Tajikistan,TJK,1997,6139829.0,2.15,0.35,-0.673,-23.842,0.63,0.062,1.44,0.062,1.44,owid,owid,owid,0.02908067542213884,0.29549718574108824,0.675422138836773,False,False,False
Tajikistan,TJK,1998,6176403.0,2.497,0.404,0.346,16.098,0.967,0.048,1.473,0.048,1.473,owid,owid,owid,0.01929260450160772,0.38866559485530544,0.5920418006430869,False,False,False
Tajikistan,TJK,1999,6208373.0,2.519,0.406,0.022,0.894,1.004,0.033,1.466,0.033,1.466,owid,owid,owid,0.013184178985217739,0.40111865761086696,0.5856971634039153,False,False,False
Tajikistan,TJK,2000,6284737.0,2.236,0.356,-0.282,-11.213,0.729,0.044,1.436,0.044,1.436,owid,owid,owid,0.019918515165233134,0.33001358080579446,0.6500679040289723,False,False,False
Tajikistan,TJK,2001,6407376.0,2.287,0.357,0.051,2.277,0.78,0.066,1.407,0.066,1.407,owid,owid,owid,0.02929427430093209,0.34620505992010653,0.6245006657789614,False,False,False
Tajikistan,TJK,2002,6531674.0,1.872,0.287,-0.415,-18.143,0.769,0.081,0.978,0.081,0.978,owid,owid,owid,0.04431072210065646,0.4206783369803064,0.5350109409190372,False,False,False
Tajikistan,TJK,2003,6658575.0,2.072,0.311,0.199,10.644,0.832,0.106,1.052,0.106,1.052,owid,owid,owid,0.053266331658291456,0.41809045226130653,0.528643216080402,False,False,False
Tajikistan,TJK,2004,6790555.0,2.562,0.377,0.49,23.643,1.077,0.161,1.227,0.161,1.227,owid,owid,owid,0.06531440162271805,0.43691683569979717,0.4977687626774849,False,False,False
Tajikistan,TJK,2005,6924722.0,2.441,0.352,-0.121,-4.723,0.917,0.169,1.229,0.169,1.229,owid,owid,owid,0.07300215982721382,0.39611231101511873,0.5308855291576673,False,False,False
Tajikistan,TJK,2006,7057566.0,2.656,0.376,0.216,8.839,1.11,0.176,1.231,0.176,1.231,owid,owid,owid,0.06992451330949542,0.4410011918951132,0.48907429479539133,False,False,False
Tajikistan,TJK,2007,7194479.0,3.229,0.449,0.573,21.555,1.524,0.311,1.238,0.311,1.238,owid,owid,owid,0.10120403514480963,0.4959323136999675,0.40286365115522293,False,False,False
Tajikistan,TJK,2008,7338402.0,2.897,0.395,-0.332,-10.275,1.473,0.341,0.989,0.341,0.989,owid,owid,owid,0.12165536924723512,0.5255083838744203,0.35283624687834464,False,False,False
Tajikistan,TJK,2009,7490232.0,2.445,0.326,-0.452,-15.604,1.598,0.308,0.443,0.308,0.443,owid,owid,owid,0.1311196253724989,0.680289484887186,0.18859088974031502,False,False,False
Tajikistan,TJK,2010,7652144.0,2.535,0.331,0.09,3.674,1.688,0.338,0.367,0.338,0.367,owid,owid,owid,0.14124529878813208,0.705390722941914,0.15336397826995404,False,False,False
Tajikistan,TJK,2011,7824788.0,2.342,0.299,-0.192,-7.588,1.457,0.367,0.371,0.367,0.371,owid,owid,owid,0.16719817767653755,0.6637813211845102,0.16902050113895215,False,False,False
Tajikistan,TJK,2012,8014087.0,2.934,0.366,0.592,25.274,1.836,0.703,0.271,0.703,0.271,owid,owid,owid,0.2501779359430605,0.6533807829181495,0.09644128113879004,False,False,False
Tajikistan,TJK,2013,8216733.0,2.908,0.354,-0.026,-0.893,1.836,0.876,0.007,0.876,0.007,owid,owid,owid,0.32217727105553506,0.6752482530342037,0.0025744759102611253,False,False,False
Tajikistan,TJK,2014,8425559.0,4.606,0.547,1.698,58.383,2.552,1.479,0.007,1.479,0.007,owid,owid,owid,0.3662704309063893,0.6319960376423972,0.001733531451213472,False,False,False
Tajikistan,TJK,2015,8643839.0,5.307,0.614,0.7,15.204,2.841,1.757,0.007,1.757,0.007,owid,owid,owid,0.38154180238870794,0.6169381107491858,0.0015200868621064064,False,False,False
Tajikistan,TJK,2016,8865623.0,6.016,0.679,0.709,13.367,2.779,2.241,0.007,2.241,0.007,owid,owid,owid,0.4457927193156953,0.5528148000795704,0.0013924806047344344,False,False,False
Tajikistan,TJK,2017,9085942.0,6.879,0.757,0.864,14.355,2.372,2.962,0.004,2.962,0.004,owid,owid,owid,0.5548894717122519,0.4443611839640315,0.000749344323716748,False,False,False
Tajikistan,TJK,2018,9307345.0,8.081,0.868,1.201,17.463,2.93,3.142,0.11,3.142,0.11,owid,owid,owid,0.5082497573600776,0.4739566483338725,0.01779359430604982,False,False,False
Tajikistan,TJK,2019,9529970.0,8.714,0.914,0.633,7.837,2.936,3.424,0.279,3.424,0.279,owid,owid,owid,0.5157403223377015,0.4422352763970478,0.042024401265250796,False,False,False
Tajikistan,TJK,2020,9749312.0,9.423,0.967,0.709,8.138,3.358,3.526,0.444,3.526,0.444,owid,owid,owid,0.4811681222707423,0.45824235807860264,0.06058951965065502,False,False,False
Tajikistan,TJK,2021,9966912.0,9.384,0.942,-0.039,-0.414,3.135,3.67,0.465,3.67,0.465,owid,owid,owid,0.5048143053645117,0.4312242090784044,0.06396148555708392,False,False,False
Tanzania,TZA,1992,27457599.0,2.178,0.079,-0.078,-3.444,1.946,0.011,0.0,0.011,0.0,owid,gcb,owid,0.005620848237097599,0.9943791517629025,0.0,False,False,False
Tanzania,TZA,1993,28332691.0,2.426,0.086,0.248,11.409,1.941,0.264,0.0,0.264,0.0,owid,gcb,owid,0.11972789115646258,0.8802721088435375,0.0,False,False,False
Tanzania,TZA,1994,29442357.0,2.063,0.07,-0.363,-14.959,1.784,0.15,0.0,0.15,0.0,owid,gcb,owid,0.07755946225439504,0.922440537745605,0.0,False,False,False
Tanzania,TZA,1995,30383496.0,2.434,0.08,0.371,17.971,2.077,0.114,0.0,0.114,0.0,owid,gcb,owid,0.05203103605659517,0.9479689639434049,0.0,False,False,False
Tanzania,TZA,1996,30945761.0,2.527,0.082,0.093,3.813,2.081,0.15,0.0,0.15,0.0,owid,gcb,owid,0.06723442402510085,0.9327655759748992,0.0,False,False,False
Tanzania,TZA,1997,31578093.0,2.824,0.089,0.298,11.78,2.499,0.073,0.0,0.073,0.0,owid,gcb,owid,0.02838258164852255,0.9716174183514774,0.0,False,False,False
Tanzania,TZA,1998,32420461.0,2.481,0.077,-0.343,-12.159,2.045,0.121,0.0,0.121,0.0,owid,gcb,owid,0.055863342566943676,0.9441366574330563,0.0,False,False,False
Tanzania,TZA,1999,33300335.0,2.459,0.074,-0.022,-0.894,1.924,0.198,0.0,0.198,0.0,owid,owid,owid,0.0933081998114986,0.9066918001885015,0.0,False,False,False
Tanzania,TZA,2000,34260142.0,2.572,0.075,0.113,4.599,2.026,0.209,0.0,0.209,0.0,owid,owid,owid,0.09351230425055929,0.9064876957494407,0.0,False,False,False
Tanzania,TZA,2001,35198303.0,3.041,0.086,0.469,18.236,2.473,0.205,0.0,0.205,0.0,owid,owid,owid,0.0765496639283047,0.9234503360716952,0.0,False,False,False
Tanzania,TZA,2002,36121301.0,3.486,0.096,0.445,14.628,2.865,0.209,0.0,0.209,0.0,owid,owid,owid,0.06798959011060507,0.9320104098893949,0.0,False,False,False
Tanzania,TZA,2003,37089555.0,3.687,0.099,0.202,5.784,3.067,0.147,0.0,0.147,0.0,owid,owid,owid,0.045737398879900436,0.9542626011200996,0.0,False,False,False
Tanzania,TZA,2004,38109666.0,4.221,0.111,0.534,14.484,3.294,0.172,0.245,0.172,0.245,owid,owid,owid,0.04634869307464295,0.8876313662085691,0.06601994071678792,False,False,False
Tanzania,TZA,2005,39182083.0,5.356,0.137,1.135,26.877,4.056,0.081,0.678,0.081,0.678,owid,owid,owid,0.016822429906542057,0.8423676012461059,0.14080996884735203,False,False,False
Tanzania,TZA,2006,40294900.0,5.876,0.146,0.52,9.717,4.346,0.048,0.945,0.048,0.945,owid,owid,owid,0.00899044764937254,0.8140101142536055,0.1769994380970219,False,False,False
Tanzania,TZA,2007,41435508.0,5.706,0.138,-0.17,-2.895,3.984,0.073,1.018,0.073,1.018,owid,owid,owid,0.014384236453201969,0.7850246305418719,0.2005911330049261,False,False,False
Tanzania,TZA,2008,42570728.0,5.989,0.141,0.283,4.951,3.984,0.278,1.051,0.278,1.051,owid,owid,owid,0.0523244871070958,0.7498588368153585,0.1978166760775456,False,False,False
Tanzania,TZA,2009,43633975.0,5.807,0.133,-0.181,-3.025,3.602,0.216,1.242,0.216,1.242,owid,owid,owid,0.04268774703557312,0.7118577075098813,0.24545454545454543,False,False,False
Tanzania,TZA,2010,44758491.0,7.194,0.161,1.387,23.877,4.567,0.264,1.472,0.264,1.472,owid,owid,owid,0.0418848167539267,0.7245755989211486,0.2335395843249246,False,False,False
Tanzania,TZA,2011,46029371.0,8.44,0.183,1.246,17.323,5.431,0.461,1.626,0.461,1.626,owid,owid,owid,0.0613194998669859,0.7223995743548816,0.21628092577813246,False,False,False
Tanzania,TZA,2012,47374261.0,10.367,0.219,1.927,22.833,7.252,0.268,1.859,0.268,1.859,owid,owid,owid,0.028574474890713297,0.7732167608487046,0.19820876426058215,False,False,False
Tanzania,TZA,2013,48824134.0,11.251,0.23,0.884,8.526,8.296,0.168,1.868,0.168,1.868,owid,owid,owid,0.016260162601626018,0.8029423151374371,0.18079752226093693,False,False,False
Tanzania,TZA,2014,50351506.0,10.997,0.218,-0.254,-2.258,7.445,0.663,1.799,0.663,1.799,owid,owid,owid,0.0669223781164833,0.751488846270314,0.18158877561320277,False,False,False
Tanzania,TZA,2015,52020958.0,12.783,0.246,1.785,16.233,8.678,0.916,1.974,0.916,1.974,owid,owid,owid,0.07918395573997233,0.7501728907330567,0.17064315352697093,False,False,False
Tanzania,TZA,2016,53824012.0,13.529,0.251,0.747,5.842,8.493,0.894,2.565,0.894,2.565,owid,owid,owid,0.0747991967871486,0.7105923694779117,0.21460843373493976,False,False,False
Tanzania,TZA,2017,55652888.0,13.513,0.243,-0.016,-0.118,7.977,1.198,2.711,1.198,2.711,owid,owid,owid,0.10079084637388523,0.6711256940938919,0.22808345953222275,False,False,False
Tanzania,TZA,2018,57437134.0,14.233,0.248,0.72,5.325,8.189,1.172,3.144,1.172,3.144,owid,owid,owid,0.09372251099560175,0.654858056777289,0.25141943222710916,False,False,False
Tanzania,TZA,2019,59174889.0,16.191,0.274,1.958,13.755,8.893,1.385,3.389,1.385,3.389,owid,owid,owid,0.10133899173190898,0.6506914465500842,0.24796956171800685,False,False,False
Tanzania,TZA,2020,60972803.0,15.952,0.262,-0.238,-1.473,9.169,1.231,3.034,1.231,3.034,owid,owid,owid,0.0916331695697484,0.6825219592079798,0.22584487122227181,False,False,False
Tanzania,TZA,2021,62830410.0,17.678,0.281,1.725,10.815,10.23,1.469,3.448,1.469,3.448,owid,owid,owid,0.09698290090446954,0.6753812636165577,0.22763583547897273,False,False,False
Thailand,THA,1992,56528832.0,105.513,1.867,10.469,11.014,62.417,20.79,14.074,20.79,14.074,owid,owid,owid,0.21371079655842354,0.6416155261561868,0.14467367728538977,False,False,False
Thailand,THA,1993,57408198.0,121.855,2.123,16.342,15.488,70.672,23.109,16.01,23.109,16.01,owid,owid,owid,0.21048173347542148,0.6436957491962,0.14582251732837848,False,False,False
Thailand,THA,1994,58260855.0,136.87,2.349,15.015,12.322,78.419,26.664,18.252,26.664,18.252,owid,owid,owid,0.21619167308549886,0.6358211375521953,0.14798718936230593,False,False,False
Thailand,THA,1995,59098231.0,153.65,2.6,16.78,12.26,88.777,30.339,18.956,30.339,18.956,owid,owid,owid,0.21973318268729358,0.6429761283967785,0.1372906889159279,False,False,False
Thailand,THA,1996,59920059.0,173.566,2.897,19.916,12.962,96.915,36.777,22.27,36.777,22.27,owid,owid,owid,0.23580744027391284,0.6214013669996538,0.14279119272643334,False,False,False
Thailand,THA,1997,60724588.0,181.203,2.984,7.637,4.4,95.44,38.024,28.148,38.024,28.148,owid,owid,owid,0.23527955844863008,0.5905502066678217,0.17417023488354824,False,False,False
Thailand,THA,1998,61522632.0,159.704,2.596,-21.499,-11.864,85.415,30.637,30.146,30.637,30.146,owid,owid,owid,0.20955827029097523,0.584241918494097,0.2061998112149277,False,False,False
Thailand,THA,1999,62299039.0,167.235,2.684,7.531,4.715,84.654,32.373,33.856,32.373,33.856,owid,owid,owid,0.21455697460946563,0.5610572430293672,0.2243857823611673,False,False,False
Thailand,THA,2000,63007815.0,167.352,2.656,0.117,0.07,79.347,33.1,39.32,33.1,39.32,owid,owid,owid,0.218097478371451,0.522821166656783,0.25908135497176593,False,False,False
Thailand,THA,2001,63651137.0,172.267,2.706,4.915,2.937,75.165,36.81,42.534,36.81,42.534,owid,owid,owid,0.23823854921072557,0.4864765159311108,0.2752849348581636,False,False,False
Thailand,THA,2002,64266433.0,184.665,2.873,12.399,7.197,78.938,39.244,46.469,39.244,46.469,owid,owid,owid,0.23834656333699764,0.4794261802236245,0.28222725643937785,False,False,False
Thailand,THA,2003,64868164.0,191.088,2.946,6.422,3.478,83.86,39.903,49.47,39.903,49.47,owid,owid,owid,0.23034294851442852,0.4840879047294684,0.28556914675610306,False,False,False
Thailand,THA,2004,65452049.0,207.331,3.168,16.243,8.5,91.753,44.763,52.102,44.763,52.102,owid,owid,owid,0.23732093437529822,0.4864488012808958,0.276230264343806,False,False,False
Thailand,THA,2005,66017415.0,214.325,3.246,6.994,3.374,90.839,48.333,54.462,48.333,54.462,owid,owid,owid,0.24961008913723826,0.4691273226809341,0.2812625881818276,False,False,False
Thailand,THA,2006,66567685.0,215.825,3.242,1.5,0.7,87.308,51.313,55.579,51.313,55.579,owid,owid,owid,0.26422760041194643,0.4495777548918641,0.2861946446961895,False,False,False
Thailand,THA,2007,67102388.0,224.083,3.339,8.258,3.826,84.633,57.803,59.253,57.803,59.253,owid,owid,owid,0.2865947076935282,0.41962129813723115,0.29378399416924084,False,False,False
Thailand,THA,2008,67619835.0,224.249,3.316,0.166,0.074,78.484,62.251,63.7,62.251,63.7,owid,owid,owid,0.304502653655196,0.38390686526279744,0.31159048108200654,False,False,False
Thailand,THA,2009,68121077.0,228.836,3.359,4.587,2.046,79.822,62.403,67.513,62.403,67.513,owid,owid,owid,0.29752834488743096,0.380579580238202,0.3218920748743671,False,False,False
Thailand,THA,2010,68579443.0,241.019,3.514,12.183,5.324,80.785,64.008,77.345,64.008,77.345,owid,owid,owid,0.28814520703346563,0.36367033105547,0.3481844619110643,False,False,False
Thailand,THA,2011,69007212.0,244.878,3.549,3.859,1.601,84.609,65.35,76.017,65.35,76.017,owid,owid,owid,0.28919000247813925,0.37441586717173503,0.33639413035012566,False,False,False
Thailand,THA,2012,69436091.0,262.348,3.778,17.47,7.134,90.833,68.155,83.615,68.155,83.615,owid,owid,owid,0.28093222260235856,0.37441004439351533,0.34465773300412605,False,False,False
Thailand,THA,2013,69845112.0,263.754,3.776,1.406,0.536,91.381,67.149,85.504,67.149,85.504,owid,owid,owid,0.27516247735971217,0.37446011621331454,0.35037740642697335,False,False,False
Thailand,THA,2014,70216362.0,272.488,3.881,8.734,3.311,91.137,73.794,87.093,73.794,87.093,owid,owid,owid,0.2928054471002762,0.36162032187410725,0.34557423102561663,False,False,False
Thailand,THA,2015,70540787.0,277.099,3.928,4.611,1.692,95.218,72.142,88.912,72.142,88.912,owid,owid,owid,0.28150558781294865,0.37155054005119553,0.3469438721358556,False,False,False
Thailand,THA,2016,70859835.0,284.045,4.009,6.947,2.507,98.924,73.6,87.759,73.6,87.759,owid,owid,owid,0.28276913974404777,0.38006323885924165,0.33716762139671047,False,False,False
Thailand,THA,2017,71160183.0,283.348,3.982,-0.698,-0.246,101.146,73.824,85.289,73.824,85.289,owid,owid,owid,0.2836558966260532,0.38863593574093497,0.3277081676330117,False,False,False
Thailand,THA,2018,71376081.0,288.305,4.039,4.957,1.75,102.33,78.564,84.332,78.564,84.332,owid,owid,owid,0.2962153031754051,0.3858219028300393,0.31796279399455557,False,False,False
Thailand,THA,2019,71522264.0,281.877,3.941,-6.427,-2.229,103.652,70.06,85.27,70.06,85.27,owid,owid,owid,0.2705207311705061,0.4002285873149486,0.32925068151454545,False,False,False
Thailand,THA,2020,71641484.0,271.923,3.796,-9.954,-3.531,96.312,74.799,78.28,74.799,78.28,owid,owid,owid,0.2999266212493635,0.3861887558091511,0.31388462294148545,False,False,False
Thailand,THA,2021,71727338.0,267.142,3.724,-4.781,-1.758,90.92,76.648,77.923,76.648,77.923,owid,owid,owid,0.3122232586938014,0.37035980952458547,0.3174169317816132,False,False,False
Togo,TGO,1992,3932581.0,1.03,0.262,-0.019,-1.839,0.66,0.0,0.0,0.0,0.0,gcb,gcb,owid,0.0,1.0,0.0,False,False,False
Togo,TGO,1993,3887976.0,1.069,0.275,0.038,3.718,0.689,0.0,0.0,0.0,0.0,gcb,gcb,owid,0.0,1.0,0.0,False,False,False
Togo,TGO,1994,3904183.0,1.007,0.258,-0.062,-5.813,0.689,0.0,0.0,0.0,0.0,gcb,gcb,owid,0.0,1.0,0.0,False,False,False
Togo,TGO,1995,4110452.0,1.175,0.286,0.168,16.695,0.777,0.0,0.0,0.0,0.0,gcb,gcb,owid,0.0,1.0,0.0,False,False,False
Togo,TGO,1996,4291129.0,1.265,0.295,0.09,7.698,0.854,0.0,0.0,0.0,0.0,gcb,gcb,owid,0.0,1.0,0.0,False,False,False
Togo,TGO,1997,4438798.0,0.879,0.198,-0.386,-30.524,0.777,0.0,0.0,0.0,0.0,gcb,gcb,owid,0.0,1.0,0.0,False,False,False
Togo,TGO,1998,4551633.0,1.29,0.283,0.411,46.756,0.916,0.0,0.0,0.0,0.0,gcb,gcb,owid,0.0,1.0,0.0,False,False,False
Togo,TGO,1999,4665757.0,1.85,0.397,0.56,43.448,1.235,0.0,0.0,0.0,0.0,gcb,gcb,owid,0.0,1.0,0.0,False,False,False
Togo,TGO,2000,4783721.0,1.331,0.278,-0.519,-28.051,1.011,0.0,0.0,0.0,0.0,gcb,gcb,owid,0.0,1.0,0.0,False,False,False
Togo,TGO,2001,4904135.0,1.159,0.236,-0.172,-12.953,0.762,0.0,0.0,0.0,0.0,gcb,gcb,owid,0.0,1.0,0.0,False,False,False
Togo,TGO,2002,5027128.0,1.322,0.263,0.164,14.113,0.832,0.0,0.0,0.0,0.0,gcb,gcb,owid,0.0,1.0,0.0,False,False,False
Togo,TGO,2003,5154113.0,1.805,0.35,0.482,36.467,1.063,0.0,0.0,0.0,0.0,gcb,gcb,owid,0.0,1.0,0.0,False,False,False
Togo,TGO,2004,5281320.0,1.744,0.33,-0.061,-3.369,0.997,0.0,0.0,0.0,0.0,gcb,gcb,owid,0.0,1.0,0.0,False,False,False
Togo,TGO,2005,5413151.0,1.722,0.318,-0.022,-1.281,0.938,0.0,0.0,0.0,0.0,gcb,gcb,owid,0.0,1.0,0.0,False,False,False
Togo,TGO,2006,5569659.0,1.501,0.269,-0.221,-12.842,0.821,0.0,0.0,0.0,0.0,gcb,gcb,owid,0.0,1.0,0.0,False,False,False
Togo,TGO,2007,5748437.0,1.517,0.264,0.016,1.083,0.912,0.0,0.0,0.0,0.0,gcb,gcb,owid,0.0,1.0,0.0,False,False,False
Togo,TGO,2008,5936140.0,1.523,0.257,0.006,0.397,1.052,0.0,0.0,0.0,0.0,gcb,gcb,owid,0.0,1.0,0.0,False,False,False
Togo,TGO,2009,6130944.0,2.536,0.414,1.013,66.515,1.99,0.0,0.0,0.0,0.0,gcb,gcb,owid,0.0,1.0,0.0,False,False,False
Togo,TGO,2010,6325791.0,2.596,0.41,0.06,2.368,2.045,0.0,0.0,0.0,0.0,gcb,gcb,owid,0.0,1.0,0.0,False,False,False
Togo,TGO,2011,6500577.0,2.504,0.385,-0.092,-3.536,1.865,0.0,0.015,0.0,0.015,gcb,owid,owid,0.0,0.9920212765957447,0.007978723404255319,False,False,False
Togo,TGO,2012,6653719.0,2.216,0.333,-0.288,-11.514,1.576,0.0,0.033,0.0,0.033,gcb,owid,owid,0.0,0.9794903666873835,0.020509633312616533,False,False,False
Togo,TGO,2013,6798851.0,1.635,0.241,-0.58,-26.196,1.129,0.0,0.033,0.0,0.033,gcb,owid,owid,0.0,0.9716006884681584,0.028399311531841654,False,False,False
Togo,TGO,2014,6937647.0,1.491,0.215,-0.145,-8.844,1.055,0.0,0.0,0.0,0.0,gcb,owid,owid,0.0,1.0,0.0,False,False,False
Togo,TGO,2015,7071500.0,1.798,0.254,0.308,20.647,0.936,0.0,0.048,0.0,0.048,gcb,owid,owid,0.0,0.9512195121951219,0.048780487804878044,False,False,False
Togo,TGO,2016,7200883.0,2.293,0.318,0.494,27.485,1.466,0.0,0.007,0.0,0.007,gcb,owid,owid,0.0,0.9952477936184658,0.004752206381534284,False,False,False
Togo,TGO,2017,7324379.0,1.912,0.261,-0.381,-16.603,1.075,0.0,0.073,0.0,0.073,gcb,owid,owid,0.0,0.936411149825784,0.06358885017421603,False,False,False
Togo,TGO,2018,7458205.0,2.034,0.273,0.122,6.373,1.359,0.0,0.055,0.0,0.055,gcb,owid,owid,0.0,0.9611032531824611,0.0388967468175389,False,False,False
Togo,TGO,2019,7619916.0,2.364,0.31,0.33,16.219,1.319,0.0,0.125,0.0,0.125,gcb,owid,owid,0.0,0.9134349030470914,0.0865650969529086,False,False,False
Togo,TGO,2020,7788058.0,2.751,0.353,0.388,16.397,1.748,0.0,0.139,0.0,0.139,gcb,owid,owid,0.0,0.926338102808691,0.07366189719130896,False,False,False
Togo,TGO,2021,7936185.0,2.62,0.33,-0.131,-4.765,1.414,0.0,0.286,0.0,0.286,gcb,owid,owid,0.0,0.831764705882353,0.16823529411764704,False,False,False
Tonga,TON,1992,100045.0,0.073,0.732,-0.015,-16.667,0.073,0.0,0.0,0.0,0.0,gcb,gcb,owid,0.0,1.0,0.0,False,False,False
Tonga,TON,1993,100120.0,0.084,0.842,0.011,15.0,0.084,0.0,0.0,0.0,0.0,gcb,gcb,owid,0.0,1.0,0.0,False,False,False
Tonga,TON,1994,100187.0,0.088,0.878,0.004,4.348,0.088,0.0,0.0,0.0,0.0,gcb,gcb,owid,0.0,1.0,0.0,False,False,False
Tonga,TON,1995,100240.0,0.095,0.95,0.007,8.333,0.095,0.0,0.0,0.0,0.0,gcb,gcb,owid,0.0,1.0,0.0,False,False,False
Tonga,TON,1996,100294.0,0.077,0.767,-0.018,-19.231,0.077,0.0,0.0,0.0,0.0,gcb,gcb,owid,0.0,1.0,0.0,False,False,False
Tonga,TON,1997,100691.0,0.095,0.946,0.018,23.81,0.095,0.0,0.0,0.0,0.0,gcb,gcb,owid,0.0,1.0,0.0,False,False,False
Tonga,TON,1998,101406.0,0.092,0.903,-0.004,-3.846,0.092,0.0,0.0,0.0,0.0,gcb,gcb,owid,0.0,1.0,0.0,False,False,False
Tonga,TON,1999,102058.0,0.11,1.077,0.018,20.0,0.11,0.0,0.0,0.0,0.0,gcb,gcb,owid,0.0,1.0,0.0,False,False,False
Tonga,TON,2000,102695.0,0.099,0.963,-0.011,-10.0,0.099,0.0,0.0,0.0,0.0,gcb,gcb,owid,0.0,1.0,0.0,False,False,False
Tonga,TON,2001,103305.0,0.092,0.887,-0.007,-7.407,0.092,0.0,0.0,0.0,0.0,gcb,gcb,owid,0.0,1.0,0.0,False,False,False
Tonga,TON,2002,103888.0,0.095,0.917,0.004,4.0,0.095,0.0,0.0,0.0,0.0,gcb,gcb,owid,0.0,1.0,0.0,False,False,False
Tonga,TON,2003,104481.0,0.117,1.122,0.022,23.077,0.117,0.0,0.0,0.0,0.0,gcb,gcb,owid,0.0,1.0,0.0,False,False,False
Tonga,TON,2004,105088.0,0.114,1.081,-0.004,-3.125,0.114,0.0,0.0,0.0,0.0,gcb,gcb,owid,0.0,1.0,0.0,False,False,False
Tonga,TON,2005,105684.0,0.114,1.075,0.0,0.0,0.114,0.0,0.0,0.0,0.0,gcb,gcb,owid,0.0,1.0,0.0,False,False,False
Tonga,TON,2006,106266.0,0.128,1.207,0.015,12.903,0.128,0.0,0.0,0.0,0.0,gcb,gcb,owid,0.0,1.0,0.0,False,False,False
Tonga,TON,2007,106744.0,0.114,1.064,-0.015,-11.429,0.114,0.0,0.0,0.0,0.0,gcb,gcb,owid,0.0,1.0,0.0,False,False,False
Tonga,TON,2008,107036.0,0.106,0.993,-0.007,-6.452,0.106,0.0,0.0,0.0,0.0,gcb,gcb,owid,0.0,1.0,0.0,False,False,False
Tonga,TON,2009,107219.0,0.121,1.128,0.015,13.793,0.121,0.0,0.0,0.0,0.0,gcb,gcb,owid,0.0,1.0,0.0,False,False,False
Tonga,TON,2010,107415.0,0.117,1.092,-0.004,-3.03,0.117,0.0,0.0,0.0,0.0,gcb,gcb,owid,0.0,1.0,0.0,False,False,False
Tonga,TON,2011,107584.0,0.106,0.988,-0.011,-9.375,0.106,0.0,0.0,0.0,0.0,gcb,gcb,owid,0.0,1.0,0.0,False,False,False
Tonga,TON,2012,107476.0,0.106,0.989,0.0,0.0,0.106,0.0,0.0,0.0,0.0,gcb,gcb,owid,0.0,1.0,0.0,False,False,False
Tonga,TON,2013,107093.0,0.11,1.026,0.004,3.448,0.11,0.0,0.0,0.0,0.0,gcb,gcb,owid,0.0,1.0,0.0,False,False,False
Tonga,TON,2014,106627.0,0.106,0.997,-0.004,-3.333,0.106,0.0,0.0,0.0,0.0,gcb,gcb,owid,0.0,1.0,0.0,False,False,False
Tonga,TON,2015,106110.0,0.106,1.001,0.0,0.0,0.106,0.0,0.0,0.0,0.0,gcb,gcb,owid,0.0,1.0,0.0,False,False,False
Tonga,TON,2016,105536.0,0.139,1.319,0.033,31.034,0.139,0.0,0.0,0.0,0.0,gcb,gcb,owid,0.0,1.0,0.0,False,False,False
Tonga,TON,2017,105373.0,0.143,1.356,0.004,2.632,0.143,0.0,0.0,0.0,0.0,gcb,gcb,owid,0.0,1.0,0.0,False,False,False
Tonga,TON,2018,105590.0,0.132,1.249,-0.011,-7.692,0.132,0.0,0.0,0.0,0.0,gcb,gcb,owid,0.0,1.0,0.0,False,False,False
Tonga,TON,2019,105688.0,0.161,1.525,0.029,22.222,0.161,0.0,0.0,0.0,0.0,gcb,gcb,owid,0.0,1.0,0.0,False,False,False
Tonga,TON,2020,105721.0,0.139,1.317,-0.022,-13.636,0.139,0.0,0.0,0.0,0.0,gcb,gcb,owid,0.0,1.0,0.0,False,False,False
Tonga,TON,2021,105504.0,0.139,1.32,0.0,0.0,0.139,0.0,0.0,0.0,0.0,gcb,gcb,owid,0.0,1.0,0.0,False,False,False
Trinidad and Tobago,TTO,1992,1271681.0,19.098,15.018,2.134,12.579,4.855,0.0,11.109,0.0,11.109,gcb,owid,owid,0.0,0.3041217739914808,0.6958782260085191,False,True,False
Trinidad and Tobago,TTO,1993,1280474.0,17.405,13.593,-1.693,-8.864,3.609,0.0,11.018,0.0,11.018,gcb,owid,owid,0.0,0.24673548916387503,0.753264510836125,False,True,False
Trinidad and Tobago,TTO,1994,1288353.0,15.342,11.908,-2.063,-11.855,2.909,0.0,11.697,0.0,11.697,gcb,owid,owid,0.0,0.19916472682459266,0.8008352731754074,False,True,False
Trinidad and Tobago,TTO,1995,1295167.0,14.725,11.369,-0.617,-4.024,2.755,0.0,11.516,0.0,11.516,gcb,owid,owid,0.0,0.19304884030551467,0.8069511596944853,False,True,False
Trinidad and Tobago,TTO,1996,1300937.0,18.449,14.181,3.724,25.291,4.551,0.0,13.198,0.0,13.198,gcb,owid,owid,0.0,0.256408811764043,0.7435911882359569,False,True,False
Trinidad and Tobago,TTO,1997,1305838.0,18.9,14.473,0.451,2.446,4.514,0.0,13.81,0.0,13.81,gcb,owid,owid,0.0,0.2463435931019428,0.7536564068980571,False,True,False
Trinidad and Tobago,TTO,1998,1310226.0,19.892,15.182,0.992,5.25,3.232,0.0,16.224,0.0,16.224,gcb,owid,owid,0.0,0.16611842105263158,0.8338815789473685,False,True,False
Trinidad and Tobago,TTO,1999,1314711.0,22.58,17.175,2.688,13.513,3.902,0.0,18.269,0.0,18.269,gcb,owid,owid,0.0,0.17599567001939473,0.8240043299806052,False,True,False
Trinidad and Tobago,TTO,2000,1319781.0,24.35,18.45,1.77,7.837,4.272,0.0,19.602,0.0,19.602,gcb,owid,owid,0.0,0.17893943201809498,0.821060567981905,False,True,False
Trinidad and Tobago,TTO,2001,1325573.0,26.74,20.172,2.39,9.814,3.727,0.0,22.548,0.0,22.548,gcb,owid,owid,0.0,0.14184586108468125,0.8581541389153188,False,True,False
Trinidad and Tobago,TTO,2002,1332017.0,28.683,21.533,1.943,7.266,3.613,0.0,24.666,0.0,24.666,gcb,owid,owid,0.0,0.12776265073022383,0.8722373492697761,False,True,False
Trinidad and Tobago,TTO,2003,1338718.0,32.37,24.18,3.687,12.856,4.477,0.0,27.454,0.0,27.454,gcb,owid,owid,0.0,0.14020857473928158,0.8597914252607184,False,True,False
Trinidad and Tobago,TTO,2004,1345386.0,32.688,24.297,0.318,0.984,2.568,0.0,29.69,0.0,29.69,gcb,owid,owid,0.0,0.07960815921631843,0.9203918407836815,False,True,False
Trinidad and Tobago,TTO,2005,1352040.0,38.205,28.257,5.517,16.876,4.019,0.0,33.643,0.0,33.643,gcb,owid,owid,0.0,0.10671233604163348,0.8932876639583666,False,True,False
Trinidad and Tobago,TTO,2006,1358706.0,42.708,31.433,4.503,11.786,4.001,0.0,38.054,0.0,38.054,gcb,owid,owid,0.0,0.09513732017596006,0.90486267982404,False,True,False
Trinidad and Tobago,TTO,2007,1365381.0,45.564,33.371,2.856,6.687,4.965,0.0,39.908,0.0,39.908,gcb,owid,owid,0.0,0.11064559980389096,0.889354400196109,False,True,False
Trinidad and Tobago,TTO,2008,1372090.0,44.443,32.39,-1.121,-2.461,5.016,0.0,38.699,0.0,38.699,gcb,owid,owid,0.0,0.11474322314994854,0.8852567768500516,False,True,False
Trinidad and Tobago,TTO,2009,1379056.0,44.417,32.209,-0.025,-0.056,4.788,0.0,39.085,0.0,39.085,gcb,owid,owid,0.0,0.1091331798600506,0.8908668201399493,False,True,False
Trinidad and Tobago,TTO,2010,1386657.0,47.092,33.961,2.675,6.022,4.639,0.0,42.008,0.0,42.008,gcb,owid,owid,0.0,0.09944905352970179,0.9005509464702981,False,True,False
Trinidad and Tobago,TTO,2011,1394990.0,47.043,33.723,-0.049,-0.104,4.906,0.0,41.448,0.0,41.448,gcb,owid,owid,0.0,0.10583768391077361,0.8941623160892264,False,True,False
Trinidad and Tobago,TTO,2012,1403814.0,46.159,32.881,-0.884,-1.88,4.723,0.0,40.579,0.0,40.579,gcb,owid,owid,0.0,0.10425588274248378,0.8957441172575162,False,True,False
Trinidad and Tobago,TTO,2013,1412658.0,45.799,32.421,-0.36,-0.779,3.855,0.0,41.07,0.0,41.07,gcb,owid,owid,0.0,0.08580968280467446,0.9141903171953256,False,True,False
Trinidad and Tobago,TTO,2014,1421135.0,46.866,32.978,1.067,2.329,4.76,0.0,41.301,0.0,41.301,gcb,owid,owid,0.0,0.10334122142376413,0.8966587785762359,False,True,False
Trinidad and Tobago,TTO,2015,1429190.0,45.534,31.86,-1.332,-2.842,5.133,0.0,39.663,0.0,39.663,gcb,owid,owid,0.0,0.1145861237610501,0.8854138762389498,False,True,False
Trinidad and Tobago,TTO,2016,1437031.0,39.867,27.743,-5.666,-12.444,4.056,0.0,35.201,0.0,35.201,gcb,owid,owid,0.0,0.10331915327202792,0.8966808467279721,False,True,False
Trinidad and Tobago,TTO,2017,1445265.0,40.297,27.882,0.43,1.077,5.108,0.0,34.58,0.0,34.58,gcb,owid,owid,0.0,0.12870389034468857,0.8712961096553115,False,True,False
Trinidad and Tobago,TTO,2018,1470522.0,40.307,27.41,0.01,0.026,3.931,0.0,35.775,0.0,35.775,gcb,owid,owid,0.0,0.09900266962171965,0.9009973303782804,False,True,False
Trinidad and Tobago,TTO,2019,1484898.0,40.755,27.446,0.447,1.109,3.748,0.0,36.416,0.0,36.416,gcb,owid,owid,0.0,0.09331739866547159,0.9066826013345285,False,True,False
Trinidad and Tobago,TTO,2020,1481026.0,35.043,23.661,-5.711,-14.014,3.44,0.0,31.001,0.0,31.001,gcb,owid,owid,0.0,0.09988095583751923,0.9001190441624808,False,True,False
Trinidad and Tobago,TTO,2021,1487715.0,36.389,24.46,1.346,3.84,3.144,0.0,32.709,0.0,32.709,gcb,owid,owid,0.0,0.0876914065768555,0.9123085934231445,False,True,False
Tunisia,TUN,1992,8682509.0,15.843,1.825,-0.912,-5.442,10.149,0.278,2.583,0.278,2.583,owid,owid,owid,0.021368178324365876,0.7800922367409684,0.19853958493466567,False,False,False
Tunisia,TUN,1993,8857916.0,17.18,1.939,1.336,8.435,11.385,0.289,2.487,0.289,2.487,owid,owid,owid,0.02040816326530612,0.8039686462820422,0.17562319045265165,False,False,False
Tunisia,TUN,1994,9018447.0,16.761,1.858,-0.419,-2.441,9.639,0.264,3.427,0.264,3.427,owid,owid,owid,0.019804951237809457,0.7231057764441111,0.25708927231807954,False,False,False
Tunisia,TUN,1995,9161263.0,16.623,1.815,-0.137,-0.82,9.321,0.238,3.752,0.238,3.752,owid,owid,owid,0.017879948914431672,0.7002479152580572,0.2818721358275111,False,False,False
Tunisia,TUN,1996,9294433.0,17.211,1.852,0.588,3.537,9.639,0.238,3.991,0.238,3.991,owid,owid,owid,0.017161811364291898,0.6950533602538218,0.2877848283818864,False,False,False
Tunisia,TUN,1997,9421273.0,17.81,1.89,0.599,3.478,9.999,0.26,4.298,0.26,4.298,owid,owid,owid,0.01786082297176616,0.6868860342103456,0.2952531428178883,False,False,False
Tunisia,TUN,1998,9541669.0,18.292,1.917,0.483,2.709,9.983,0.209,4.808,0.209,4.808,owid,owid,owid,0.013933333333333332,0.6655333333333334,0.32053333333333334,False,False,False
Tunisia,TUN,1999,9655966.0,18.709,1.938,0.417,2.28,10.303,0.297,5.027,0.297,5.027,owid,owid,owid,0.019005567287387212,0.6593076086260958,0.3216868240865169,False,False,False
Tunisia,TUN,2000,9764940.0,19.436,1.99,0.727,3.885,10.562,0.279,5.336,0.279,5.336,owid,owid,owid,0.01724670828954689,0.6529022686530259,0.32985102305742725,False,False,False
Tunisia,TUN,2001,9869679.0,20.261,2.053,0.825,4.242,10.849,0.256,5.914,0.256,5.914,owid,owid,owid,0.015042011869087492,0.6374640108114461,0.3474939773194665,False,False,False
Tunisia,TUN,2002,9971521.0,20.38,2.044,0.119,0.59,10.981,0.216,5.914,0.216,5.914,owid,owid,owid,0.012623458593886975,0.6417509204605226,0.3456256209455906,False,False,False
Tunisia,TUN,2003,10071638.0,21.042,2.089,0.661,3.246,11.267,0.062,6.243,0.062,6.243,owid,owid,owid,0.0035283405417709996,0.6411905303892557,0.3552811290689734,False,False,False
Tunisia,TUN,2004,10166170.0,22.144,2.178,1.103,5.24,11.659,0.0,6.515,0.0,6.515,gcb,owid,owid,0.0,0.6415208539672059,0.35847914603279407,False,False,False
Tunisia,TUN,2005,10255474.0,22.516,2.196,0.372,1.679,11.831,0.0,6.709,0.0,6.709,gcb,owid,owid,0.0,0.6381337648327939,0.36186623516720606,False,False,False
Tunisia,TUN,2006,10346408.0,22.915,2.215,0.399,1.772,11.836,0.0,6.895,0.0,6.895,gcb,owid,owid,0.0,0.631893652234264,0.36810634776573586,False,False,False
Tunisia,TUN,2007,10441705.0,24.725,2.368,1.81,7.9,12.225,0.0,8.051,0.0,8.051,gcb,owid,owid,0.0,0.602929571907674,0.3970704280923259,False,False,False
Tunisia,TUN,2008,10542637.0,25.453,2.414,0.728,2.944,11.97,0.0,8.764,0.0,8.764,gcb,owid,owid,0.0,0.5773126266036461,0.42268737339635376,False,False,False
Tunisia,TUN,2009,10650682.0,25.353,2.38,-0.1,-0.392,11.554,0.0,9.121,0.0,9.121,gcb,owid,owid,0.0,0.5588391777509069,0.4411608222490931,False,False,False
Tunisia,TUN,2010,10765984.0,27.9,2.591,2.546,10.043,11.498,0.055,11.637,0.055,11.637,owid,owid,owid,0.002371711944803795,0.4958171625700733,0.501811125485123,False,False,False
Tunisia,TUN,2011,10886041.0,26.429,2.428,-1.47,-5.271,10.768,0.04,11.267,0.04,11.267,owid,owid,owid,0.001812004530011325,0.48779161947904875,0.51039637599094,False,False,False
Tunisia,TUN,2012,11009649.0,28.194,2.561,1.765,6.678,10.823,0.0,12.157,0.0,12.157,owid,owid,owid,0.0,0.4709747606614447,0.5290252393385553,False,False,False
Tunisia,TUN,2013,11141365.0,28.773,2.583,0.579,2.054,11.386,0.0,12.123,0.0,12.123,gcb,owid,owid,0.0,0.4843251520694202,0.5156748479305797,False,False,False
Tunisia,TUN,2014,11274295.0,29.875,2.65,1.101,3.828,11.852,0.0,12.057,0.0,12.057,gcb,owid,owid,0.0,0.49571291145593716,0.5042870885440629,False,False,False
Tunisia,TUN,2015,11402270.0,31.381,2.752,1.506,5.041,14.004,0.0,11.571,0.0,11.571,gcb,owid,owid,0.0,0.5475659824046921,0.45243401759530794,False,False,False
Tunisia,TUN,2016,11528676.0,30.971,2.686,-0.409,-1.304,13.679,0.0,11.935,0.0,11.935,gcb,owid,owid,0.0,0.5340438822518935,0.4659561177481065,False,False,False
Tunisia,TUN,2017,11650504.0,31.677,2.719,0.705,2.278,14.314,0.0,12.438,0.0,12.438,gcb,owid,owid,0.0,0.5350627990430622,0.4649372009569378,False,False,False
Tunisia,TUN,2018,11765515.0,31.122,2.645,-0.555,-1.753,13.74,0.0,12.582,0.0,12.582,gcb,owid,owid,0.0,0.5219968087531343,0.47800319124686574,False,False,False
Tunisia,TUN,2019,11875084.0,30.579,2.575,-0.543,-1.745,13.066,0.0,12.644,0.0,12.644,gcb,owid,owid,0.0,0.5082069233761183,0.4917930766238817,False,False,False
Tunisia,TUN,2020,11974058.0,28.845,2.409,-1.734,-5.67,12.463,0.0,12.057,0.0,12.057,gcb,owid,owid,0.0,0.5082789559543229,0.491721044045677,False,False,False
Tunisia,TUN,2021,12048625.0,31.527,2.617,2.682,9.298,13.506,0.0,12.927,0.0,12.927,gcb,owid,owid,0.0,0.5109522188173874,0.4890477811826126,False,False,False
Turkey,TUR,1992,57990121.0,167.234,2.884,6.108,3.791,64.451,75.2,11.234,75.2,11.234,owid,owid,owid,0.49839281572058186,0.42715312986711723,0.07445405441230075,False,False,False
Turkey,TUR,1993,58999164.0,174.291,2.954,7.057,4.22,74.234,70.693,12.483,70.693,12.483,owid,owid,owid,0.4491010736293755,0.4715964678228829,0.07930245854774157,False,False,False
Turkey,TUR,1994,60033832.0,170.592,2.842,-3.699,-2.122,71.561,68.715,12.768,68.715,12.768,owid,owid,owid,0.44898852617547896,0.4675844855074358,0.08342698831708528,False,False,False
Turkey,TUR,1995,61024501.0,184.675,3.026,14.082,8.255,79.154,71.239,15.957,71.239,15.957,owid,owid,owid,0.4282476705740908,0.47582807333934474,0.09592425608656448,False,False,False
Turkey,TUR,1996,61951134.0,203.098,3.278,18.423,9.976,83.31,82.834,18.352,82.834,18.352,owid,owid,owid,0.44897450351227125,0.4515545052467262,0.09947099124100252,False,False,False
Turkey,TUR,1997,62852968.0,215.512,3.429,12.414,6.112,83.012,90.689,22.32,90.689,22.32,owid,owid,owid,0.46264941001219256,0.4234852388264523,0.11386535116135517,False,False,False
Turkey,TUR,1998,63734385.0,215.586,3.383,0.074,0.034,78.611,94.199,23.216,94.199,23.216,owid,owid,owid,0.4805433973044392,0.40102333363941517,0.11843326905614561,False,False,False
Turkey,TUR,1999,64591916.0,211.238,3.27,-4.348,-2.017,79.991,84.441,28.197,84.441,28.197,owid,owid,owid,0.43836078679741886,0.4152593846201766,0.1463798285824045,False,False,False
Turkey,TUR,2000,65425957.0,232.934,3.56,21.696,10.271,83.478,98.746,31.52,98.746,31.52,owid,owid,owid,0.4619825585747436,0.39055131372108687,0.14746612770416948,False,False,False
Turkey,TUR,2001,66245125.0,216.872,3.274,-16.061,-6.895,79.198,84.738,34.08,84.738,34.08,owid,owid,owid,0.4279351163542341,0.3999575791855204,0.17210730446024566,False,False,False
Turkey,TUR,2002,67048792.0,224.32,3.346,7.447,3.434,81.248,87.46,36.118,87.46,36.118,owid,owid,owid,0.4269965727007313,0.396668391708084,0.17633503559118474,False,False,False
Turkey,TUR,2003,67831735.0,239.849,3.536,15.529,6.923,82.782,92.222,44.58,92.222,44.58,owid,owid,owid,0.41998506266394636,0.3769946808510638,0.20302025648498978,False,False,False
Turkey,TUR,2004,68592621.0,247.843,3.613,7.994,3.333,86.729,93.6,45.741,93.6,45.741,owid,owid,owid,0.4140310523289247,0.3836378112973858,0.20233113637368957,False,False,False
Turkey,TUR,2005,69329557.0,267.711,3.861,19.868,8.016,85.264,102.317,55.996,102.317,55.996,owid,owid,owid,0.42006018630658887,0.3500494710091675,0.2298903426842436,False,False,False
Turkey,TUR,2006,70045351.0,285.429,4.075,17.719,6.619,84.056,111.846,63.272,111.846,63.272,owid,owid,owid,0.43154791761519296,0.32432265582195746,0.2441294265628497,False,False,False
Turkey,TUR,2007,70750593.0,316.497,4.473,31.068,10.885,88.686,126.307,72.95,126.307,72.95,owid,owid,owid,0.43865278892002935,0.30799845802815146,0.2533487530518193,False,False,False
Turkey,TUR,2008,71562343.0,312.628,4.369,-3.869,-1.223,87.255,123.11,72.056,123.11,72.056,owid,owid,owid,0.4359095109782913,0.30895365429624566,0.25513683472546306,False,False,False
Turkey,TUR,2009,72464846.0,318.568,4.396,5.94,1.9,84.008,130.557,72.087,130.557,72.087,owid,owid,owid,0.455454697682207,0.29306615687314236,0.25147914544465066,False,False,False
Turkey,TUR,2010,73346766.0,318.71,4.345,0.142,0.045,81.342,129.887,72.076,129.887,72.076,owid,owid,owid,0.45847055293764677,0.2871181235770636,0.2544113234852897,False,False,False
Turkey,TUR,2011,74215203.0,344.215,4.638,25.504,8.002,84.966,135.545,86.095,135.545,86.095,owid,owid,owid,0.44208202057363516,0.2771178646210446,0.2808001148053202,False,False,False
Turkey,TUR,2012,75197196.0,358.645,4.769,14.43,4.192,90.715,141.931,87.321,141.931,87.321,owid,owid,owid,0.4435801191997925,0.2835136123412727,0.27290626845893484,False,False,False
Turkey,TUR,2013,76403032.0,350.634,4.589,-8.011,-2.234,95.672,125.758,87.21,125.758,87.21,owid,owid,owid,0.4074585277345775,0.30997926386728875,0.28256220839813373,False,False,False
Turkey,TUR,2014,78036154.0,367.272,4.706,16.638,4.745,100.357,130.662,93.898,130.662,93.898,owid,owid,owid,0.4021396233499632,0.30886964978748416,0.28899072686255256,False,False,False
Turkey,TUR,2015,80014222.0,387.704,4.845,20.432,5.563,109.354,139.511,97.265,139.511,97.265,owid,owid,owid,0.403059544101927,0.31593331985092304,0.28100713604714994,False,False,False
Turkey,TUR,2016,81652087.0,405.552,4.967,17.848,4.604,116.646,152.353,91.833,152.353,91.833,owid,owid,owid,0.42222696434906,0.323269554806669,0.254503480844271,False,False,False
Turkey,TUR,2017,83083667.0,430.622,5.183,25.069,6.182,119.63,158.754,104.5,158.754,104.5,owid,owid,owid,0.4146268843827373,0.31244450016192893,0.2729286154553337,False,False,False
Turkey,TUR,2018,84415966.0,423.818,5.021,-6.803,-1.58,116.761,163.517,95.751,163.517,95.751,owid,owid,owid,0.43485209917320206,0.3105106255102665,0.25463727531653146,False,False,False
Turkey,TUR,2019,85357670.0,406.568,4.763,-17.251,-4.07,115.728,166.01,84.189,166.01,84.189,owid,owid,owid,0.45366972100992814,0.3162598004520027,0.23007047853806903,False,False,False
Turkey,TUR,2020,86091691.0,416.328,4.836,9.76,2.401,115.652,159.424,92.305,159.424,92.305,owid,owid,owid,0.43394731899581085,0.31480125537248793,0.25125142563170116,False,False,False
Turkey,TUR,2021,86686254.0,457.377,5.276,41.049,9.86,122.541,166.276,115.661,166.276,115.661,owid,owid,owid,0.4110878712810091,0.30296085324788985,0.285951275471101,False,False,False
Turkmenistan,TKM,1992,3944689.0,31.994,8.111,1.555,5.108,17.34,1.59,12.617,1.59,12.617,owid,owid,owid,0.05040098900053888,0.549656068722858,0.3999429422766032,False,False,False
Turkmenistan,TKM,1993,4032415.0,27.516,6.824,-4.478,-13.996,8.789,0.359,17.922,0.359,17.922,owid,owid,owid,0.013261913557443664,0.3246767639453269,0.6620613224972294,False,False,False
Turkmenistan,TKM,1994,4116662.0,34.216,8.312,6.7,24.348,8.813,0.0,24.346,0.0,24.346,owid,owid,owid,0.0,0.2657800295545704,0.7342199704454296,False,False,False
Turkmenistan,TKM,1995,4191207.0,34.569,8.248,0.353,1.032,8.111,0.0,25.645,0.0,25.645,owid,owid,owid,0.0,0.24028320891100843,0.7597167910889916,False,False,False
Turkmenistan,TKM,1996,4263818.0,31.654,7.424,-2.915,-8.432,9.42,0.264,20.738,0.264,20.738,owid,owid,owid,0.008677930445072646,0.30964433633554667,0.6816777332193807,False,False,False
Turkmenistan,TKM,1997,4336732.0,31.196,7.193,-0.458,-1.447,9.209,0.0,21.166,0.0,21.166,owid,owid,owid,0.0,0.3031769547325103,0.6968230452674897,False,False,False
Turkmenistan,TKM,1998,4410511.0,33.446,7.583,2.249,7.211,11.809,0.0,20.035,0.0,20.035,owid,owid,owid,0.0,0.3708390905665117,0.6291609094334882,False,False,False
Turkmenistan,TKM,1999,4492174.0,39.797,8.859,6.351,18.99,12.906,0.0,24.518,0.0,24.518,owid,owid,owid,0.0,0.3448589140658401,0.6551410859341599,False,False,False
Turkmenistan,TKM,2000,4582675.0,39.361,8.589,-0.435,-1.094,12.337,0.0,24.948,0.0,24.948,owid,owid,owid,0.0,0.3308837334048545,0.6691162665951456,False,False,False
Turkmenistan,TKM,2001,4675416.0,34.034,7.279,-5.327,-13.534,11.611,0.0,20.372,0.0,20.372,owid,owid,owid,0.0,0.3630366132007629,0.636963386799237,False,False,False
Turkmenistan,TKM,2002,4769473.0,30.131,6.317,-3.903,-11.469,13.124,0.0,14.52,0.0,14.52,owid,owid,owid,0.0,0.47475039791636525,0.5252496020836348,False,False,False
Turkmenistan,TKM,2003,4863871.0,40.568,8.341,10.437,34.638,14.836,0.0,22.552,0.0,22.552,owid,owid,owid,0.0,0.3968118112763454,0.6031881887236547,False,False,False
Turkmenistan,TKM,2004,4958091.0,49.355,9.954,8.788,21.662,15.345,0.0,30.884,0.0,30.884,owid,owid,owid,0.0,0.3319344999891843,0.6680655000108158,False,False,False
Turkmenistan,TKM,2005,5052260.0,47.929,9.487,-1.426,-2.89,15.359,0.0,29.821,0.0,29.821,owid,owid,owid,0.0,0.3399513058875609,0.6600486941124392,False,False,False
Turkmenistan,TKM,2006,5147103.0,49.5,9.617,1.571,3.278,14.997,0.0,31.518,0.0,31.518,owid,owid,owid,0.0,0.3224121251209287,0.6775878748790712,False,False,False
Turkmenistan,TKM,2007,5244047.0,49.183,9.379,-0.317,-0.64,15.679,0.0,30.718,0.0,30.718,owid,owid,owid,0.0,0.33793133176714013,0.6620686682328599,False,False,False
Turkmenistan,TKM,2008,5345033.0,59.438,11.12,10.255,20.852,16.202,0.0,40.073,0.0,40.073,owid,owid,owid,0.0,0.2879075966237228,0.7120924033762771,False,False,False
Turkmenistan,TKM,2009,5451597.0,52.462,9.623,-6.976,-11.737,15.253,0.0,34.497,0.0,34.497,owid,owid,owid,0.0,0.30659296482412063,0.6934070351758794,False,False,False
Turkmenistan,TKM,2010,5564356.0,59.184,10.636,6.722,12.812,16.986,0.0,39.685,0.0,39.685,owid,owid,owid,0.0,0.29973002064548004,0.70026997935452,False,False,False
Turkmenistan,TKM,2011,5683413.0,65.155,11.464,5.971,10.089,17.752,0.0,43.327,0.0,43.327,owid,owid,owid,0.0,0.29063999083154607,0.709360009168454,False,False,False
Turkmenistan,TKM,2012,5808548.0,66.939,11.524,1.784,2.737,18.576,0.0,42.865,0.0,42.865,owid,owid,owid,0.0,0.30233882912061977,0.6976611708793802,False,False,False
Turkmenistan,TKM,2013,5939348.0,64.34,10.833,-2.599,-3.883,19.093,0.0,40.0,0.0,40.0,owid,owid,owid,0.0,0.3231008748921192,0.6768991251078808,False,False,False
Turkmenistan,TKM,2014,6075286.0,62.799,10.337,-1.54,-2.394,19.98,0.0,37.97,0.0,37.97,owid,owid,owid,0.0,0.3447799827437446,0.6552200172562553,False,False,False
Turkmenistan,TKM,2015,6215773.0,63.092,10.15,0.292,0.466,18.881,0.0,39.487,0.0,39.487,owid,owid,owid,0.0,0.32348204495614036,0.6765179550438597,False,False,False
Turkmenistan,TKM,2016,6360041.0,62.091,9.763,-1.001,-1.586,17.971,0.0,39.485,0.0,39.485,owid,owid,owid,0.0,0.3127784739626845,0.6872215260373155,False,False,False
Turkmenistan,TKM,2017,6507065.0,62.957,9.675,0.866,1.394,18.965,0.0,39.487,0.0,39.487,owid,owid,owid,0.0,0.32445425306234177,0.6755457469376583,False,False,False
Turkmenistan,TKM,2018,6655523.0,61.302,9.211,-1.655,-2.629,17.983,0.0,39.487,0.0,39.487,owid,owid,owid,0.0,0.312911084043849,0.6870889159561511,False,False,False
Turkmenistan,TKM,2019,6803943.0,62.254,9.15,0.953,1.554,17.668,0.0,41.143,0.0,41.143,owid,owid,owid,0.0,0.3004199894577545,0.6995800105422455,False,False,False
Turkmenistan,TKM,2020,6949915.0,62.905,9.051,0.651,1.045,16.232,0.0,42.814,0.0,42.814,owid,owid,owid,0.0,0.27490431189242287,0.7250956881075772,False,False,False
Turkmenistan,TKM,2021,7092042.0,91.694,12.929,28.789,45.765,16.462,0.0,72.269,0.0,72.269,owid,owid,owid,0.0,0.1855270424090791,0.8144729575909209,False,False,False
Turks and Caicos Islands,TCA,1992,12992.0,0.062,4.794,0.0,0.0,0.062,0.0,0.0,0.0,0.0,gcb,gcb,owid,0.0,1.0,0.0,True,False,False
Turks and Caicos Islands,TCA,1993,13670.0,0.066,4.825,0.004,5.882,0.066,0.0,0.0,0.0,0.0,gcb,gcb,owid,0.0,1.0,0.0,True,False,False
Turks and Caicos Islands,TCA,1994,14368.0,0.07,4.845,0.004,5.556,0.07,0.0,0.0,0.0,0.0,gcb,gcb,owid,0.0,1.0,0.0,True,False,False
Turks and Caicos Islands,TCA,1995,15074.0,0.073,4.861,0.004,5.263,0.073,0.0,0.0,0.0,0.0,gcb,gcb,owid,0.0,1.0,0.0,True,False,False
Turks and Caicos Islands,TCA,1996,15786.0,0.073,4.642,0.0,0.0,0.073,0.0,0.0,0.0,0.0,gcb,gcb,owid,0.0,1.0,0.0,True,False,False
Turks and Caicos Islands,TCA,1997,16505.0,0.084,5.106,0.011,15.0,0.084,0.0,0.0,0.0,0.0,gcb,gcb,owid,0.0,1.0,0.0,True,False,False
Turks and Caicos Islands,TCA,1998,17236.0,0.088,5.102,0.004,4.348,0.088,0.0,0.0,0.0,0.0,gcb,gcb,owid,0.0,1.0,0.0,True,False,False
Turks and Caicos Islands,TCA,1999,17981.0,0.099,5.502,0.011,12.5,0.099,0.0,0.0,0.0,0.0,gcb,gcb,owid,0.0,1.0,0.0,True,False,False
Turks and Caicos Islands,TCA,2000,18754.0,0.106,5.666,0.007,7.407,0.106,0.0,0.0,0.0,0.0,gcb,gcb,owid,0.0,1.0,0.0,True,False,False
Turks and Caicos Islands,TCA,2001,19603.0,0.114,5.794,0.007,6.897,0.114,0.0,0.0,0.0,0.0,gcb,gcb,owid,0.0,1.0,0.0,True,False,False
Turks and Caicos Islands,TCA,2002,20619.0,0.15,7.286,0.037,32.258,0.15,0.0,0.0,0.0,0.0,gcb,gcb,owid,0.0,1.0,0.0,True,False,False
Turks and Caicos Islands,TCA,2003,21749.0,0.154,7.076,0.004,2.439,0.154,0.0,0.0,0.0,0.0,gcb,gcb,owid,0.0,1.0,0.0,True,False,False
Turks and Caicos Islands,TCA,2004,22881.0,0.161,7.046,0.007,4.762,0.161,0.0,0.0,0.0,0.0,gcb,gcb,owid,0.0,1.0,0.0,True,False,False
Turks and Caicos Islands,TCA,2005,24011.0,0.187,7.782,0.026,15.909,0.187,0.0,0.0,0.0,0.0,gcb,gcb,owid,0.0,1.0,0.0,True,False,False
Turks and Caicos Islands,TCA,2006,25146.0,0.216,8.597,0.029,15.686,0.216,0.0,0.0,0.0,0.0,gcb,gcb,owid,0.0,1.0,0.0,True,False,False
Turks and Caicos Islands,TCA,2007,26290.0,0.253,9.616,0.037,16.949,0.253,0.0,0.0,0.0,0.0,gcb,gcb,owid,0.0,1.0,0.0,True,False,False
Turks and Caicos Islands,TCA,2008,27452.0,0.264,9.61,0.011,4.348,0.264,0.0,0.0,0.0,0.0,gcb,gcb,owid,0.0,1.0,0.0,True,False,False
Turks and Caicos Islands,TCA,2009,28610.0,0.275,9.605,0.011,4.167,0.275,0.0,0.0,0.0,0.0,gcb,gcb,owid,0.0,1.0,0.0,True,False,False
Turks and Caicos Islands,TCA,2010,29763.0,0.282,9.479,0.007,2.667,0.282,0.0,0.0,0.0,0.0,gcb,gcb,owid,0.0,1.0,0.0,True,False,False
Turks and Caicos Islands,TCA,2011,30870.0,0.282,9.139,0.0,0.0,0.282,0.0,0.0,0.0,0.0,gcb,gcb,owid,0.0,1.0,0.0,True,False,False
Turks and Caicos Islands,TCA,2012,32152.0,0.282,8.775,0.0,0.0,0.282,0.0,0.0,0.0,0.0,gcb,gcb,owid,0.0,1.0,0.0,True,False,False
Turks and Caicos Islands,TCA,2013,33675.0,0.286,8.487,0.004,1.299,0.286,0.0,0.0,0.0,0.0,gcb,gcb,owid,0.0,1.0,0.0,True,False,False
Turks and Caicos Islands,TCA,2014,35077.0,0.308,8.774,0.022,7.692,0.308,0.0,0.0,0.0,0.0,gcb,gcb,owid,0.0,1.0,0.0,True,False,False
Turks and Caicos Islands,TCA,2015,36632.0,0.315,8.602,0.007,2.381,0.315,0.0,0.0,0.0,0.0,gcb,gcb,owid,0.0,1.0,0.0,True,False,False
Turks and Caicos Islands,TCA,2016,38342.0,0.326,8.505,0.011,3.488,0.326,0.0,0.0,0.0,0.0,gcb,gcb,owid,0.0,1.0,0.0,True,False,False
Turks and Caicos Islands,TCA,2017,39931.0,0.352,8.809,0.026,7.865,0.352,0.0,0.0,0.0,0.0,gcb,gcb,owid,0.0,1.0,0.0,True,False,False
Turks and Caicos Islands,TCA,2018,41580.0,0.359,8.636,0.007,2.083,0.359,0.0,0.0,0.0,0.0,gcb,gcb,owid,0.0,1.0,0.0,True,False,False
Turks and Caicos Islands,TCA,2019,43191.0,0.363,8.398,0.004,1.02,0.363,0.0,0.0,0.0,0.0,gcb,gcb,owid,0.0,1.0,0.0,True,False,False
Turks and Caicos Islands,TCA,2020,44405.0,0.359,8.086,-0.004,-1.01,0.359,0.0,0.0,0.0,0.0,gcb,gcb,owid,0.0,1.0,0.0,True,False,False
Turks and Caicos Islands,TCA,2021,45262.0,0.366,8.095,0.007,2.041,0.366,0.0,0.0,0.0,0.0,gcb,gcb,owid,0.0,1.0,0.0,True,False,False
Tuvalu,TUV,1992,9060.0,0.004,0.404,0.0,0.0,0.004,0.0,0.0,0.0,0.0,gcb,gcb,owid,0.0,1.0,0.0,True,False,False
Tuvalu,TUV,1993,9146.0,0.007,0.801,0.004,100.0,0.007,0.0,0.0,0.0,0.0,gcb,gcb,owid,0.0,1.0,0.0,True,False,False
Tuvalu,TUV,1994,9231.0,0.004,0.397,-0.004,-50.0,0.004,0.0,0.0,0.0,0.0,gcb,gcb,owid,0.0,1.0,0.0,True,False,False
Tuvalu,TUV,1995,9299.0,0.004,0.394,0.0,0.0,0.004,0.0,0.0,0.0,0.0,gcb,gcb,owid,0.0,1.0,0.0,True,False,False
Tuvalu,TUV,1996,9363.0,0.004,0.391,0.0,0.0,0.004,0.0,0.0,0.0,0.0,gcb,gcb,owid,0.0,1.0,0.0,True,False,False
Tuvalu,TUV,1997,9425.0,0.007,0.778,0.004,100.0,0.007,0.0,0.0,0.0,0.0,gcb,gcb,owid,0.0,1.0,0.0,True,False,False
Tuvalu,TUV,1998,9469.0,0.007,0.774,0.0,0.0,0.007,0.0,0.0,0.0,0.0,gcb,gcb,owid,0.0,1.0,0.0,True,False,False
Tuvalu,TUV,1999,9518.0,0.007,0.77,0.0,0.0,0.007,0.0,0.0,0.0,0.0,gcb,gcb,owid,0.0,1.0,0.0,True,False,False
Tuvalu,TUV,2000,9566.0,0.007,0.766,0.0,0.0,0.007,0.0,0.0,0.0,0.0,gcb,gcb,owid,0.0,1.0,0.0,True,False,False
Tuvalu,TUV,2001,9608.0,0.007,0.763,0.0,0.0,0.007,0.0,0.0,0.0,0.0,gcb,gcb,owid,0.0,1.0,0.0,True,False,False
Tuvalu,TUV,2002,9645.0,0.011,1.14,0.004,50.0,0.011,0.0,0.0,0.0,0.0,gcb,gcb,owid,0.0,1.0,0.0,True,False,False
Tuvalu,TUV,2003,9715.0,0.011,1.131,0.0,0.0,0.011,0.0,0.0,0.0,0.0,gcb,gcb,owid,0.0,1.0,0.0,True,False,False
Tuvalu,TUV,2004,9839.0,0.011,1.117,0.0,0.0,0.011,0.0,0.0,0.0,0.0,gcb,gcb,owid,0.0,1.0,0.0,True,False,False
Tuvalu,TUV,2005,9964.0,0.011,1.103,0.0,0.0,0.011,0.0,0.0,0.0,0.0,gcb,gcb,owid,0.0,1.0,0.0,True,False,False
Tuvalu,TUV,2006,10078.0,0.011,1.091,0.0,0.0,0.011,0.0,0.0,0.0,0.0,gcb,gcb,owid,0.0,1.0,0.0,True,False,False
Tuvalu,TUV,2007,10204.0,0.011,1.077,0.0,0.0,0.011,0.0,0.0,0.0,0.0,gcb,gcb,owid,0.0,1.0,0.0,True,False,False
Tuvalu,TUV,2008,10344.0,0.007,0.708,-0.004,-33.333,0.007,0.0,0.0,0.0,0.0,gcb,gcb,owid,0.0,1.0,0.0,True,False,False
Tuvalu,TUV,2009,10479.0,0.011,1.049,0.004,50.0,0.011,0.0,0.0,0.0,0.0,gcb,gcb,owid,0.0,1.0,0.0,True,False,False
Tuvalu,TUV,2010,10635.0,0.011,1.034,0.0,0.0,0.011,0.0,0.0,0.0,0.0,gcb,gcb,owid,0.0,1.0,0.0,True,False,False
Tuvalu,TUV,2011,10804.0,0.011,1.017,0.0,0.0,0.011,0.0,0.0,0.0,0.0,gcb,gcb,owid,0.0,1.0,0.0,True,False,False
Tuvalu,TUV,2012,10960.0,0.011,1.003,0.0,0.0,0.011,0.0,0.0,0.0,0.0,gcb,gcb,owid,0.0,1.0,0.0,True,False,False
Tuvalu,TUV,2013,11028.0,0.007,0.664,-0.004,-33.333,0.007,0.0,0.0,0.0,0.0,gcb,gcb,owid,0.0,1.0,0.0,True,False,False
Tuvalu,TUV,2014,11007.0,0.007,0.666,0.0,0.0,0.007,0.0,0.0,0.0,0.0,gcb,gcb,owid,0.0,1.0,0.0,True,False,False
Tuvalu,TUV,2015,10985.0,0.007,0.667,0.0,0.0,0.007,0.0,0.0,0.0,0.0,gcb,gcb,owid,0.0,1.0,0.0,True,False,False
Tuvalu,TUV,2016,10951.0,0.007,0.669,0.0,0.0,0.007,0.0,0.0,0.0,0.0,gcb,gcb,owid,0.0,1.0,0.0,True,False,False
Tuvalu,TUV,2017,10892.0,0.007,0.673,0.0,0.0,0.007,0.0,0.0,0.0,0.0,gcb,gcb,owid,0.0,1.0,0.0,True,False,False
Tuvalu,TUV,2018,10775.0,0.011,1.02,0.004,50.0,0.011,0.0,0.0,0.0,0.0,gcb,gcb,owid,0.0,1.0,0.0,True,False,False
Tuvalu,TUV,2019,10603.0,0.011,1.037,0.0,0.0,0.011,0.0,0.0,0.0,0.0,gcb,gcb,owid,0.0,1.0,0.0,True,False,False
Tuvalu,TUV,2020,10423.0,0.011,1.055,0.0,0.0,0.011,0.0,0.0,0.0,0.0,gcb,gcb,owid,0.0,1.0,0.0,True,False,False
Tuvalu,TUV,2021,10214.0,0.011,1.076,0.0,0.0,0.011,0.0,0.0,0.0,0.0,gcb,gcb,owid,0.0,1.0,0.0,True,False,False
Uganda,UGA,1992,18785037.0,0.801,0.043,0.018,2.296,0.784,0.0,0.0,0.0,0.0,gcb,gcb,owid,0.0,1.0,0.0,False,False,False
Uganda,UGA,1993,19445161.0,0.797,0.041,-0.004,-0.499,0.78,0.0,0.0,0.0,0.0,gcb,gcb,owid,0.0,1.0,0.0,False,False,False
Uganda,UGA,1994,20108804.0,0.712,0.035,-0.086,-10.736,0.7,0.0,0.0,0.0,0.0,gcb,gcb,owid,0.0,1.0,0.0,False,False,False
Uganda,UGA,1995,20665673.0,0.925,0.045,0.214,30.013,0.898,0.0,0.0,0.0,0.0,gcb,gcb,owid,0.0,1.0,0.0,False,False,False
Uganda,UGA,1996,21231553.0,1.018,0.048,0.093,10.006,0.938,0.0,0.0,0.0,0.0,gcb,gcb,owid,0.0,1.0,0.0,False,False,False
Uganda,UGA,1997,21856044.0,1.062,0.049,0.044,4.307,0.971,0.0,0.0,0.0,0.0,gcb,gcb,owid,0.0,1.0,0.0,False,False,False
Uganda,UGA,1998,22515809.0,1.209,0.054,0.147,13.825,1.11,0.0,0.0,0.0,0.0,gcb,gcb,owid,0.0,1.0,0.0,False,False,False
Uganda,UGA,1999,23257279.0,1.255,0.054,0.046,3.803,1.15,0.0,0.0,0.0,0.0,gcb,gcb,owid,0.0,1.0,0.0,False,False,False
Uganda,UGA,2000,24000158.0,1.361,0.057,0.106,8.46,1.253,0.0,0.0,0.0,0.0,gcb,gcb,owid,0.0,1.0,0.0,False,False,False
Uganda,UGA,2001,24745678.0,1.417,0.057,0.056,4.131,1.293,0.0,0.0,0.0,0.0,gcb,gcb,owid,0.0,1.0,0.0,False,False,False
Uganda,UGA,2002,25532872.0,1.443,0.056,0.025,1.797,1.301,0.0,0.0,0.0,0.0,gcb,gcb,owid,0.0,1.0,0.0,False,False,False
Uganda,UGA,2003,26352124.0,1.513,0.057,0.07,4.866,1.374,0.0,0.0,0.0,0.0,gcb,gcb,owid,0.0,1.0,0.0,False,False,False
Uganda,UGA,2004,27154513.0,1.607,0.059,0.095,6.263,1.458,0.0,0.0,0.0,0.0,gcb,gcb,owid,0.0,1.0,0.0,False,False,False
Uganda,UGA,2005,27963287.0,2.018,0.072,0.41,25.534,1.854,0.0,0.0,0.0,0.0,owid,gcb,owid,0.0,1.0,0.0,False,False,False
Uganda,UGA,2006,28794005.0,2.387,0.083,0.369,18.291,2.224,0.0,0.0,0.0,0.0,owid,gcb,owid,0.0,1.0,0.0,False,False,False
Uganda,UGA,2007,29653437.0,2.706,0.091,0.319,13.375,2.561,0.0,0.0,0.0,0.0,owid,gcb,owid,0.0,1.0,0.0,False,False,False
Uganda,UGA,2008,30539547.0,2.78,0.091,0.073,2.708,2.594,0.0,0.0,0.0,0.0,owid,gcb,owid,0.0,1.0,0.0,False,False,False
Uganda,UGA,2009,31451147.0,2.996,0.095,0.217,7.79,2.796,0.0,0.0,0.0,0.0,owid,gcb,owid,0.0,1.0,0.0,False,False,False
Uganda,UGA,2010,32390801.0,3.57,0.11,0.573,19.141,3.246,0.0,0.0,0.0,0.0,owid,gcb,owid,0.0,1.0,0.0,False,False,False
Uganda,UGA,2011,33354541.0,3.828,0.115,0.258,7.231,3.433,0.0,0.0,0.0,0.0,owid,gcb,owid,0.0,1.0,0.0,False,False,False
Uganda,UGA,2012,34337436.0,3.627,0.106,-0.201,-5.245,3.199,0.0,0.0,0.0,0.0,owid,gcb,owid,0.0,1.0,0.0,False,False,False
Uganda,UGA,2013,35337050.0,3.755,0.106,0.128,3.516,3.397,0.0,0.0,0.0,0.0,owid,gcb,owid,0.0,1.0,0.0,False,False,False
Uganda,UGA,2014,36395542.0,4.09,0.112,0.335,8.926,3.697,0.0,0.0,0.0,0.0,owid,gcb,owid,0.0,1.0,0.0,False,False,False
Uganda,UGA,2015,37531444.0,4.529,0.121,0.439,10.732,4.18,0.0,0.0,0.0,0.0,owid,gcb,owid,0.0,1.0,0.0,False,False,False
Uganda,UGA,2016,38799153.0,4.817,0.124,0.289,6.379,4.444,0.0,0.0,0.0,0.0,owid,gcb,owid,0.0,1.0,0.0,False,False,False
Uganda,UGA,2017,40177384.0,5.406,0.135,0.589,12.222,5.031,0.0,0.0,0.0,0.0,owid,gcb,owid,0.0,1.0,0.0,False,False,False
Uganda,UGA,2018,41565839.0,5.549,0.133,0.142,2.635,5.166,0.0,0.0,0.0,0.0,owid,gcb,owid,0.0,1.0,0.0,False,False,False
Uganda,UGA,2019,42999636.0,5.761,0.134,0.213,3.831,5.302,0.0,0.0,0.0,0.0,owid,gcb,owid,0.0,1.0,0.0,False,False,False
Uganda,UGA,2020,44457148.0,5.571,0.125,-0.19,-3.295,5.012,0.0,0.0,0.0,0.0,owid,gcb,owid,0.0,1.0,0.0,False,False,False
Uganda,UGA,2021,45910931.0,6.232,0.136,0.661,11.863,5.544,0.0,0.0,0.0,0.0,owid,gcb,owid,0.0,1.0,0.0,False,False,False
Ukraine,UKR,1992,52323675.0,589.505,11.267,-43.689,-6.9,129.091,245.344,197.352,245.344,197.352,owid,owid,owid,0.429082857777459,0.22576763724953522,0.34514950497300567,False,False,False
Ukraine,UKR,1993,52350122.0,510.495,9.752,-79.01,-13.403,94.454,235.88,166.041,235.88,166.041,owid,owid,owid,0.47520523797532105,0.1902875849911861,0.3345071770334928,False,False,False
Ukraine,UKR,1994,52076000.0,419.63,8.058,-90.865,-17.799,77.552,185.817,144.444,185.817,144.444,owid,owid,owid,0.4556426597484632,0.19016559060157476,0.3541917496499621,False,False,False
Ukraine,UKR,1995,51665535.0,390.173,7.552,-29.457,-7.02,72.284,174.093,134.149,174.093,134.149,owid,owid,owid,0.45750618880181637,0.18995811061530618,0.35253570058287736,False,False,False
Ukraine,UKR,1996,51226111.0,351.834,6.868,-38.339,-9.826,60.753,146.215,137.963,146.215,137.963,owid,owid,owid,0.423896373477594,0.17613087834958294,0.3999727481728229,False,False,False
Ukraine,UKR,1997,50786881.0,340.586,6.706,-11.248,-3.197,49.44,154.305,129.79,154.305,129.79,owid,owid,owid,0.46263510576101463,0.1482303206560031,0.3891345735829823,False,False,False
Ukraine,UKR,1998,50379728.0,328.878,6.528,-11.708,-3.438,42.523,123.079,155.991,123.079,155.991,owid,owid,owid,0.38271666360897155,0.13222613676292705,0.4850571996281014,False,False,False
Ukraine,UKR,1999,49976445.0,298.636,5.976,-30.242,-9.196,37.496,123.714,130.423,123.714,130.423,owid,owid,owid,0.42421125181306635,0.12857255523208963,0.4472161929548439,False,False,False
Ukraine,UKR,2000,49556654.0,285.663,5.764,-12.972,-4.344,31.578,122.878,124.314,122.878,124.314,owid,owid,owid,0.44078631129605056,0.11327617749399146,0.44593751120995806,False,False,False
Ukraine,UKR,2001,49106854.0,303.876,6.188,18.213,6.376,33.959,131.831,130.417,131.831,130.417,owid,owid,owid,0.44506375608949145,0.11464617649144013,0.44029006741906845,False,False,False
Ukraine,UKR,2002,48677280.0,295.901,6.079,-7.975,-2.624,35.329,136.228,116.284,136.228,116.284,owid,owid,owid,0.47327517622576354,0.12273790043808908,0.4039869233361474,False,False,False
Ukraine,UKR,2003,48315133.0,307.245,6.359,11.344,3.834,37.207,132.444,128.304,132.444,128.304,owid,owid,owid,0.44451007702505413,0.12487456159487172,0.4306153613800742,False,False,False
Ukraine,UKR,2004,47979502.0,310.626,6.474,3.38,1.1,36.424,135.323,128.409,135.323,128.409,owid,owid,owid,0.45084222870773866,0.12135023121310251,0.4278075400791588,False,False,False
Ukraine,UKR,2005,47585558.0,313.513,6.588,2.887,0.929,36.209,135.906,130.345,135.906,130.345,owid,owid,owid,0.4493354493156119,0.11971500363684454,0.4309495470475434,False,False,False
Ukraine,UKR,2006,47278691.0,333.054,7.044,19.542,6.233,40.458,154.04,126.73,154.04,126.73,owid,owid,owid,0.47953478526155874,0.1259479248384325,0.3945172899000087,False,False,False
Ukraine,UKR,2007,47062802.0,336.829,7.157,3.775,1.133,43.07,161.469,119.453,161.469,119.453,owid,owid,owid,0.49837341662757106,0.1329353811205215,0.3686912022519075,False,False,False
Ukraine,UKR,2008,46819168.0,325.983,6.963,-10.845,-3.22,43.841,154.64,114.802,154.64,114.802,owid,owid,owid,0.4936112077578419,0.1399405649205351,0.36644822732162297,False,False,False
Ukraine,UKR,2009,46623731.0,277.593,5.954,-48.39,-14.844,42.642,136.611,89.978,136.611,89.978,owid,owid,owid,0.5074118507898422,0.15838443567048371,0.3342037135396741,False,False,False
Ukraine,UKR,2010,46455997.0,294.366,6.336,16.772,6.042,39.788,145.421,100.442,145.421,100.442,owid,owid,owid,0.5090862626071675,0.13928885248082448,0.351624884912008,False,False,False
Ukraine,UKR,2011,46307854.0,308.376,6.659,14.011,4.76,39.729,153.853,104.231,153.853,104.231,owid,owid,owid,0.5166094159757969,0.13340250425602643,0.3499880797681767,False,False,False
Ukraine,UKR,2012,46210051.0,304.43,6.588,-3.947,-1.28,38.431,158.981,97.275,158.981,97.275,owid,owid,owid,0.5394910532191782,0.13041294661793698,0.3300960001628847,False,False,False
Ukraine,UKR,2013,46126760.0,297.54,6.45,-6.89,-2.263,37.337,160.185,90.538,160.185,90.538,owid,owid,owid,0.5560820662362008,0.12961535791154621,0.31430257585225296,False,False,False
Ukraine,UKR,2014,45972379.0,257.703,5.606,-39.837,-13.389,35.33,138.373,75.249,138.373,75.249,owid,owid,owid,0.555822005848517,0.1419149072913654,0.30226308686011766,False,False,False
Ukraine,UKR,2015,45784904.0,223.85,4.889,-33.853,-13.137,30.481,119.393,65.549,119.393,65.549,owid,owid,owid,0.5542258718892598,0.1414937123705454,0.3042804157401949,False,False,False
Ukraine,UKR,2016,45616831.0,234.106,5.132,10.256,4.582,34.119,126.828,64.212,126.828,64.212,owid,owid,owid,0.5632819474238205,0.1515329167388379,0.2851851358373416,False,False,False
Ukraine,UKR,2017,45436037.0,223.288,4.914,-10.818,-4.621,35.336,112.586,66.828,112.586,66.828,owid,owid,owid,0.5242654249126891,0.16454481955762515,0.3111897555296857,False,False,False
Ukraine,UKR,2018,45208903.0,231.9,5.13,8.612,3.857,35.209,120.544,67.185,120.544,67.185,owid,owid,owid,0.5407063847347693,0.15793180166683116,0.3013618135983996,False,False,False
Ukraine,UKR,2019,44957451.0,222.188,4.942,-9.712,-4.188,38.477,114.046,60.633,114.046,60.633,owid,owid,owid,0.5350353731539342,0.1805109872581583,0.2844536395879074,False,False,False
Ukraine,UKR,2020,44680008.0,207.101,4.635,-15.087,-6.79,34.911,102.155,60.882,102.155,60.882,owid,owid,owid,0.5160698769373775,0.17636449976761573,0.30756562329500675,False,False,False
Ukraine,UKR,2021,44298642.0,210.636,4.755,3.535,1.707,37.067,103.68,60.415,103.68,60.415,owid,owid,owid,0.5154054940793987,0.1842644236983128,0.30033008222228846,False,False,False
United Arab Emirates,ARE,1992,2114738.0,58.005,27.429,1.11,1.95,20.575,0.0,34.004,0.0,34.004,gcb,owid,owid,0.0,0.37697649279026735,0.6230235072097328,False,True,False
United Arab Emirates,ARE,1993,2222098.0,65.832,29.626,7.827,13.493,27.489,0.0,35.597,0.0,35.597,gcb,owid,owid,0.0,0.43573851567701233,0.5642614843229877,False,True,False
United Arab Emirates,ARE,1994,2328191.0,75.35,32.364,9.518,14.458,28.563,0.0,41.266,0.0,41.266,gcb,owid,owid,0.0,0.40904208853055324,0.5909579114694469,False,True,False
United Arab Emirates,ARE,1995,2434667.0,72.874,29.932,-2.477,-3.287,22.066,0.0,44.875,0.0,44.875,gcb,owid,owid,0.0,0.3296335579092036,0.6703664420907963,False,True,False
United Arab Emirates,ARE,1996,2597570.0,75.836,29.195,2.962,4.065,15.392,0.0,54.238,0.0,54.238,gcb,owid,owid,0.0,0.22105414332902484,0.7789458566709752,False,True,False
United Arab Emirates,ARE,1997,2817410.0,73.298,26.016,-2.539,-3.347,14.942,0.0,53.157,0.0,53.157,gcb,owid,owid,0.0,0.21941585045301698,0.7805841495469832,False,True,False
United Arab Emirates,ARE,1998,3040432.0,80.625,26.517,7.327,9.996,19.119,0.0,55.905,0.0,55.905,gcb,owid,owid,0.0,0.25483845169545744,0.7451615483045425,False,True,False
United Arab Emirates,ARE,1999,3266011.0,77.844,23.835,-2.78,-3.449,15.309,0.0,56.982,0.0,56.982,gcb,owid,owid,0.0,0.21176909988795287,0.7882309001120472,False,True,False
United Arab Emirates,ARE,2000,3493583.0,112.277,32.138,34.433,44.233,46.617,0.0,60.331,0.0,60.331,gcb,owid,owid,0.0,0.4358847290271907,0.5641152709728092,False,True,False
United Arab Emirates,ARE,2001,3723596.0,101.896,27.365,-10.381,-9.246,34.955,0.07,61.929,0.07,61.929,owid,owid,owid,0.0007219918724343503,0.36053179858489587,0.6387462095426697,False,True,False
United Arab Emirates,ARE,2002,3956829.0,85.213,21.536,-16.683,-16.372,10.31,0.359,69.525,0.359,69.525,owid,owid,owid,0.0044766441379654335,0.12856323415716886,0.8669601217048657,False,True,False
United Arab Emirates,ARE,2003,4192465.0,107.106,25.547,21.893,25.692,28.904,0.421,72.211,0.421,72.211,owid,owid,owid,0.00414631263788213,0.284667507091081,0.7111861802710369,False,True,False
United Arab Emirates,ARE,2004,4428964.0,112.469,25.394,5.363,5.007,29.278,0.476,77.073,0.476,77.073,owid,owid,owid,0.004455802372059498,0.2740692895990714,0.721474908028869,False,True,False
United Arab Emirates,ARE,2005,4664797.0,115.273,24.711,2.805,2.494,30.43,0.55,78.226,0.55,78.226,owid,owid,owid,0.005036353313920481,0.2786476933501822,0.7163159533358973,False,True,False
United Arab Emirates,ARE,2006,5009106.0,122.723,24.5,7.45,6.463,31.694,1.066,82.561,1.066,82.561,owid,owid,owid,0.009243763061367835,0.2748328578489607,0.7159233790896715,False,True,False
United Arab Emirates,ARE,2007,5624640.0,134.103,23.842,11.38,9.273,33.797,0.513,91.296,0.513,91.296,owid,owid,owid,0.004084199799372642,0.26907154116841553,0.726844259032212,False,True,False
United Arab Emirates,ARE,2008,6302669.0,155.03,24.598,20.927,15.605,35.07,1.374,107.807,1.374,107.807,owid,owid,owid,0.009525063951029802,0.24311789866274758,0.7473570373862226,False,True,False
United Arab Emirates,ARE,2009,6707063.0,169.088,25.21,14.058,9.068,45.082,1.041,113.47,1.041,113.47,owid,owid,owid,0.006522842480559924,0.28248106119942606,0.710996096320014,False,True,False
United Arab Emirates,ARE,2010,6938372.0,185.848,26.786,16.76,9.912,57.387,2.477,116.869,2.477,116.869,owid,owid,owid,0.014015492296288751,0.32471015599803094,0.6612743517056803,False,True,False
United Arab Emirates,ARE,2011,7199436.0,198.518,27.574,12.67,6.817,58.348,1.678,130.169,1.678,130.169,owid,owid,owid,0.008822524251426168,0.3067798838034649,0.6843975919451091,False,True,False
United Arab Emirates,ARE,2012,7497122.0,208.324,27.787,9.805,4.939,62.535,5.251,132.61,5.251,132.61,owid,owid,owid,0.026203117826703128,0.3120571268887602,0.6617397552845367,False,True,False
United Arab Emirates,ARE,2013,7831851.0,214.188,27.348,5.864,2.815,62.408,6.72,136.408,6.72,136.408,owid,owid,owid,0.032695002335357305,0.3036353728787171,0.6636696247859255,False,True,False
United Arab Emirates,ARE,2014,8236880.0,214.53,26.045,0.342,0.16,60.256,7.485,133.339,7.485,133.339,owid,owid,owid,0.03722399045156157,0.29966182613885023,0.6631141834095883,False,True,False
United Arab Emirates,ARE,2015,8674633.0,225.045,25.943,10.514,4.901,74.301,6.507,134.155,6.507,134.155,owid,owid,owid,0.03027032559091564,0.3456455296958081,0.6240841447132762,False,True,False
United Arab Emirates,ARE,2016,9030873.0,227.898,25.235,2.853,1.268,77.715,6.976,134.914,6.976,134.914,owid,owid,owid,0.03176612554358963,0.3538853851232896,0.6143484893331208,False,True,False
United Arab Emirates,ARE,2017,9234330.0,196.493,21.279,-31.405,-13.78,59.602,8.068,119.959,8.068,119.959,owid,owid,owid,0.042999749505673424,0.31765878408987946,0.639341466404447,False,True,False
United Arab Emirates,ARE,2018,9346870.0,204.105,21.837,7.612,3.874,70.029,7.277,117.576,7.277,117.576,owid,owid,owid,0.03734054453464147,0.35934052400940053,0.6033189314559579,False,True,False
United Arab Emirates,ARE,2019,9377855.0,204.058,21.76,-0.047,-0.023,58.165,6.734,130.964,6.734,130.964,owid,owid,owid,0.03438117459652921,0.296967778498236,0.6686510469052348,False,True,False
United Arab Emirates,ARE,2020,9448529.0,215.266,22.783,11.208,5.493,67.015,8.086,132.351,8.086,132.351,owid,owid,owid,0.03897769122495806,0.32303858241906563,0.6379837263559763,False,True,False
United Arab Emirates,ARE,2021,9789055.0,212.173,21.675,-3.093,-1.437,69.805,10.054,124.621,10.054,124.621,owid,owid,owid,0.04916862284820031,0.34137812989045385,0.6094532472613458,False,True,False
United Kingdom,GBR,1992,57719273.0,593.846,10.289,-15.567,-2.554,218.447,237.747,122.296,237.747,122.296,owid,owid,owid,0.41097858217082406,0.377615861985514,0.21140555584366197,False,False,False
United Kingdom,GBR,1993,57861037.0,579.613,10.017,-14.233,-2.397,219.163,207.686,137.591,207.686,137.591,owid,owid,owid,0.367950535043583,0.3882839628658493,0.24376550209056763,False,False,False
United Kingdom,GBR,1994,58003200.0,574.017,9.896,-5.596,-0.965,215.736,195.376,145.455,195.376,145.455,owid,owid,owid,0.3510377007619927,0.3876191006653287,0.2613431985726786,False,False,False
United Kingdom,GBR,1995,58154632.0,566.159,9.735,-7.858,-1.369,211.595,181.699,154.254,181.699,154.254,owid,owid,owid,0.33184122670523863,0.38644100608531123,0.28171776720945013,False,False,False
United Kingdom,GBR,1996,58298563.0,586.761,10.065,20.602,3.639,216.892,173.072,177.543,173.072,177.543,owid,owid,owid,0.30496892549343,0.382183832093701,0.3128472424128689,False,False,False
United Kingdom,GBR,1997,58447091.0,562.708,9.628,-24.053,-4.099,207.743,154.729,182.887,154.729,182.887,owid,owid,owid,0.2837195315379411,0.3809288927110399,0.3353515757510191,False,False,False
United Kingdom,GBR,1998,58626822.0,568.544,9.698,5.836,1.037,204.934,154.088,191.361,154.088,191.361,owid,owid,owid,0.2799650425249326,0.3723479831317464,0.3476869743433209,False,False,False
United Kingdom,GBR,1999,58838663.0,561.65,9.546,-6.894,-1.213,201.663,138.313,205.231,138.313,205.231,owid,owid,owid,0.2536889658423314,0.36988336540066435,0.37642766875700423,False,False,False
United Kingdom,GBR,2000,59057333.0,569.034,9.635,7.384,1.315,198.238,144.443,210.131,144.443,210.131,owid,owid,owid,0.2612877433919669,0.358599306816784,0.3801129497912491,False,False,False
United Kingdom,GBR,2001,59288095.0,577.971,9.749,8.937,1.571,198.651,153.534,210.16,153.534,210.16,owid,owid,owid,0.2730245667695098,0.35325467462145127,0.3737207586090389,False,False,False
United Kingdom,GBR,2002,59540764.0,560.273,9.41,-17.697,-3.062,196.13,141.691,207.03,141.691,207.03,owid,owid,owid,0.2600545837302308,0.35996997344228054,0.37997544282748863,False,False,False
United Kingdom,GBR,2003,59820385.0,571.619,9.556,11.346,2.025,194.397,153.103,208.462,153.103,208.462,owid,owid,owid,0.2753839291174577,0.349658789629507,0.3749572812530353,False,False,False
United Kingdom,GBR,2004,60169964.0,573.43,9.53,1.811,0.317,197.952,147.662,211.734,147.662,211.734,owid,owid,owid,0.26493680788304613,0.35516768697474466,0.37989550514220916,False,False,False
United Kingdom,GBR,2005,60596107.0,570.338,9.412,-3.091,-0.539,200.448,148.033,205.438,148.033,205.438,owid,owid,owid,0.26724665519687896,0.3618724037268987,0.3708809410762223,False,False,False
United Kingdom,GBR,2006,61051093.0,567.846,9.301,-2.493,-0.437,197.183,160.844,194.126,160.844,194.126,owid,owid,owid,0.29130331629095557,0.35711659630573406,0.3515800874033103,False,False,False
United Kingdom,GBR,2007,61535859.0,559.566,9.093,-8.279,-1.458,196.16,150.844,196.52,150.844,196.52,owid,owid,owid,0.27752960310860236,0.36090402631714513,0.3615663705742525,False,False,False
United Kingdom,GBR,2008,62027303.0,544.932,8.785,-14.634,-2.615,188.8,139.219,202.655,139.219,202.655,owid,owid,owid,0.26234373645590325,0.35577397799779154,0.38188228554630527,False,False,False
United Kingdom,GBR,2009,62506222.0,494.108,7.905,-50.825,-9.327,180.264,113.823,188.07,113.823,188.07,owid,owid,owid,0.23607040860134768,0.3738699220378425,0.3900596693608099,False,False,False
United Kingdom,GBR,2010,63006482.0,511.905,8.125,17.797,3.602,179.848,118.03,201.927,118.03,201.927,owid,owid,owid,0.23615209931873427,0.3598363361711067,0.4040115645101589,False,False,False
United Kingdom,GBR,2011,63509285.0,469.713,7.396,-42.191,-8.242,172.06,117.15,168.236,117.15,168.236,owid,owid,owid,0.2560958014716491,0.3761318275818348,0.36777237094651605,False,False,False
United Kingdom,GBR,2012,63960488.0,487.477,7.622,17.763,3.782,170.288,148.005,158.24,148.005,158.24,owid,owid,owid,0.3105870947027803,0.3573477597564072,0.3320651455408125,False,False,False
United Kingdom,GBR,2013,64389386.0,477.611,7.418,-9.866,-2.024,165.756,142.457,157.622,142.457,157.622,owid,owid,owid,0.30580999710197815,0.35582556055255615,0.3383644423454657,False,False,False
United Kingdom,GBR,2014,64865914.0,438.807,6.765,-38.804,-8.125,166.511,115.434,144.492,115.434,144.492,owid,owid,owid,0.27069414708385997,0.39047033911222523,0.33883551380391475,False,False,False
United Kingdom,GBR,2015,65382107.0,422.461,6.461,-16.346,-3.725,170.773,91.548,147.899,91.548,147.899,owid,owid,owid,0.22316805616498464,0.4162961337818731,0.36053581005314217,False,False,False
United Kingdom,GBR,2016,65893359.0,399.43,6.062,-23.031,-5.452,173.93,47.825,165.742,47.825,165.742,owid,owid,owid,0.12342031035078983,0.4488550879103581,0.4277246017388522,False,False,False
United Kingdom,GBR,2017,66354473.0,387.367,5.838,-12.063,-3.02,174.851,39.129,161.697,39.129,161.697,owid,owid,owid,0.10415596376674642,0.46542907870324773,0.4304149575300058,False,False,False
United Kingdom,GBR,2018,66752473.0,379.73,5.689,-7.637,-1.972,173.087,33.28,161.485,33.28,161.485,owid,owid,owid,0.0904711677522482,0.4705343453345367,0.4389944869132152,False,False,False
United Kingdom,GBR,2019,67110958.0,364.753,5.435,-14.976,-3.944,168.996,24.513,159.321,24.513,159.321,owid,owid,owid,0.06947538474619505,0.47897287645608366,0.4515517387977212,False,False,False
United Kingdom,GBR,2020,67351860.0,326.263,4.844,-38.49,-10.552,143.981,22.809,149.42,22.809,149.42,owid,owid,owid,0.07213244362923374,0.4553334809145821,0.4725340754561842,False,False,False
United Kingdom,GBR,2021,67668788.0,342.366,5.059,16.102,4.935,149.626,23.758,158.503,23.758,158.503,owid,owid,owid,0.07158460560371452,0.45083416946129257,0.4775812249349929,False,False,False
United States,USA,1992,259606021.0,5178.77,19.949,102.357,2.016,2130.489,1780.599,1058.593,1780.599,1058.593,owid,owid,owid,0.3582924135372069,0.4286973348993628,0.21301025156343037,False,False,False
United States,USA,1993,262633229.0,5279.52,20.102,100.751,1.945,2144.156,1847.292,1090.166,1847.292,1090.166,owid,owid,owid,0.3635246596848954,0.421943894203692,0.21453144611141264,False,False,False
United States,USA,1994,265474811.0,5361.863,20.197,82.343,1.56,2181.844,1855.938,1114.334,1855.938,1114.334,owid,owid,owid,0.36022830231306907,0.42348503022835665,0.2162866674585743,False,False,False
United States,USA,1995,268205796.0,5425.837,20.23,63.974,1.193,2174.303,1875.787,1163.186,1875.787,1163.186,owid,owid,owid,0.3598096475229779,0.4170703795463735,0.22311997293064859,False,False,False
United States,USA,1996,270860695.0,5601.094,20.679,175.257,3.23,2257.023,1951.815,1181.318,1951.815,1181.318,owid,owid,owid,0.3621073304742943,0.4187305525109107,0.21916211701479513,False,False,False
United States,USA,1997,273468014.0,5673.144,20.745,72.05,1.286,2273.815,1992.723,1186.717,1992.723,1186.717,owid,owid,owid,0.3654190020455672,0.41696473023909564,0.21761626771533696,False,False,False
United States,USA,1998,276119323.0,5736.36,20.775,63.216,1.114,2320.08,2018.609,1165.559,2018.609,1165.559,owid,owid,owid,0.3667365641955086,0.421507170461796,0.2117562653426953,False,False,False
United States,USA,1999,278785482.0,5800.281,20.806,63.921,1.114,2374.201,2013.12,1168.759,2013.12,1168.759,owid,owid,owid,0.36232739629378985,0.4273158413845733,0.21035676232163683,False,False,False
United States,USA,2000,281484126.0,6023.158,21.398,222.877,3.843,2440.405,2122.34,1227.529,2122.34,1227.529,owid,owid,owid,0.3665353314886307,0.42146623803985783,0.21199843047151132,False,False,False
United States,USA,2001,284279634.0,5903.562,20.767,-119.596,-1.986,2448.622,2054.729,1173.162,2054.729,1173.162,owid,owid,owid,0.3619702799940738,0.4313602382307589,0.20666948177516725,False,False,False
United States,USA,2002,287084335.0,5947.819,20.718,44.257,0.75,2443.823,2060.072,1212.087,2060.072,1212.087,owid,owid,owid,0.36040561359360473,0.42754210912490626,0.21205227728148898,False,False,False
United States,USA,2003,289908091.0,6006.44,20.718,58.62,0.986,2505.134,2100.323,1176.551,2100.323,1176.551,owid,owid,owid,0.36325148633485116,0.4332636689537614,0.20348484471138745,False,False,False
United States,USA,2004,292786248.0,6111.545,20.874,105.105,1.75,2571.107,2115.293,1177.528,2115.293,1177.528,owid,owid,owid,0.36072970200179816,0.43846155682675503,0.20080874117144687,False,False,False
United States,USA,2005,295716666.0,6126.903,20.719,15.358,0.251,2584.13,2139.954,1160.661,2139.954,1160.661,owid,owid,owid,0.3636443040437606,0.43912353041635616,0.19723216553988318,False,False,False
United States,USA,2006,298730208.0,6045.326,20.237,-81.577,-1.331,2550.54,2103.871,1146.714,2103.871,1146.714,owid,owid,owid,0.36266603460535674,0.43966299640156004,0.19767096899308323,False,False,False
United States,USA,2007,301844223.0,6121.542,20.28,76.216,1.261,2538.968,2130.169,1221.593,2130.169,1221.593,owid,owid,owid,0.3616137558502936,0.43101075758013013,0.2073754865695763,False,False,False
United States,USA,2008,304970325.0,5919.221,19.409,-202.321,-3.305,2370.623,2096.888,1229.733,2096.888,1229.733,owid,owid,owid,0.3680530445948953,0.41609995991044085,0.2158469954946637,False,False,False
United States,USA,2009,308023452.0,5486.104,17.811,-433.117,-7.317,2243.79,1842.392,1211.966,1842.392,1211.966,owid,owid,owid,0.34774264516582026,0.4235045906607366,0.22875276417344326,False,False,False
United States,USA,2010,311062785.0,5669.25,18.225,183.146,3.338,2258.293,1946.51,1266.778,1946.51,1266.778,owid,owid,owid,0.35574909701601787,0.4127313476671551,0.23151955531682708,False,False,False
United States,USA,2011,314105075.0,5538.973,17.634,-130.277,-2.298,2212.686,1840.243,1287.589,1840.243,1287.589,owid,owid,owid,0.3445813683241963,0.41432048351864,0.24109814815716377,False,False,False
United States,USA,2012,317115349.0,5331.467,16.812,-207.506,-3.746,2152.244,1625.427,1344.719,1625.427,1344.719,owid,owid,owid,0.3173180878457126,0.42016402499614436,0.26251788715814295,False,False,False
United States,USA,2013,320110752.0,5473.436,17.099,141.969,2.663,2178.417,1684.672,1381.183,1684.672,1381.183,owid,owid,owid,0.32124039332818743,0.41538978146061073,0.26336982521120184,False,False,False
United States,USA,2014,323115377.0,5531.385,17.119,57.949,1.059,2210.569,1682.162,1411.355,1682.162,1411.355,owid,owid,owid,0.3171445561025972,0.4167671866557217,0.2660882572416813,False,False,False
United States,USA,2015,326126496.0,5368.497,16.461,-162.889,-2.945,2235.988,1446.99,1444.047,1446.99,1444.047,owid,owid,owid,0.28222799771797485,0.43611802165973446,0.28165398062229074,False,False,False
United States,USA,2016,329179423.0,5245.362,15.935,-123.135,-2.294,2252.27,1319.993,1451.146,1319.993,1451.146,owid,owid,owid,0.26276837104046274,0.4483548920663239,0.28887673689321336,False,False,False
United States,USA,2017,332204657.0,5195.417,15.639,-49.944,-0.952,2259.157,1277.049,1424.996,1277.049,1424.996,owid,owid,owid,0.2574071767285428,0.455364849082944,0.2872279741885132,False,False,False
United States,USA,2018,335056492.0,5361.236,16.001,165.819,3.192,2305.441,1224.38,1577.716,1224.38,1577.716,owid,owid,owid,0.23972024089105964,0.45138018579209505,0.30889957331684526,False,False,False
United States,USA,2019,337790069.0,5235.912,15.5,-125.324,-2.338,2299.82,1043.896,1632.056,1043.896,1632.056,owid,owid,owid,0.20979578646288452,0.4622036540259481,0.32800055951116724,False,False,False
United States,USA,2020,339436156.0,4689.954,13.817,-545.958,-10.427,1991.579,853.925,1612.504,853.925,1612.504,owid,owid,owid,0.19154855711340132,0.44674190804502817,0.3617095348415705,False,False,False
United States,USA,2021,340161438.0,5020.111,14.758,330.157,7.04,2182.605,979.504,1617.424,979.504,1617.424,owid,owid,owid,0.20493717691665694,0.45665653945688844,0.33840628362645475,False,False,False
Uruguay,URY,1992,3139704.0,5.151,1.641,0.615,13.549,4.913,0.004,0.0,0.004,0.0,owid,gcb,owid,0.0008135041692088672,0.9991864958307912,0.0,False,False,False
Uruguay,URY,1993,3156351.0,4.447,1.409,-0.704,-13.671,4.214,0.0,0.0,0.0,0.0,owid,gcb,owid,0.0,1.0,0.0,False,False,False
Uruguay,URY,1994,3172839.0,4.041,1.274,-0.406,-9.138,3.712,0.0,0.0,0.0,0.0,owid,gcb,owid,0.0,1.0,0.0,False,False,False
Uruguay,URY,1995,3189438.0,4.565,1.431,0.525,12.982,4.287,0.0,0.0,0.0,0.0,owid,gcb,owid,0.0,1.0,0.0,False,False,False
Uruguay,URY,1996,3206329.0,5.414,1.688,0.848,18.583,5.093,0.004,0.0,0.004,0.0,owid,gcb,owid,0.0007847753580537573,0.9992152246419463,0.0,False,False,False
Uruguay,URY,1997,3223349.0,5.522,1.713,0.109,2.01,5.159,0.004,0.0,0.004,0.0,owid,gcb,owid,0.0007747433662599265,0.9992252566337402,0.0,False,False,False
Uruguay,URY,1998,3239286.0,5.651,1.745,0.129,2.328,5.243,0.004,0.004,0.004,0.004,owid,owid,owid,0.0007617596648257476,0.9984764806703487,0.0007617596648257476,False,False,False
Uruguay,URY,1999,3254020.0,6.689,2.056,1.038,18.374,6.284,0.004,0.04,0.004,0.04,owid,owid,owid,0.0006321112515802782,0.9930467762326171,0.006321112515802782,False,False,False
Uruguay,URY,2000,3266212.0,5.277,1.616,-1.412,-21.113,4.891,0.004,0.062,0.004,0.062,owid,owid,owid,0.0008069396812588259,0.9866854952592294,0.012507565059511802,False,False,False
Uruguay,URY,2001,3274257.0,5.041,1.539,-0.236,-4.481,4.518,0.004,0.059,0.004,0.059,owid,owid,owid,0.0008731717965509715,0.9862475442043223,0.012879283999126828,False,False,False
Uruguay,URY,2002,3278868.0,4.569,1.394,-0.471,-9.351,4.074,0.004,0.04,0.004,0.04,owid,owid,owid,0.0009713453132588637,0.9893152015541526,0.009713453132588637,False,False,False
Uruguay,URY,2003,3281188.0,4.537,1.383,-0.032,-0.702,3.953,0.004,0.11,0.004,0.11,owid,owid,owid,0.0009835259404966806,0.9719695106958445,0.027046963363658715,False,False,False
Uruguay,URY,2004,3283157.0,5.574,1.698,1.037,22.856,5.1,0.004,0.194,0.004,0.194,owid,owid,owid,0.0007550018875047188,0.9626274065685165,0.03661759154397887,False,False,False
Uruguay,URY,2005,3285776.0,5.737,1.746,0.163,2.924,5.276,0.004,0.183,0.004,0.183,owid,owid,owid,0.0007321984257733847,0.9657697235950944,0.033498077979132346,False,False,False
Uruguay,URY,2006,3289508.0,6.611,2.01,0.874,15.232,6.115,0.007,0.212,0.007,0.212,owid,owid,owid,0.0011051468266498265,0.9654246921376698,0.03347016103568046,False,False,False
Uruguay,URY,2007,3295155.0,5.96,1.809,-0.651,-9.851,5.481,0.011,0.194,0.011,0.194,owid,owid,owid,0.001934576151952163,0.9639465353499824,0.03411888849806542,False,False,False
Uruguay,URY,2008,3302184.0,8.218,2.489,2.258,37.885,7.768,0.007,0.172,0.007,0.172,owid,owid,owid,0.000880835535422172,0.977475777022776,0.02164338744180194,False,False,False
Uruguay,URY,2009,3310093.0,7.99,2.414,-0.227,-2.766,7.401,0.007,0.121,0.007,0.121,owid,owid,owid,0.0009297383450657458,0.9829990702616549,0.01607119139327932,False,False,False
Uruguay,URY,2010,3318581.0,6.322,1.905,-1.668,-20.881,5.804,0.007,0.15,0.007,0.15,owid,owid,owid,0.0011742996141586982,0.9736621372252978,0.02516356316054353,False,False,False
Uruguay,URY,2011,3326829.0,7.686,2.31,1.365,21.586,7.115,0.007,0.147,0.007,0.147,owid,owid,owid,0.0009629935341862705,0.9788141422479021,0.02022286421791168,False,False,False
Uruguay,URY,2012,3335406.0,8.605,2.58,0.918,11.944,8.138,0.007,0.106,0.007,0.106,owid,owid,owid,0.0008483820143012969,0.9863046903405648,0.012846927645133923,False,False,False
Uruguay,URY,2013,3345335.0,7.491,2.239,-1.114,-12.942,7.049,0.007,0.099,0.007,0.099,owid,owid,owid,0.0009783368273934311,0.9851851851851852,0.013836477987421384,False,False,False
Uruguay,URY,2014,3356343.0,6.684,1.991,-0.807,-10.775,6.262,0.0,0.092,0.0,0.092,owid,owid,owid,0.0,0.9855209316965692,0.014479068303430912,False,False,False
Uruguay,URY,2015,3368022.0,6.738,2.001,0.054,0.813,6.284,0.0,0.095,0.0,0.095,owid,owid,owid,0.0,0.9851073836024455,0.014892616397554476,False,False,False
Uruguay,URY,2016,3379279.0,6.52,1.93,-0.218,-3.232,6.119,0.0,0.106,0.0,0.106,owid,owid,owid,0.0,0.9829718875502008,0.017028112449799196,False,False,False
Uruguay,URY,2017,3388444.0,6.151,1.815,-0.369,-5.665,5.705,0.0,0.121,0.0,0.121,owid,owid,owid,0.0,0.9792310332990044,0.020768966700995536,False,False,False
Uruguay,URY,2018,3394538.0,6.57,1.936,0.419,6.818,6.134,0.0,0.114,0.0,0.114,owid,owid,owid,0.0,0.9817541613316262,0.01824583866837388,False,False,False
Uruguay,URY,2019,3397206.0,6.408,1.886,-0.162,-2.464,5.95,0.0,0.165,0.0,0.165,owid,owid,owid,0.0,0.9730171708912511,0.02698282910874898,False,False,False
Uruguay,URY,2020,3398966.0,6.477,1.906,0.068,1.066,6.024,0.0,0.125,0.0,0.125,owid,owid,owid,0.0,0.9796714912993982,0.020328508700601725,False,False,False
Uruguay,URY,2021,3396693.0,7.829,2.305,1.352,20.88,7.332,0.0,0.139,0.0,0.139,owid,owid,owid,0.0,0.9813947262749297,0.018605273725070273,False,False,False
Uzbekistan,UZB,1992,21485095.0,110.991,5.166,8.667,8.47,21.955,9.692,76.848,9.692,76.848,owid,owid,owid,0.08933130559011936,0.20235955573989584,0.7083091386699848,False,False,False
Uzbekistan,UZB,1993,21987960.0,115.619,5.258,4.628,4.17,24.311,7.387,81.55,7.387,81.55,owid,owid,owid,0.06522852500706415,0.21467045775642837,0.7201010172365075,False,False,False
Uzbekistan,UZB,1994,22463295.0,109.787,4.887,-5.832,-5.045,20.247,7.478,78.153,7.478,78.153,owid,owid,owid,0.07062845916998808,0.19122952832505333,0.7381420125049585,False,False,False
Uzbekistan,UZB,1995,22917588.0,104.804,4.573,-4.982,-4.538,18.624,4.21,78.285,4.21,78.285,owid,owid,owid,0.04163411426141477,0.18417903658066237,0.7741868491579228,False,False,False
Uzbekistan,UZB,1996,23351981.0,108.189,4.633,3.385,3.23,18.137,4.723,81.257,4.723,81.257,owid,owid,owid,0.045362428806054726,0.17419825772928532,0.78043931346466,False,False,False
Uzbekistan,UZB,1997,23758961.0,109.029,4.589,0.84,0.777,18.738,3.884,82.506,3.884,82.506,owid,owid,owid,0.03694543794231794,0.1782398599802146,0.7848147020774675,False,False,False
Uzbekistan,UZB,1998,24134930.0,120.976,5.012,11.947,10.958,18.493,4.056,94.358,4.056,94.358,owid,owid,owid,0.034694244142780155,0.15818556630484057,0.8071201895523792,False,False,False
Uzbekistan,UZB,1999,24476013.0,123.588,5.049,2.612,2.159,19.28,4.027,96.935,4.027,96.935,owid,owid,owid,0.03349079356630794,0.16034330766287985,0.8061658987708122,False,False,False
Uzbekistan,UZB,2000,24787052.0,123.478,4.982,-0.109,-0.088,19.232,4.917,95.364,4.917,95.364,owid,owid,owid,0.041141967819400396,0.1609197325813928,0.7979382995992068,False,False,False
Uzbekistan,UZB,2001,25090289.0,126.223,5.031,2.744,2.222,19.016,5.049,96.84,5.049,96.84,owid,owid,owid,0.04176005955088706,0.15728050949092262,0.8009594309581903,False,False,False
Uzbekistan,UZB,2002,25399987.0,132.577,5.22,6.354,5.034,18.727,5.042,102.056,5.042,102.056,owid,owid,owid,0.040071527915756015,0.1488336975958673,0.8110947744883767,False,False,False
Uzbekistan,UZB,2003,25711261.0,130.296,5.068,-2.281,-1.72,19.969,3.877,100.298,3.877,100.298,owid,owid,owid,0.03122986209563088,0.16085352493878077,0.8079166129655884,False,False,False
Uzbekistan,UZB,2004,26029350.0,129.099,4.96,-1.197,-0.918,18.609,4.584,99.793,4.584,99.793,owid,owid,owid,0.03727253508529426,0.15130990519246093,0.8114175597222448,False,False,False
Uzbekistan,UZB,2005,26356977.0,121.602,4.614,-7.498,-5.808,14.429,4.426,95.455,4.426,95.455,owid,owid,owid,0.03871927215466713,0.12622692677805966,0.8350538010672732,False,False,False
Uzbekistan,UZB,2006,26699046.0,124.899,4.678,3.297,2.711,14.483,4.752,97.928,4.752,97.928,owid,owid,owid,0.04055887950974284,0.123614110256651,0.8358270102336062,False,False,False
Uzbekistan,UZB,2007,27076013.0,123.823,4.573,-1.076,-0.862,13.784,5.034,98.528,5.034,98.528,owid,owid,owid,0.04289877797283247,0.11746459189064817,0.8396366301365193,False,False,False
Uzbekistan,UZB,2008,27494780.0,128.387,4.669,4.564,3.686,13.08,4.924,102.57,4.924,102.57,owid,owid,owid,0.040837991606814075,0.10848109874433957,0.8506809096488464,False,False,False
Uzbekistan,UZB,2009,27939333.0,109.23,3.91,-19.157,-14.921,11.648,5.305,86.13,5.305,86.13,owid,owid,owid,0.05146338387512975,0.11299632335108602,0.8355402927737842,False,False,False
Uzbekistan,UZB,2010,28385509.0,107.668,3.793,-1.562,-1.43,10.885,5.151,85.196,5.151,85.196,owid,owid,owid,0.050883119962067326,0.10752528844634107,0.8415915915915916,False,False,False
Uzbekistan,UZB,2011,28823194.0,116.755,4.051,9.086,8.439,9.94,5.415,95.132,5.415,95.132,owid,owid,owid,0.049010290803442935,0.08996533528831445,0.8610243739082426,False,False,False
Uzbekistan,UZB,2012,29261908.0,118.86,4.062,2.106,1.804,8.915,5.471,98.246,5.471,98.246,owid,owid,owid,0.04857411747993466,0.07915157326514667,0.8722743092549187,False,False,False
Uzbekistan,UZB,2013,29724065.0,112.395,3.781,-6.466,-5.44,10.281,8.017,88.317,8.017,88.317,owid,owid,owid,0.07519579796463913,0.09643108380621865,0.8283731182291422,False,False,False
Uzbekistan,UZB,2014,30222994.0,107.496,3.557,-4.899,-4.359,10.091,7.434,84.419,7.434,84.419,owid,owid,owid,0.07292238876245782,0.09898571764890529,0.828091893588637,False,False,False
Uzbekistan,UZB,2015,30749349.0,103.374,3.362,-4.122,-3.835,10.234,5.995,81.948,5.995,81.948,owid,owid,owid,0.06106318180429225,0.10424030068142234,0.8346965175142854,False,False,False
Uzbekistan,UZB,2016,31284565.0,109.837,3.511,6.464,6.253,10.721,7.097,86.994,7.097,86.994,owid,owid,owid,0.0677117123993436,0.10228790596496584,0.8300003816356906,False,False,False
Uzbekistan,UZB,2017,31819172.0,108.883,3.422,-0.954,-0.869,11.116,6.694,85.863,6.694,85.863,owid,owid,owid,0.06456840257347622,0.1072217452953035,0.8282098521312202,False,False,False
Uzbekistan,UZB,2018,32373489.0,102.33,3.161,-6.553,-6.018,11.688,9.666,75.676,9.666,75.676,owid,owid,owid,0.0996186746367103,0.12045759043594766,0.779923734927342,False,False,False
Uzbekistan,UZB,2019,32964700.0,107.947,3.275,5.617,5.489,11.322,8.292,83.151,8.292,83.151,owid,owid,owid,0.08068895051817254,0.11017369727047147,0.8091373522113561,False,False,False
Uzbekistan,UZB,2020,33586373.0,108.139,3.22,0.192,0.178,12.491,11.52,79.244,11.52,79.244,owid,owid,owid,0.11156844704856908,0.12097235000726357,0.7674592029441674,False,False,False
Uzbekistan,UZB,2021,34243696.0,123.162,3.597,15.023,13.892,11.128,10.241,96.429,10.241,96.429,owid,owid,owid,0.08693695988047336,0.09446679909675886,0.8185962410227678,False,False,False
Vanuatu,VUT,1992,155619.0,0.062,0.4,-0.004,-5.556,0.062,0.0,0.0,0.0,0.0,gcb,gcb,owid,0.0,1.0,0.0,False,False,False
Vanuatu,VUT,1993,159475.0,0.062,0.391,0.0,0.0,0.062,0.0,0.0,0.0,0.0,gcb,gcb,owid,0.0,1.0,0.0,False,False,False
Vanuatu,VUT,1994,163328.0,0.062,0.381,0.0,0.0,0.062,0.0,0.0,0.0,0.0,gcb,gcb,owid,0.0,1.0,0.0,False,False,False
Vanuatu,VUT,1995,167155.0,0.066,0.395,0.004,5.882,0.066,0.0,0.0,0.0,0.0,gcb,gcb,owid,0.0,1.0,0.0,False,False,False
Vanuatu,VUT,1996,170926.0,0.073,0.429,0.007,11.111,0.073,0.0,0.0,0.0,0.0,gcb,gcb,owid,0.0,1.0,0.0,False,False,False
Vanuatu,VUT,1997,174638.0,0.077,0.441,0.004,5.0,0.077,0.0,0.0,0.0,0.0,gcb,gcb,owid,0.0,1.0,0.0,False,False,False
Vanuatu,VUT,1998,178322.0,0.077,0.431,0.0,0.0,0.077,0.0,0.0,0.0,0.0,gcb,gcb,owid,0.0,1.0,0.0,False,False,False
Vanuatu,VUT,1999,182056.0,0.081,0.443,0.004,4.762,0.081,0.0,0.0,0.0,0.0,gcb,gcb,owid,0.0,1.0,0.0,False,False,False
Vanuatu,VUT,2000,186290.0,0.084,0.452,0.004,4.545,0.084,0.0,0.0,0.0,0.0,gcb,gcb,owid,0.0,1.0,0.0,False,False,False
Vanuatu,VUT,2001,191047.0,0.081,0.422,-0.004,-4.348,0.081,0.0,0.0,0.0,0.0,gcb,gcb,owid,0.0,1.0,0.0,False,False,False
Vanuatu,VUT,2002,195871.0,0.077,0.393,-0.004,-4.545,0.077,0.0,0.0,0.0,0.0,gcb,gcb,owid,0.0,1.0,0.0,False,False,False
Vanuatu,VUT,2003,200760.0,0.077,0.383,0.0,0.0,0.077,0.0,0.0,0.0,0.0,gcb,gcb,owid,0.0,1.0,0.0,False,False,False
Vanuatu,VUT,2004,205720.0,0.073,0.356,-0.004,-4.762,0.073,0.0,0.0,0.0,0.0,gcb,gcb,owid,0.0,1.0,0.0,False,False,False
Vanuatu,VUT,2005,210772.0,0.073,0.348,0.0,0.0,0.073,0.0,0.0,0.0,0.0,gcb,gcb,owid,0.0,1.0,0.0,False,False,False
Vanuatu,VUT,2006,215939.0,0.073,0.339,0.0,0.0,0.073,0.0,0.0,0.0,0.0,gcb,gcb,owid,0.0,1.0,0.0,False,False,False
Vanuatu,VUT,2007,221291.0,0.077,0.348,0.004,5.0,0.077,0.0,0.0,0.0,0.0,gcb,gcb,owid,0.0,1.0,0.0,False,False,False
Vanuatu,VUT,2008,226908.0,0.088,0.388,0.011,14.286,0.088,0.0,0.0,0.0,0.0,gcb,gcb,owid,0.0,1.0,0.0,False,False,False
Vanuatu,VUT,2009,232740.0,0.121,0.52,0.033,37.5,0.121,0.0,0.0,0.0,0.0,gcb,gcb,owid,0.0,1.0,0.0,False,False,False
Vanuatu,VUT,2010,238256.0,0.125,0.523,0.004,3.03,0.125,0.0,0.0,0.0,0.0,gcb,gcb,owid,0.0,1.0,0.0,False,False,False
Vanuatu,VUT,2011,243483.0,0.132,0.542,0.007,5.882,0.132,0.0,0.0,0.0,0.0,gcb,gcb,owid,0.0,1.0,0.0,False,False,False
Vanuatu,VUT,2012,248894.0,0.117,0.471,-0.015,-11.111,0.117,0.0,0.0,0.0,0.0,gcb,gcb,owid,0.0,1.0,0.0,False,False,False
Vanuatu,VUT,2013,254495.0,0.11,0.432,-0.007,-6.25,0.11,0.0,0.0,0.0,0.0,gcb,gcb,owid,0.0,1.0,0.0,False,False,False
Vanuatu,VUT,2014,260247.0,0.158,0.605,0.048,43.333,0.158,0.0,0.0,0.0,0.0,gcb,gcb,owid,0.0,1.0,0.0,False,False,False
Vanuatu,VUT,2015,266115.0,0.132,0.496,-0.026,-16.279,0.132,0.0,0.0,0.0,0.0,gcb,gcb,owid,0.0,1.0,0.0,False,False,False
Vanuatu,VUT,2016,272097.0,0.15,0.552,0.018,13.889,0.15,0.0,0.0,0.0,0.0,gcb,gcb,owid,0.0,1.0,0.0,False,False,False
Vanuatu,VUT,2017,278518.0,0.139,0.5,-0.011,-7.317,0.139,0.0,0.0,0.0,0.0,gcb,gcb,owid,0.0,1.0,0.0,False,False,False
Vanuatu,VUT,2018,285273.0,0.176,0.617,0.037,26.316,0.176,0.0,0.0,0.0,0.0,gcb,gcb,owid,0.0,1.0,0.0,False,False,False
Vanuatu,VUT,2019,291995.0,0.165,0.565,-0.011,-6.25,0.165,0.0,0.0,0.0,0.0,gcb,gcb,owid,0.0,1.0,0.0,False,False,False
Vanuatu,VUT,2020,298867.0,0.205,0.687,0.04,24.444,0.205,0.0,0.0,0.0,0.0,gcb,gcb,owid,0.0,1.0,0.0,False,False,False
Vanuatu,VUT,2021,305882.0,0.216,0.707,0.011,5.357,0.216,0.0,0.0,0.0,0.0,gcb,gcb,owid,0.0,1.0,0.0,False,False,False
Venezuela,VEN,1992,20780946.0,104.739,5.04,-9.482,-8.301,72.822,1.231,19.339,1.231,19.339,owid,owid,owid,0.013181000513962654,0.7797455884872366,0.20707341099880075,False,False,False
Venezuela,VEN,1993,21254525.0,123.052,5.789,18.313,17.484,68.226,1.004,39.836,1.004,39.836,owid,owid,owid,0.009205435241046705,0.6255478334219646,0.3652467313369886,False,False,False
Venezuela,VEN,1994,21725186.0,119.06,5.48,-3.991,-3.244,62.638,0.762,50.041,0.762,50.041,owid,owid,owid,0.0067171481210497085,0.5521636797983093,0.441119172080641,False,False,False
Venezuela,VEN,1995,22193822.0,124.83,5.625,5.77,4.846,59.961,0.018,57.166,0.018,57.166,owid,owid,owid,0.0001536557258098937,0.511852831960391,0.4879935123137991,False,False,False
Venezuela,VEN,1996,22662117.0,118.347,5.222,-6.484,-5.194,46.683,0.059,64.12,0.059,64.12,owid,owid,owid,0.0005321931771030651,0.42109108621529473,0.5783767206076023,False,False,False
Venezuela,VEN,1997,23131691.0,129.755,5.609,11.408,9.639,55.5,0.125,65.668,0.125,65.668,owid,owid,owid,0.0010305623572671135,0.45756968662659836,0.5413997510161345,False,False,False
Venezuela,VEN,1998,23601341.0,134.993,5.72,5.239,4.037,67.595,3.518,54.668,3.518,54.668,owid,owid,owid,0.027969248137636047,0.5374023103648404,0.43462844149752344,False,False,False
Venezuela,VEN,1999,24066595.0,143.126,5.947,8.133,6.025,85.982,0.132,47.93,0.132,47.93,owid,owid,owid,0.0009847512757005163,0.6414460923278923,0.35756915639640713,False,False,False
Venezuela,VEN,2000,24526707.0,142.902,5.826,-0.224,-0.156,82.572,0.48,50.006,0.48,50.006,owid,owid,owid,0.003607449382975845,0.6205714801064198,0.3758210705106044,False,False,False
Venezuela,VEN,2001,24979934.0,130.618,5.229,-12.285,-8.596,74.812,0.176,46.712,0.176,46.712,owid,owid,owid,0.0014461791290057517,0.6147247329498767,0.38382908792111753,False,False,False
Venezuela,VEN,2002,25435674.0,164.233,6.457,33.615,25.735,101.493,0.066,55.711,0.066,55.711,owid,owid,owid,0.00041966045653970885,0.6453424047815859,0.35423793476187454,False,False,False
Venezuela,VEN,2003,25892710.0,154.364,5.962,-9.869,-6.009,95.187,0.158,51.824,0.158,51.824,owid,owid,owid,0.0010735956621299324,0.6467870271592524,0.3521393771786178,False,False,False
Venezuela,VEN,2004,26340843.0,142.842,5.423,-11.522,-7.464,85.349,0.0,51.102,0.0,51.102,owid,owid,owid,0.0,0.6254919348337499,0.3745080651662501,False,False,False
Venezuela,VEN,2005,26785797.0,148.408,5.541,5.566,3.897,97.272,0.139,44.323,0.139,44.323,owid,owid,owid,0.0009807103447302694,0.6862996881482213,0.3127196015070484,False,False,False
Venezuela,VEN,2006,27224691.0,155.841,5.724,7.433,5.008,100.646,0.649,45.73,0.649,45.73,owid,owid,owid,0.004414215269511987,0.684550246556708,0.31103553817377994,False,False,False
Venezuela,VEN,2007,27649369.0,154.167,5.576,-1.674,-1.074,99.28,0.403,46.734,0.403,46.734,owid,owid,owid,0.0027524126296809798,0.6780633396395227,0.3191842477307963,False,False,False
Venezuela,VEN,2008,28053694.0,155.758,5.552,1.591,1.032,101.592,0.513,45.027,0.513,45.027,owid,owid,owid,0.003486665035478346,0.6904820161487644,0.3060313188157573,False,False,False
Venezuela,VEN,2009,28438296.0,152.176,5.351,-3.583,-2.3,98.875,0.861,43.727,0.861,43.727,owid,owid,owid,0.006001547437318333,0.6892020939196867,0.30479635864299504,False,False,False
Venezuela,VEN,2010,28813101.0,189.582,6.58,37.406,24.581,132.738,0.755,47.684,0.755,47.684,owid,owid,owid,0.004167195615337488,0.7326426643558509,0.2631901400288116,False,False,False
Venezuela,VEN,2011,29185220.0,168.713,5.781,-20.869,-11.008,106.388,0.777,47.877,0.777,47.877,owid,owid,owid,0.005011545258704093,0.6861882586653939,0.30880019607590203,False,False,False
Venezuela,VEN,2012,29553829.0,175.845,5.95,7.133,4.228,106.56,0.799,49.742,0.799,49.742,owid,owid,owid,0.005085900153404498,0.6782897626367751,0.3166243372098204,False,False,False
Venezuela,VEN,2013,29912195.0,198.452,6.634,22.607,12.856,128.255,0.795,48.511,0.795,48.511,owid,owid,owid,0.004477334549816684,0.7223151480336336,0.27320751741654986,False,False,False
Venezuela,VEN,2014,30254080.0,175.992,5.817,-22.461,-11.318,106.716,0.747,46.647,0.747,46.647,owid,owid,owid,0.004847187074167802,0.6924664200895465,0.3026863928362858,False,False,False
Venezuela,VEN,2015,30573968.0,166.328,5.44,-9.663,-5.491,98.382,0.7,46.434,0.7,46.434,owid,owid,owid,0.004810467577448527,0.676090601720773,0.3190989307017784,False,False,False
Venezuela,VEN,2016,30765719.0,152.733,4.964,-13.595,-8.174,83.664,0.583,48.757,0.583,48.757,owid,owid,owid,0.00438332681723858,0.6290337132717814,0.3665829599109801,False,False,False
Venezuela,VEN,2017,30565331.0,139.093,4.551,-13.64,-8.931,75.467,0.491,47.826,0.491,47.826,owid,owid,owid,0.003966586957926711,0.6096668390098883,0.3863665740321851,False,False,False
Venezuela,VEN,2018,29807591.0,111.24,3.732,-27.854,-20.025,52.749,0.392,41.705,0.392,41.705,owid,owid,owid,0.004133015625329481,0.5561541867870021,0.4397127975876684,False,False,False
Venezuela,VEN,2019,28938096.0,105.43,3.643,-5.809,-5.222,52.135,0.286,34.475,0.286,34.475,owid,owid,owid,0.003291290738353894,0.5999700791751058,0.39673863008654026,False,False,False
Venezuela,VEN,2020,28444080.0,80.901,2.844,-24.529,-23.266,38.285,0.198,25.714,0.198,25.714,owid,owid,owid,0.0030842562736576474,0.5963674314999142,0.400548312226428,False,False,False
Venezuela,VEN,2021,28237830.0,94.902,3.361,14.001,17.307,40.37,0.202,37.941,0.202,37.941,owid,owid,owid,0.0025728223351546876,0.5141823647039343,0.48324481296091093,False,False,False
Vietnam,VNM,1992,68260336.0,21.466,0.314,0.091,0.425,8.717,10.981,0.0,10.981,0.0,owid,owid,owid,0.5574677632246928,0.4425322367753072,0.0,False,False,False
Vietnam,VNM,1993,69586394.0,22.853,0.328,1.387,6.459,12.11,8.896,0.0,8.896,0.0,owid,owid,owid,0.42349804817671144,0.5765019518232886,0.0,False,False,False
Vietnam,VNM,1994,70854393.0,27.362,0.386,4.509,19.731,13.201,10.911,0.0,10.911,0.0,owid,owid,owid,0.45251327140013264,0.5474867285998672,0.0,False,False,False
Vietnam,VNM,1995,72049945.0,30.088,0.418,2.726,9.964,13.185,12.551,0.425,12.551,0.425,owid,owid,owid,0.4797599480142196,0.5039944956232559,0.016245556362524366,False,False,False
Vietnam,VNM,1996,73156456.0,35.482,0.485,5.393,17.924,15.982,14.748,0.627,14.748,0.627,owid,owid,owid,0.4703256051280416,0.5096788595847818,0.01999553528717671,False,False,False
Vietnam,VNM,1997,74226890.0,45.502,0.613,10.021,28.242,18.398,21.528,1.14,21.528,1.14,owid,owid,owid,0.5242292894365168,0.448010519651293,0.02776019091219013,False,False,False
Vietnam,VNM,1998,75299665.0,47.866,0.636,2.364,5.196,19.044,21.682,1.898,21.682,1.898,owid,owid,owid,0.5086805555555555,0.4467905405405405,0.0445289039039039,False,False,False
Vietnam,VNM,1999,76287454.0,48.548,0.636,0.682,1.425,20.236,20.031,2.158,20.031,2.158,owid,owid,owid,0.4721508544490277,0.4769829110194461,0.05086623453152622,False,False,False
Vietnam,VNM,2000,77154016.0,53.935,0.699,5.387,11.096,23.193,20.716,3.063,20.716,3.063,owid,owid,owid,0.4410286979477135,0.49376224133526353,0.0652090607170229,False,False,False
Vietnam,VNM,2001,77969357.0,60.983,0.782,7.048,13.067,25.562,24.953,2.565,24.953,2.565,owid,owid,owid,0.4701017332328561,0.48157498116051245,0.0483232856066315,False,False,False
Vietnam,VNM,2002,78772227.0,69.531,0.883,8.548,14.016,28.638,27.491,4.1,27.491,4.1,owid,owid,owid,0.45644124923209745,0.4754852313669495,0.06807351940095302,False,False,False
Vietnam,VNM,2003,79563778.0,77.261,0.971,7.73,11.118,29.499,31.976,5.207,31.976,5.207,owid,owid,owid,0.47952970816712165,0.4423832518520741,0.07808703998080442,False,False,False
Vietnam,VNM,2004,80338977.0,88.939,1.107,11.678,15.115,33.891,34.792,8.76,34.792,8.76,owid,owid,owid,0.44925945534134787,0.4376250920031507,0.11311545265550146,False,False,False
Vietnam,VNM,2005,81088309.0,95.842,1.182,6.903,7.761,33.855,39.458,9.394,39.458,9.394,owid,owid,owid,0.47708174640598744,0.40933657368783777,0.11358167990617482,False,False,False
Vietnam,VNM,2006,82167901.0,99.656,1.213,3.814,3.979,32.415,42.744,11.212,42.744,11.212,owid,owid,owid,0.4948883305739195,0.3752995797200449,0.12981208970603558,False,False,False
Vietnam,VNM,2007,83633374.0,101.433,1.213,1.777,1.783,37.358,36.464,12.48,36.464,12.48,owid,owid,owid,0.42251628003985997,0.4328752520219693,0.14460846793817062,False,False,False
Vietnam,VNM,2008,85175789.0,114.3,1.342,12.867,12.685,40.42,43.641,13.901,43.641,13.901,owid,owid,owid,0.4454890671893183,0.4126089708254221,0.1419019619852596,False,False,False
Vietnam,VNM,2009,86460023.0,124.493,1.44,10.194,8.919,43.341,45.489,15.374,45.489,15.374,owid,owid,owid,0.43653794480058344,0.4159245326474992,0.1475375225519174,False,False,False
Vietnam,VNM,2010,87455148.0,139.564,1.596,15.07,12.105,49.303,47.463,18.049,47.463,18.049,owid,owid,owid,0.41338675260201196,0.4294125332055916,0.15720071419239645,False,False,False
Vietnam,VNM,2011,88468315.0,152.564,1.725,13.0,9.315,47.178,59.551,16.279,59.551,16.279,owid,owid,owid,0.48412298387096775,0.3835360301768991,0.1323409859521332,False,False,False
Vietnam,VNM,2012,89510355.0,144.288,1.612,-8.276,-5.425,44.21,52.315,17.957,52.315,17.957,owid,owid,owid,0.45697140161772154,0.38617424573295367,0.1568543526493248,False,False,False
Vietnam,VNM,2013,90573103.0,151.459,1.672,7.172,4.971,43.909,56.561,18.719,56.561,18.719,owid,owid,owid,0.4745488258144628,0.36839809042780797,0.15705308375772933,False,False,False
Vietnam,VNM,2014,91679582.0,180.048,1.964,28.588,18.875,47.698,78.149,19.599,78.149,19.599,owid,owid,owid,0.5373059417240763,0.3279430166522283,0.1347510416236954,False,False,False
Vietnam,VNM,2015,92823254.0,213.391,2.299,33.344,18.519,58.913,97.898,20.463,97.898,20.463,owid,owid,owid,0.5522411633967756,0.33232735764974,0.11543147895348446,False,False,False
Vietnam,VNM,2016,94000115.0,221.027,2.351,7.636,3.578,55.367,106.905,20.368,106.905,20.368,owid,owid,owid,0.5853318002628122,0.30314826982041176,0.11151992991677617,False,False,False
Vietnam,VNM,2017,95176978.0,227.694,2.392,6.667,3.017,57.048,108.302,17.876,108.302,17.876,owid,owid,owid,0.5910842347701745,0.3113531922325434,0.09756257299728203,False,False,False
Vietnam,VNM,2018,96237319.0,255.468,2.655,27.774,12.198,63.63,122.273,18.555,122.273,18.555,owid,owid,owid,0.5980348042140684,0.31121306087313777,0.09075213491279382,False,False,False
Vietnam,VNM,2019,97173778.0,339.312,3.492,83.844,32.82,70.807,191.609,18.906,191.609,18.906,owid,owid,owid,0.6811020823113727,0.2516937886123375,0.0672041290762898,False,False,False
Vietnam,VNM,2020,98079196.0,362.599,3.697,23.287,6.863,68.385,215.96,16.931,215.96,16.931,owid,owid,owid,0.7168178016171218,0.22698455900901499,0.05619763937386317,False,False,False
Vietnam,VNM,2021,98935101.0,314.197,3.176,-48.402,-13.349,64.083,172.613,14.436,172.613,14.436,owid,owid,owid,0.687339725721931,0.2551765605339025,0.057483713744166415,False,False,False
Wallis and Futuna,WLF,1992,13799.0,0.018,1.328,0.0,0.0,0.018,0.0,0.0,0.0,0.0,gcb,gcb,owid,0.0,1.0,0.0,True,False,False
Wallis and Futuna,WLF,1993,13949.0,0.022,1.576,0.004,20.0,0.022,0.0,0.0,0.0,0.0,gcb,gcb,owid,0.0,1.0,0.0,True,False,False
Wallis and Futuna,WLF,1994,14084.0,0.022,1.561,0.0,0.0,0.022,0.0,0.0,0.0,0.0,gcb,gcb,owid,0.0,1.0,0.0,True,False,False
Wallis and Futuna,WLF,1995,14222.0,0.022,1.546,0.0,0.0,0.022,0.0,0.0,0.0,0.0,gcb,gcb,owid,0.0,1.0,0.0,True,False,False
Wallis and Futuna,WLF,1996,14340.0,0.022,1.533,0.0,0.0,0.022,0.0,0.0,0.0,0.0,gcb,gcb,owid,0.0,1.0,0.0,True,False,False
Wallis and Futuna,WLF,1997,14438.0,0.022,1.523,0.0,0.0,0.022,0.0,0.0,0.0,0.0,gcb,gcb,owid,0.0,1.0,0.0,True,False,False
Wallis and Futuna,WLF,1998,14553.0,0.022,1.511,0.0,0.0,0.022,0.0,0.0,0.0,0.0,gcb,gcb,owid,0.0,1.0,0.0,True,False,False
Wallis and Futuna,WLF,1999,14675.0,0.022,1.498,0.0,0.0,0.022,0.0,0.0,0.0,0.0,gcb,gcb,owid,0.0,1.0,0.0,True,False,False
Wallis and Futuna,WLF,2000,14804.0,0.022,1.485,0.0,0.0,0.022,0.0,0.0,0.0,0.0,gcb,gcb,owid,0.0,1.0,0.0,True,False,False
Wallis and Futuna,WLF,2001,14931.0,0.026,1.718,0.004,16.667,0.026,0.0,0.0,0.0,0.0,gcb,gcb,owid,0.0,1.0,0.0,True,False,False
Wallis and Futuna,WLF,2002,15048.0,0.026,1.704,0.0,0.0,0.026,0.0,0.0,0.0,0.0,gcb,gcb,owid,0.0,1.0,0.0,True,False,False
Wallis and Futuna,WLF,2003,15071.0,0.026,1.702,0.0,0.0,0.026,0.0,0.0,0.0,0.0,gcb,gcb,owid,0.0,1.0,0.0,True,False,False
Wallis and Futuna,WLF,2004,14916.0,0.026,1.719,0.0,0.0,0.026,0.0,0.0,0.0,0.0,gcb,gcb,owid,0.0,1.0,0.0,True,False,False
Wallis and Futuna,WLF,2005,14635.0,0.026,1.753,0.0,0.0,0.026,0.0,0.0,0.0,0.0,gcb,gcb,owid,0.0,1.0,0.0,True,False,False
Wallis and Futuna,WLF,2006,14333.0,0.026,1.789,0.0,0.0,0.026,0.0,0.0,0.0,0.0,gcb,gcb,owid,0.0,1.0,0.0,True,False,False
Wallis and Futuna,WLF,2007,14020.0,0.026,1.829,0.0,0.0,0.026,0.0,0.0,0.0,0.0,gcb,gcb,owid,0.0,1.0,0.0,True,False,False
Wallis and Futuna,WLF,2008,13706.0,0.026,1.871,0.0,0.0,0.026,0.0,0.0,0.0,0.0,gcb,gcb,owid,0.0,1.0,0.0,True,False,False
Wallis and Futuna,WLF,2009,13436.0,0.026,1.909,0.0,0.0,0.026,0.0,0.0,0.0,0.0,gcb,gcb,owid,0.0,1.0,0.0,True,False,False
Wallis and Futuna,WLF,2010,13189.0,0.026,1.945,0.0,0.0,0.026,0.0,0.0,0.0,0.0,gcb,gcb,owid,0.0,1.0,0.0,True,False,False
Wallis and Futuna,WLF,2011,12942.0,0.026,1.982,0.0,0.0,0.026,0.0,0.0,0.0,0.0,gcb,gcb,owid,0.0,1.0,0.0,True,False,False
Wallis and Futuna,WLF,2012,12709.0,0.026,2.018,0.0,0.0,0.026,0.0,0.0,0.0,0.0,gcb,gcb,owid,0.0,1.0,0.0,True,False,False
Wallis and Futuna,WLF,2013,12500.0,0.026,2.052,0.0,0.0,0.026,0.0,0.0,0.0,0.0,gcb,gcb,owid,0.0,1.0,0.0,True,False,False
Wallis and Futuna,WLF,2014,12328.0,0.026,2.08,0.0,0.0,0.026,0.0,0.0,0.0,0.0,gcb,gcb,owid,0.0,1.0,0.0,True,False,False
Wallis and Futuna,WLF,2015,12185.0,0.026,2.105,0.0,0.0,0.026,0.0,0.0,0.0,0.0,gcb,gcb,owid,0.0,1.0,0.0,True,False,False
Wallis and Futuna,WLF,2016,12057.0,0.026,2.127,0.0,0.0,0.026,0.0,0.0,0.0,0.0,gcb,gcb,owid,0.0,1.0,0.0,True,False,False
Wallis and Futuna,WLF,2017,11945.0,0.026,2.147,0.0,0.0,0.026,0.0,0.0,0.0,0.0,gcb,gcb,owid,0.0,1.0,0.0,True,False,False
Wallis and Futuna,WLF,2018,11827.0,0.026,2.169,0.0,0.0,0.026,0.0,0.0,0.0,0.0,gcb,gcb,owid,0.0,1.0,0.0,True,False,False
Wallis and Futuna,WLF,2019,11711.0,0.026,2.19,0.0,0.0,0.026,0.0,0.0,0.0,0.0,gcb,gcb,owid,0.0,1.0,0.0,True,False,False
Wallis and Futuna,WLF,2020,11640.0,0.029,2.518,0.004,14.286,0.029,0.0,0.0,0.0,0.0,gcb,gcb,owid,0.0,1.0,0.0,True,False,False
Wallis and Futuna,WLF,2021,11590.0,0.029,2.529,0.0,0.0,0.029,0.0,0.0,0.0,0.0,gcb,gcb,owid,0.0,1.0,0.0,True,False,False
Yemen,YEM,1992,14989497.0,9.926,0.662,0.744,8.105,9.545,0.0,0.0,0.0,0.0,gcb,gcb,owid,0.0,1.0,0.0,False,False,False
Yemen,YEM,1993,15563919.0,8.679,0.558,-1.247,-12.565,8.299,0.0,0.0,0.0,0.0,gcb,gcb,owid,0.0,1.0,0.0,False,False,False
Yemen,YEM,1994,16149147.0,9.964,0.617,1.286,14.815,8.658,0.0,0.0,0.0,0.0,gcb,gcb,owid,0.0,1.0,0.0,False,False,False
Yemen,YEM,1995,16740057.0,11.138,0.665,1.173,11.776,9.915,0.0,0.0,0.0,0.0,gcb,gcb,owid,0.0,1.0,0.0,False,False,False
Yemen,YEM,1996,17313181.0,11.375,0.657,0.237,2.131,10.116,0.0,0.0,0.0,0.0,gcb,gcb,owid,0.0,1.0,0.0,False,False,False
Yemen,YEM,1997,17873943.0,12.26,0.686,0.885,7.781,10.827,0.0,0.0,0.0,0.0,gcb,gcb,owid,0.0,1.0,0.0,False,False,False
Yemen,YEM,1998,18446015.0,12.931,0.701,0.671,5.47,11.593,0.0,0.0,0.0,0.0,gcb,gcb,owid,0.0,1.0,0.0,False,False,False
Yemen,YEM,1999,19029421.0,14.796,0.778,1.865,14.425,13.157,0.0,0.0,0.0,0.0,gcb,gcb,owid,0.0,1.0,0.0,False,False,False
Yemen,YEM,2000,19624139.0,15.832,0.807,1.035,6.998,13.953,0.0,0.0,0.0,0.0,gcb,gcb,owid,0.0,1.0,0.0,False,False,False
Yemen,YEM,2001,20226146.0,17.194,0.85,1.362,8.606,15.451,0.0,0.0,0.0,0.0,gcb,gcb,owid,0.0,1.0,0.0,False,False,False
Yemen,YEM,2002,20835092.0,16.707,0.802,-0.487,-2.832,14.975,0.0,0.0,0.0,0.0,gcb,gcb,owid,0.0,1.0,0.0,False,False,False
Yemen,YEM,2003,21456379.0,18.609,0.867,1.902,11.384,16.521,0.0,0.0,0.0,0.0,gcb,gcb,owid,0.0,1.0,0.0,False,False,False
Yemen,YEM,2004,22095161.0,20.109,0.91,1.5,8.058,18.096,0.0,0.0,0.0,0.0,gcb,gcb,owid,0.0,1.0,0.0,False,False,False
Yemen,YEM,2005,22790082.0,21.797,0.956,1.688,8.395,19.254,0.0,0.0,0.0,0.0,gcb,gcb,owid,0.0,1.0,0.0,False,False,False
Yemen,YEM,2006,23543090.0,23.906,1.015,2.109,9.676,20.566,0.0,0.0,0.0,0.0,gcb,gcb,owid,0.0,1.0,0.0,False,False,False
Yemen,YEM,2007,24318090.0,23.676,0.974,-0.23,-0.961,20.093,0.0,0.0,0.0,0.0,gcb,gcb,owid,0.0,1.0,0.0,False,False,False
Yemen,YEM,2008,25111941.0,24.537,0.977,0.861,3.635,21.141,0.128,0.0,0.128,0.0,owid,gcb,owid,0.006018148479007006,0.9939818515209929,0.0,False,False,False
Yemen,YEM,2009,25927723.0,26.897,1.037,2.359,9.616,22.515,0.238,0.736,0.238,0.736,owid,owid,owid,0.01013240240112393,0.9585337817701903,0.03133381582868577,False,False,False
Yemen,YEM,2010,26754383.0,25.818,0.965,-1.079,-4.011,20.086,0.451,1.946,0.451,1.946,owid,owid,owid,0.02005960058711026,0.8933861139527642,0.08655428546012542,False,False,False
Yemen,YEM,2011,27582902.0,22.625,0.82,-3.192,-12.366,17.437,0.407,1.301,0.407,1.301,owid,owid,owid,0.021258814311830763,0.9107861060329069,0.06795507965526247,False,False,False
Yemen,YEM,2012,28433655.0,20.467,0.72,-2.158,-9.536,15.318,0.414,1.517,0.414,1.517,owid,owid,owid,0.024001391385007828,0.8880514812452897,0.08794712736970259,False,False,False
Yemen,YEM,2013,29312955.0,27.281,0.931,6.814,33.29,21.321,0.436,2.012,0.436,2.012,owid,owid,owid,0.018343220160713533,0.8970087088224158,0.0846480710168707,False,False,False
Yemen,YEM,2014,30226311.0,26.592,0.88,-0.689,-2.525,20.753,0.436,1.854,0.436,1.854,owid,owid,owid,0.018921147420040793,0.9006205789176757,0.08045827366228356,False,False,False
Yemen,YEM,2015,31159378.0,14.123,0.453,-12.469,-46.891,9.64,0.315,1.894,0.315,1.894,owid,owid,owid,0.026584521900582327,0.8135707654654402,0.15984471263397754,False,False,False
Yemen,YEM,2016,32109023.0,10.044,0.313,-4.079,-28.883,7.573,0.286,0.986,0.286,0.986,owid,owid,owid,0.03233465234595816,0.8561899378179763,0.11147540983606556,False,False,False
Yemen,YEM,2017,33090923.0,9.214,0.278,-0.83,-8.262,7.362,0.271,0.04,0.271,0.04,owid,owid,owid,0.03531864981102568,0.9594682653460185,0.0052130848429558195,False,False,False
Yemen,YEM,2018,34085181.0,11.504,0.338,2.29,24.854,9.504,0.271,0.04,0.271,0.04,owid,owid,owid,0.027610799796230264,0.9683138053998981,0.004075394803871625,False,False,False
Yemen,YEM,2019,35111416.0,11.788,0.336,0.284,2.468,9.359,0.278,0.04,0.278,0.04,owid,owid,owid,0.028727911542833526,0.9671385760049602,0.004133512452206263,False,False,False
Yemen,YEM,2020,36134867.0,10.757,0.298,-1.031,-8.744,8.138,0.253,0.04,0.253,0.04,owid,owid,owid,0.030008302692444554,0.9652473016249556,0.004744395682599929,False,False,False
Yemen,YEM,2021,37140234.0,10.608,0.286,-0.149,-1.386,7.82,0.253,0.04,0.253,0.04,owid,owid,owid,0.031184518673733515,0.9638851226426723,0.004930358683594232,False,False,False
Zambia,ZMB,1992,8176677.0,2.425,0.297,0.043,1.8,1.411,0.872,0.0,0.872,0.0,owid,gcb,owid,0.38195356986421375,0.6180464301357863,0.0,False,False,False
Zambia,ZMB,1993,8373920.0,2.466,0.294,0.041,1.704,1.44,0.883,0.0,0.883,0.0,owid,gcb,owid,0.38011192423590184,0.6198880757640981,0.0,False,False,False
Zambia,ZMB,1994,8576270.0,2.393,0.279,-0.073,-2.95,1.44,0.839,0.0,0.839,0.0,owid,gcb,owid,0.3681439227731461,0.6318560772268539,0.0,False,False,False
Zambia,ZMB,1995,8785768.0,2.142,0.244,-0.251,-10.486,1.685,0.33,0.0,0.33,0.0,owid,gcb,owid,0.16377171215880892,0.8362282878411911,0.0,False,False,False
Zambia,ZMB,1996,9004059.0,1.838,0.204,-0.304,-14.205,1.275,0.421,0.0,0.421,0.0,owid,gcb,owid,0.2482311320754717,0.7517688679245282,0.0,False,False,False
Zambia,ZMB,1997,9237064.0,2.354,0.255,0.516,28.08,1.714,0.484,0.0,0.484,0.0,owid,gcb,owid,0.22020018198362148,0.7797998180163785,0.0,False,False,False
Zambia,ZMB,1998,9482414.0,2.278,0.24,-0.076,-3.213,1.674,0.462,0.0,0.462,0.0,owid,gcb,owid,0.21629213483146068,0.7837078651685393,0.0,False,False,False
Zambia,ZMB,1999,9740013.0,1.778,0.183,-0.501,-21.982,1.378,0.278,0.0,0.278,0.0,owid,gcb,owid,0.16787439613526572,0.8321256038647343,0.0,False,False,False
Zambia,ZMB,2000,10017633.0,1.784,0.178,0.007,0.366,1.341,0.289,0.0,0.289,0.0,owid,gcb,owid,0.17730061349693252,0.8226993865030675,0.0,False,False,False
Zambia,ZMB,2001,10325186.0,1.886,0.183,0.101,5.689,1.499,0.3,0.0,0.3,0.0,owid,gcb,owid,0.16675931072818231,0.8332406892718177,0.0,False,False,False
Zambia,ZMB,2002,10647955.0,1.961,0.184,0.075,3.993,1.565,0.304,0.0,0.304,0.0,owid,gcb,owid,0.16265382557517388,0.8373461744248261,0.0,False,False,False
Zambia,ZMB,2003,10983604.0,2.074,0.189,0.114,5.789,1.612,0.322,0.0,0.322,0.0,owid,gcb,owid,0.16649431230610134,0.8335056876938987,0.0,False,False,False
Zambia,ZMB,2004,11338201.0,2.104,0.186,0.03,1.433,1.71,0.239,0.0,0.239,0.0,owid,gcb,owid,0.12262698819907646,0.8773730118009236,0.0,False,False,False
Zambia,ZMB,2005,11718819.0,2.243,0.191,0.138,6.578,1.755,0.315,0.0,0.315,0.0,owid,gcb,owid,0.15217391304347827,0.8478260869565217,0.0,False,False,False
Zambia,ZMB,2006,12129560.0,2.231,0.184,-0.011,-0.509,1.883,0.132,0.0,0.132,0.0,owid,gcb,owid,0.06550868486352357,0.9344913151364763,0.0,False,False,False
Zambia,ZMB,2007,12565093.0,2.298,0.183,0.066,2.978,1.795,0.293,0.0,0.293,0.0,owid,gcb,owid,0.14032567049808428,0.8596743295019157,0.0,False,False,False
Zambia,ZMB,2008,13021327.0,2.553,0.196,0.255,11.119,2.023,0.315,0.0,0.315,0.0,owid,gcb,owid,0.1347305389221557,0.8652694610778443,0.0,False,False,False
Zambia,ZMB,2009,13490395.0,2.94,0.218,0.387,15.153,2.197,0.404,0.0,0.404,0.0,owid,gcb,owid,0.15532487504805845,0.8446751249519416,0.0,False,False,False
Zambia,ZMB,2010,13965592.0,3.121,0.223,0.181,6.155,2.302,0.384,0.0,0.384,0.0,owid,gcb,owid,0.14296351451973194,0.8570364854802681,0.0,False,False,False
Zambia,ZMB,2011,14437796.0,3.379,0.234,0.258,8.277,2.649,0.271,0.0,0.271,0.0,owid,gcb,owid,0.0928082191780822,0.9071917808219179,0.0,False,False,False
Zambia,ZMB,2012,14913631.0,4.177,0.28,0.798,23.606,3.206,0.359,0.0,0.359,0.0,owid,gcb,owid,0.10070126227208975,0.8992987377279102,0.0,False,False,False
Zambia,ZMB,2013,15399000.0,4.427,0.287,0.25,5.979,3.256,0.466,0.0,0.466,0.0,owid,gcb,owid,0.12520150456743687,0.874798495432563,0.0,False,False,False
Zambia,ZMB,2014,15895320.0,5.283,0.332,0.857,19.354,3.657,0.89,0.0,0.89,0.0,owid,gcb,owid,0.1957334506267869,0.8042665493732132,0.0,False,False,False
Zambia,ZMB,2015,16399092.0,5.522,0.337,0.239,4.528,3.875,0.95,0.0,0.95,0.0,owid,gcb,owid,0.19689119170984454,0.8031088082901554,0.0,False,False,False
Zambia,ZMB,2016,16914428.0,5.978,0.353,0.455,8.246,4.236,0.967,0.0,0.967,0.0,owid,gcb,owid,0.18585431481837403,0.814145685181626,0.0,False,False,False
Zambia,ZMB,2017,17441328.0,7.459,0.428,1.481,24.775,4.089,2.514,0.0,2.514,0.0,owid,gcb,owid,0.38073602907769194,0.6192639709223081,0.0,False,False,False
Zambia,ZMB,2018,17973574.0,8.658,0.482,1.199,16.074,3.609,3.983,0.0,3.983,0.0,owid,gcb,owid,0.5246311907270811,0.4753688092729188,0.0,False,False,False
Zambia,ZMB,2019,18513839.0,8.846,0.478,0.189,2.178,4.443,3.443,0.0,3.443,0.0,owid,gcb,owid,0.43659650012680706,0.563403499873193,0.0,False,False,False
Zambia,ZMB,2020,19059394.0,9.991,0.524,1.144,12.935,4.483,4.424,0.0,4.424,0.0,owid,gcb,owid,0.4966879982036601,0.50331200179634,0.0,False,False,False
Zambia,ZMB,2021,19603610.0,9.35,0.477,-0.641,-6.413,4.78,3.511,0.0,3.511,0.0,owid,gcb,owid,0.4234712338680497,0.5765287661319504,0.0,False,False,False
Zimbabwe,ZWE,1992,10702697.0,16.702,1.561,1.212,7.823,2.818,13.516,0.0,13.516,0.0,owid,gcb,owid,0.8274764295334884,0.17252357046651157,0.0,False,False,False
Zimbabwe,ZWE,1993,10860285.0,16.032,1.476,-0.67,-4.014,3.067,12.557,0.0,12.557,0.0,owid,gcb,owid,0.8036994367639528,0.1963005632360471,0.0,False,False,False
Zimbabwe,ZWE,1994,10873146.0,17.383,1.599,1.351,8.425,3.393,13.553,0.0,13.553,0.0,owid,gcb,owid,0.7997757582910421,0.20022424170895783,0.0,False,False,False
Zimbabwe,ZWE,1995,10974607.0,15.017,1.368,-2.365,-13.607,4.012,10.611,0.0,10.611,0.0,owid,gcb,owid,0.7256376940436299,0.27436230595637007,0.0,False,False,False
Zimbabwe,ZWE,1996,11158364.0,14.894,1.335,-0.123,-0.82,3.99,10.497,0.0,10.497,0.0,owid,gcb,owid,0.7245806585214329,0.275419341478567,0.0,False,False,False
Zimbabwe,ZWE,1997,11369833.0,13.901,1.223,-0.993,-6.669,3.961,9.493,0.0,9.493,0.0,owid,gcb,owid,0.7055894157871265,0.29441058421287347,0.0,False,False,False
Zimbabwe,ZWE,1998,11594299.0,14.127,1.218,0.226,1.629,3.95,9.732,0.0,9.732,0.0,owid,gcb,owid,0.7112995176143839,0.2887004823856162,0.0,False,False,False
Zimbabwe,ZWE,1999,11783454.0,15.724,1.334,1.597,11.302,4.719,10.6,0.0,10.6,0.0,owid,gcb,owid,0.6919511717475031,0.30804882825249696,0.0,False,False,False
Zimbabwe,ZWE,2000,11892055.0,13.815,1.162,-1.91,-12.144,3.287,10.124,0.0,10.124,0.0,owid,gcb,owid,0.7549026918201476,0.24509730817985234,0.0,False,False,False
Zimbabwe,ZWE,2001,11971904.0,12.509,1.045,-1.306,-9.452,2.648,9.538,0.0,9.538,0.0,owid,gcb,owid,0.782701460692598,0.21729853930740195,0.0,False,False,False
Zimbabwe,ZWE,2002,12087661.0,11.896,0.984,-0.613,-4.9,2.532,9.123,0.0,9.123,0.0,owid,gcb,owid,0.7827541827541827,0.21724581724581726,0.0,False,False,False
Zimbabwe,ZWE,2003,12232324.0,10.61,0.867,-1.286,-10.813,2.267,8.183,0.0,8.183,0.0,owid,gcb,owid,0.7830622009569378,0.2169377990430622,0.0,False,False,False
Zimbabwe,ZWE,2004,12365901.0,9.429,0.762,-1.181,-11.131,1.813,7.417,0.0,7.417,0.0,owid,gcb,owid,0.8035752979414951,0.19642470205850487,0.0,False,False,False
Zimbabwe,ZWE,2005,12483433.0,10.698,0.857,1.27,13.468,1.986,8.475,0.0,8.475,0.0,owid,gcb,owid,0.8101519931172927,0.1898480068827072,0.0,False,False,False
Zimbabwe,ZWE,2006,12636442.0,10.365,0.82,-0.333,-3.113,1.905,8.185,0.0,8.185,0.0,owid,gcb,owid,0.8111992071357781,0.188800792864222,0.0,False,False,False
Zimbabwe,ZWE,2007,12804062.0,9.835,0.768,-0.53,-5.116,1.872,7.808,0.0,7.808,0.0,owid,gcb,owid,0.8066115702479338,0.19338842975206613,0.0,False,False,False
Zimbabwe,ZWE,2008,12959154.0,7.72,0.596,-2.115,-21.505,1.611,5.955,0.0,5.955,0.0,owid,gcb,owid,0.7870737509912767,0.21292624900872323,0.0,False,False,False
Zimbabwe,ZWE,2009,13142791.0,8.25,0.628,0.53,6.861,1.641,6.339,0.0,6.339,0.0,owid,gcb,owid,0.7943609022556392,0.2056390977443609,0.0,False,False,False
Zimbabwe,ZWE,2010,13356551.0,8.754,0.655,0.504,6.112,1.938,6.507,0.0,6.507,0.0,owid,gcb,owid,0.7705150976909413,0.2294849023090586,0.0,False,False,False
Zimbabwe,ZWE,2011,13595421.0,10.363,0.762,1.609,18.382,3.261,6.72,0.0,6.72,0.0,owid,gcb,owid,0.6732792305380222,0.32672076946197776,0.0,False,False,False
Zimbabwe,ZWE,2012,13817887.0,11.257,0.815,0.894,8.629,3.693,6.998,0.0,6.998,0.0,owid,gcb,owid,0.6545692638668038,0.34543073613319614,0.0,False,False,False
Zimbabwe,ZWE,2013,14013811.0,11.671,0.833,0.414,3.677,4.104,7.104,0.0,7.104,0.0,owid,gcb,owid,0.6338329764453962,0.36616702355460384,0.0,False,False,False
Zimbabwe,ZWE,2014,14207367.0,11.946,0.841,0.275,2.354,3.718,7.732,0.0,7.732,0.0,owid,gcb,owid,0.6752838427947598,0.3247161572052402,0.0,False,False,False
Zimbabwe,ZWE,2015,14399008.0,12.017,0.835,0.071,0.591,3.756,7.676,0.0,7.676,0.0,owid,gcb,owid,0.6714485654303709,0.3285514345696291,0.0,False,False,False
Zimbabwe,ZWE,2016,14600297.0,10.588,0.725,-1.429,-11.888,3.405,6.722,0.0,6.722,0.0,owid,gcb,owid,0.6637701194825714,0.33622988051742864,0.0,False,False,False
Zimbabwe,ZWE,2017,14812484.0,9.831,0.664,-0.758,-7.156,3.359,6.003,0.0,6.003,0.0,owid,gcb,owid,0.641209143345439,0.358790856654561,0.0,False,False,False
Zimbabwe,ZWE,2018,15034457.0,11.209,0.746,1.379,14.024,4.162,6.489,0.0,6.489,0.0,owid,gcb,owid,0.6092385691484368,0.39076143085156323,0.0,False,False,False
Zimbabwe,ZWE,2019,15271377.0,10.267,0.672,-0.942,-8.408,3.784,6.01,0.0,6.01,0.0,owid,gcb,owid,0.6136410046967531,0.38635899530324685,0.0,False,False,False
Zimbabwe,ZWE,2020,15526887.0,8.491,0.547,-1.776,-17.298,3.063,4.932,0.0,4.932,0.0,owid,gcb,owid,0.6168855534709193,0.38311444652908067,0.0,False,False,False
Zimbabwe,ZWE,2021,15797220.0,10.223,0.647,1.732,20.398,3.745,5.936,0.0,5.936,0.0,owid,gcb,owid,0.6131597975415762,0.3868402024584237,0.0,False,False,False
